plz;name;admin1;lat;lon
01053;Commerzbank AG;SN;51.0562;13.7323
01054;Sächsische Landesbibliothek - Staats- und Universitätsbibliothek Dresden;SN;51.0287;13.7369
01055;Dresdner Druck-u.Verlagshaus GmbH &Co.KG Unternehmensbereich Zeitungen;SN;51.0569;13.7287
01056;Finanzamt Dresden - Nord;SN;51.0355;13.7404
01057;HUK-Coburg;SN;51.0456;13.7387
01058;AOK Sachsen - Die Gesundheitskasse;SN;51.0466;13.7268
01059;Deutsche Telekom AG, GSUS;SN;51.0826;13.7258
01060;Mitteldeutscher Rundfunk Landesfunkhaus Sachsen;SN;51.1037;13.7709
01062;Technische Universität;SN;51.0289;13.7239
01063;Deutsche Post AG HR Service Germany;SN;51.0334;13.7072
01064;ENSO Energie Sachsen Ost AG;SN;51.0387;13.7327
01065;DREWAG - Stadtwerke Dresden GmbH;SN;51.0387;13.7327
01067;Dresden;;51.0547;13.7269
01069;Dresden;;51.043;13.7373
01070;Deutsche Post AG HR Service Germany;SN;51.0334;13.7072
01095;Ministerpräsident des Freistaates Sachsen;SN;51.0573;13.7493
01097;Dresden;;51.0714;13.7399
01099;Dresden;;51.0783;13.8051
01108;Weixdorf;;51.1481;13.7983
01109;Klotzsche;;51.1105;13.7686
01127;Dresden;;51.079;13.7208
01129;Dresden;;51.0967;13.736
01139;Dresden;;51.0836;13.6981
01156;Dresden Gompitz, Roitzsch;;51.0551;13.6071
01157;Dresden;;51.0707;13.6729
01159;Dresden;;51.0452;13.6996
01169;Dresden;;51.0443;13.6738
01187;Dresden;;51.0281;13.6943
01189;Dresden;;51.05;13.75
01213;Agentur für Arbeit Dresden;SN;51.0408;13.7198
01217;Dresden;;51.05;13.75
01219;Dresden;;51.021;13.7679
01237;Dresden;;51.013;13.7988
01239;Dresden;;51.0066;13.8089
01255;R + V Versicherung Filialdirektion Dresden;SN;51.0533;13.783
01257;Dresden;;51.0114;13.8054
01259;Dresden;;51.05;13.75
01264;Finanzamt Dresden - Süd;SN;51.0355;13.7404
01277;Dresden;;51.05;13.75
01279;Dresden Tolkewitz;;51.035;13.8102
01303;ZBI GmbH;SN;51.0536;13.7608
01304;Universitätsklinikum Carl Gustav Carus der TU Dresden;SN;51.0517;13.777
01305;Ostsächsische Sparkasse Dresden;SN;51.054;13.7588
01307;Dresden;;51.05;13.75
01309;Dresden;;51.05;13.75
01324;Dresden;;51.05;13.75
01326;Dresden;;51.0538;13.8155
01328;Dresden;;51.05;13.75
01332;Amazon FC WRO2;SN;51.178;13.8417
01333;Deutsche Post AG Niederlassung BRIEF Dresden;SN;51.1802;13.8384
01445;Radebeul;;51.1065;13.6605
01454;Radeberg;;51.1111;13.912
01458;Ottendorf-Okrilla;;51.1833;13.8333
01465;Dresden Langebrück;;51.1333;13.85
01468;Moritzburg;;51.1592;13.6802
01471;Radeburg;;51.2152;13.7281
01477;Arnsdorf;;51.0942;13.9918
01558;Großenhain;;51.2895;13.5335
01561;Lampertswalde;;51.3111;13.6769
01585;Agentur für Arbeit Riesa;SN;51.3068;13.2854
01587;Riesa;;51.2991;13.2848
01589;Riesa;;51.3026;13.3097
01591;Riesa;;51.3;13.3
01594;Stauchitz;;51.2435;13.2144
01609;Wülknitz;;51.3667;13.4
01612;Diesbar-Seußlitz;;51.2733;13.4167
01616;Strehla;;51.3525;13.2266
01619;Zeithain;;51.3336;13.3381
01623;Ketzerbachtal;;51.1116;13.3109
01640;Coswig;;51.132;13.5831
01662;Meißen;;51.1649;13.4859
01665;Klipphausen;;51.0684;13.5137
01683;Heynitz;;51.0926;13.3833
01689;Niederau;;51.144;13.5707
01705;Freital;;51.0017;13.6488
01723;Wilsdruff;;51.052;13.5366
01728;Bannewitz;;50.9929;13.7171
01730;Klinik Bavaria;SN;50.9462;13.7706
01731;Kreischa;;50.9453;13.7551
01734;Rabenau;;50.9648;13.6431
01737;Tharandt;;50.9791;13.5236
01738;Dorfhain;;50.9333;13.5667
01744;Dippoldiswalde;;50.8962;13.6691
01762;Hartmannsdorf-Reichenau;;50.8167;13.575
01768;Reinhardtsgrimma;;50.8927;13.7553
01773;Altenberg;;50.7656;13.7533
01774;Pretzschendorf;;50.8739;13.525
01776;Hermsdorf/Erzgebirge;;50.75;13.6333
01778;Geising;;50.7574;13.7928
01793;Agentur für Arbeit Pirna;SN;50.9544;13.9414
01796;Struppen;;50.9333;14.0167
01809;Heidenau;;50.9722;13.8674
01814;Reinhardtsdorf-Schöna;;50.895;14.2
01816;Bad Gottleuba-Berggießhübel;;50.8583;13.95
01819;Bahretal;;50.8875;13.9
01824;Königstein/Sächsische Schweiz;;50.9167;14.0667
01825;Liebstadt;;50.8642;13.8569
01829;Stadt Wehlen;;50.9582;14.0309
01833;Stolpen;;51.049;14.0794
01844;Hohwald;;51.0444;14.225
01847;Lohmen;;50.9883;14.0027
01848;Hohnstein;;50.9799;14.1141
01855;Sebnitz;;50.9754;14.2758
01877;Rammenau;;51.1304;14.222
01896;Lichtenberg;;51.1833;13.9667
01900;Großröhrsdorf;;51.1453;14.0192
01904;Steinigtwolmsdorf;;51.0631;14.3454
01906;Burkau;;51.1758;14.1733
01909;Großharthau;;51.1069;14.0991
01917;Kamenz;;51.268;14.0937
01920;Steina;;51.2;14.05
01936;Oberlichtenau;;51.2187;13.9899
01945;Grünewald;;51.4;14
01968;Schipkau;;51.5456;13.9121
01979;Lauchhammer;;51.4881;13.7662
01983;Neu-Seeland;;51.6214;14.1309
01987;Schwarzheide;;51.4767;13.8556
01990;Ortrand;;51.375;13.7598
01993;Schipkau Schipkau;;51.5101;13.8981
01994;Schipkau;;51.5456;13.9121
01996;Hosena;;51.4547;14.0251
01998;Schipkau;;51.5456;13.9121
02619;Agentur für Arbeit Bautzen;SN;51.1551;14.4329
02620;Landratsamt Bautzen;SN;51.1757;14.4294
02621;Finanzamt Bautzen;SN;51.1823;14.4278
02625;Bautzen;;51.1825;14.4292
02627;Weißenberg;;51.1964;14.6587
02633;Doberschau-Gaußig;;51.1417;14.3573
02643;Deutsche Post AG Briefzentrum Bautzen;SN;51.1904;14.4587
02681;Kirschau;;51.0932;14.4284
02689;Sohland an der Spree;;51.0471;14.4298
02692;Großpostwitz/Oberlausitz;;51.1167;14.45
02694;Malschwitz;;51.2376;14.5216
02699;Neschwitz;;51.2706;14.329
02708;Obercunnersdorf;;51.0312;14.6724
02727;Neugersdorf;;50.9773;14.6088
02730;Ebersbach/Sachsen;;51.0167;14.5833
02733;Cunewalde;;51.1;14.5167
02736;Beiersdorf;;51.074;14.5383
02739;Eibau;;50.9827;14.6621
02742;Friedersdorf;;51.0242;14.5625
02747;Berthelsdorf;;51.0278;14.7569
02748;Bernstadt auf dem Eigen;;51.05;14.85
02763;Mittelherwigsdorf;;50.9167;14.7667
02779;Hainewalde;;50.9101;14.7039
02782;Seifhennersdorf;;50.9349;14.6019
02785;Olbersdorf;;50.873;14.7704
02788;Schlegel;;50.9778;14.8769
02791;Oderwitz;;50.9583;14.7083
02794;Leutersdorf;;50.95;14.65
02796;Jonsdorf;;50.85;14.7
02797;Oybin;;50.85;14.75
02799;Waltersdorf;;50.8703;14.6503
02826;Görlitz;;51.1503;14.9829
02827;Görlitz;;51.149;14.9534
02828;Görlitz;;51.1687;14.9693
02829;Neißeaue;;51.25;14.8528
02894;Sohland am Rotstein;;51.1164;14.7837
02899;Schönau-Berzdorf auf dem Eigen;;51.0667;14.9
02906;Mücka;;51.3167;14.7
02923;Neißeaue;;51.25;14.8528
02929;Rothenburg/Oberlausitz;;51.3635;14.9461
02943;Boxberg/Oberlausitz;;51.4;14.5667
02953;Gablenz;;51.5333;14.6667
02956;Rietschen;;51.4;14.7833
02957;Krauschwitz;;51.5215;14.7121
02959;Schleife;;51.5333;14.5333
02977;Hoyerswerda;;51.4379;14.2355
02979;Elsterheide;;51.5;14.1667
02991;Elsterheide;;51.5;14.1667
02994;Wiednitz;;51.3861;14.0268
02997;Wittichenau;;51.385;14.244
02999;Knappensee;;51.3667;14.3222
03039;Agentur für Arbeit Cottbus;BB;51.7591;14.328
03042;Cottbus;;51.7612;14.3544
03044;Cottbus;;51.7754;14.3374
03046;Cottbus;;51.756;14.3197
03048;Cottbus;;51.7403;14.3198
03050;Cottbus;;51.7324;14.3347
03051;Cottbus;;51.7667;14.3333
03052;Cottbus;;51.7667;14.3333
03053;Cottbus;;51.7667;14.3333
03054;Cottbus;;51.7667;14.3333
03055;Cottbus;;51.7667;14.3333
03058;Frauendorf;;51.7007;14.3878
03065;Deutsche Post AG Niederlassung BRIEF Cottbus;BB;51.767;14.3801
03075;Landwirtschaftskammer Nordr./Westf Abt. Tierseuchenkasse;NW;51.9873;7.6339
03096;Guhrow;;51.812;14.2294
03099;Kolkwitz;;51.75;14.25
03103;Neu-Seeland;;51.6214;14.1309
03116;Drebkau;;51.6541;14.2232
03119;Welzow;;51.5838;14.1708
03130;Wolfshain;;51.5799;14.589
03139;Terpe;;51.5667;14.3667
03149;Wiesengrund;;51.6967;14.5533
03159;Wiesengrund;;51.6967;14.5533
03172;Atterwasch;;51.9342;14.6255
03185;Grötsch;;51.7932;14.5096
03197;Jänschwalde;;51.8607;14.4981
03202;Luckow-Petershagen;;53.2435;14.2573
03205;Calau;;51.744;13.9533
03222;Klein Radden;;51.8695;13.8796
03226;Raddusch;;51.8181;14.0403
03229;Altdöbern;;51.65;14.0333
03238;Dollenchen;;51.6082;13.8595
03246;Babben;;51.7126;13.7856
03249;Pahlsdorf;;51.7193;13.6486
03253;Schönewalde;;51.679;13.6025
04022;Sächsische Aufbaubank;SN;51.0466;13.7492
04024;KEBA Gesellschaft für interne Services mbH;SN;51.3987;12.198
04056;Deutsche Post E-Post Solutions GmbH;SN;51.3514;12.4041
04063;IKK classic Hauptverwaltung;SN;51.0732;13.7602
04064;IKK classic Hauptverwaltung;SN;51.0732;13.7602
04079;Deutsche Post AG, GB Vertrieb BRIEF GWK Direkt Marketing Center;SN;51.3441;12.3944
04080;Universität Leipzig, Bereich Medizin;SN;51.3314;12.3866
04081;Universität Leipzig;SN;51.3381;12.3791
04082;KEBA Gesellschaft für interne Services mbH;SN;51.3987;12.198
04083;Deutsche Bank AG Airport Business Center Leipzig-Halle;SN;51.3364;12.3747
04084;Allianz Versicherungs-AG Zweigniederlassung Leipzig;SN;51.3342;12.3956
04086;Agentur für Arbeit Leipzig;SN;51.3748;12.3232
04087;AOK PLUS - Die Gesundheitskasse für Sachsen und Thüringen;SN;51.3413;12.3579
04088;Leipziger Verlags- und Druckereigesellschaft mbH & Co. KG;SN;51.3321;12.3746
04089;Norisbank GmbH;SN;51.3987;12.198
04091;Industrie- u. Handelskammer zu Leipzig;SN;51.3433;12.3693
04092;Stadt Leipzig Neues Rathaus;SN;51.335;12.3714
04095;Deutsche Telekom AG, T-Com, TI NL Mitte Ost;SN;51.3386;12.3848
04097;HUK-Coburg;SN;51.3407;12.3856
04103;Leipzig;;51.3405;12.3827
04105;Leipzig;;51.3489;12.3688
04107;Leipzig;;51.3667;12.3833
04109;Leipzig;;51.342;12.375
04129;Leipzig;;51.3674;12.3909
04150;Vet Med Labor GmbH Division of IDEXX Laboratories;SN;51.3782;12.3119
04151;Deutsche Rentenversicherung Mitteldeutschland;SN;51.3748;12.3232
04155;Leipzig;;51.3667;12.3833
04157;Leipzig;;51.3775;12.3599
04158;Breitenfeld;;51.4035;12.3418
04159;Leipzig;;51.3717;12.3321
04160;Fressnapf Tiernahrungs GmbH;NW;51.3402;6.6526
04177;Leipzig;;51.3425;12.323
04178;Burghausen;;51.3566;12.2643
04179;Leipzig;;51.329;12.3115
04205;Leipzig;;51.3209;12.2793
04207;Leipzig;;51.312;12.3077
04209;Leipzig;;51.3148;12.2912
04227;Mey & Edlich;SN;51.3297;12.3459
04229;Leipzig;;51.3254;12.3341
04249;Leipzig;;51.3667;12.3833
04275;Leipzig;;51.3667;12.3833
04277;Leipzig;;51.3667;12.3833
04279;Leipzig;;51.3667;12.3833
04288;Leipzig;;51.3667;12.3833
04289;Leipzig;;51.3667;12.3833
04299;Leipzig;;51.3667;12.3833
04310;DAVASO GmbH;SN;51.3301;12.4406
04311;DAVASO GmbH;SN;51.3301;12.4406
04312;DAVASO GmbH;SN;51.3301;12.4406
04315;Leipzig;;51.3667;12.3833
04316;Leipzig;;51.3667;12.3833
04317;Leipzig;;51.3329;12.4047
04318;Leipzig;;51.3332;12.4195
04319;Leipzig;;51.3667;12.3833
04328;Sellerhausen-Stünz;;51.348;12.4313
04329;Leipzig;;51.3667;12.3833
04347;Leipzig;;51.3637;12.4312
04349;Leipzig;;51.3667;12.3833
04350;BMW;SN;51.4092;12.4474
04356;Leipzig;;51.3667;12.3833
04357;Leipzig;;51.3667;12.3833
04360;Mitteldeutscher Rundfunk Zentrale Leipzig;SN;51.3156;12.3832
04365;ista Shared services GmbH;SN;51.4012;12.4038
04370;Deutsche Post AG Niederlassung BRIEF Leipzig;SN;51.4133;12.2918
04416;Markkleeberg;;51.2755;12.3691
04420;Markranstädt;;51.3015;12.2202
04425;Taucha;;51.3833;12.4833
04435;Schkeuditz;;51.3968;12.2214
04442;Zwenkau;;51.2187;12.3301
04451;Borsdorf;;51.35;12.5333
04460;Kitzen;;51.2217;12.2235
04463;Großpösna;;51.2667;12.5
04509;Zwochau;;51.4647;12.2684
04519;Rackwitz;;51.4333;12.3833
04523;Elstertrebnitz;;51.15;12.2333
04539;Groitzsch;;51.1554;12.2828
04550;Landkreis Leipzig;SN;51.1189;12.4899
04552;Borna;;51.1242;12.4964
04564;Böhlen;;51.2006;12.3862
04565;Regis-Breitingen;;51.0888;12.4384
04567;Kitzscher;;51.1644;12.5526
04571;Rötha;;51.1978;12.4145
04574;Deutzen;;51.1122;12.4254
04575;Neukieritzsch;;51.1499;12.4109
04579;Espenhain;;51.1893;12.4789
04600;Altenburg;;50.9876;12.4368
04603;Nobitz;;50.9762;12.486
04610;Wintersdorf;;51.0532;12.3545
04613;Lucka;;51.0973;12.3334
04617;Lödla;;51;12.3833
04618;Langenleuba-Niederhain;;50.9599;12.5886
04626;Altkirchen;;50.9333;12.35
04639;Gößnitz;;50.889;12.4329
04643;Geithain;;51.0553;12.6967
04651;Eulatal;;51.1;12.6333
04654;Frohburg;;51.0572;12.5575
04655;Kohren-Sahlis;;51.0188;12.6042
04657;Narsdorf;;51.0167;12.7167
04668;Grimma;;51.2337;12.7196
04680;Colditz;;51.1282;12.803
04683;Belgershain;;51.2333;12.55
04685;Nerchau;;51.2709;12.7891
04687;Trebsen/Mulde;;51.2833;12.75
04688;Mutzschen;;51.2616;12.8913
04703;Bockelwitz;;51.1994;12.9562
04720;Großweitzschen;;51.1585;13.0452
04736;Waldheim;;51.0728;13.02
04741;Roßwein;;51.0659;13.1831
04746;Hartha;;51.0986;12.9739
04749;Ostrau;;51.2;13.1667
04756;Agentur für Arbeit Oschatz;SN;51.2987;13.1193
04758;Cavertitz;;51.3833;13.1333
04769;Sornzig-Ablaß;;51.2222;13.0167
04774;Dahlen;;51.3649;12.9988
04779;Wermsdorf;;51.2833;12.95
04808;Thallwitz;;51.4333;12.6833
04821;Brandis;;51.336;12.6102
04824;Beucha;;51.3231;12.5622
04827;Machern;;51.3667;12.6333
04828;Bennewitz;;51.3607;12.7138
04838;Doberschütz;;51.4987;12.7479
04849;Kossa;;51.6171;12.682
04855;Landratsamt Nordsachsen;SN;51.559;13.0077
04860;Pflückuff;;51.51;13.0133
04862;Mockrehna;;51.5;12.8
04874;Belgern;;51.4826;13.1238
04880;Elsnig;;51.6102;12.9283
04886;Arzberg;;51.5289;13.1257
04889;Schildau;;51.4572;12.9302
04895;Falkenberg/Elster;;51.5875;13.2364
04910;Elsterwerda;;51.4604;13.52
04916;Stolzenhain;;51.8441;13.1607
04924;Bad Liebenwerda;;51.5183;13.3946
04928;Kahla;;51.4678;13.5663
04931;Mühlberg (Elbe);;51.4333;13.2167
04932;Merzdorf;;51.4;13.5333
04934;Hohenleipisch;;51.5;13.55
04936;Körba;;51.8047;13.3877
04938;Uebigau-Wahrenbrück;;51.5167;13.3333
06073;Familienkasse Sachsen-Anhalt-Thüringen;ST;51.4972;11.9667
06075;Mediengruppe Mitteldeutsche Zeitung GmbH & Co.KG;ST;51.4788;11.9878
06076;envia Mitteldeutsche Energie AG Hauptdirektion Sachsen-Anhalt;ST;51.4821;11.9832
06077;IHK Halle-Dessau;ST;51.4783;11.9796
06089;Agentur für Arbeit Sachsen-Anhalt Süd;ST;51.5078;11.9644
06090;Agentur für Arbeit Sachsen-Anhalt Süd;ST;51.5078;11.9644
06091;BKK für Heilberufe;ST;51.4853;12.0027
06092;Deutsche Rentenversicherung Mitteldeutschland;ST;51.4962;11.9825
06094;AOK Sachsen - Anhalt;ST;51.4865;11.9613
06095;Amtsgericht;ST;51.469;11.9852
06097;Universitätsklinikum Medizinische Fakultät der Martin-Luther-Universität;ST;51.5003;11.9335
06098;Uni- u. Landesbibliothek Sachsen/Anhalt;ST;51.4899;11.9696
06099;Martin-Luther-Universität Halle-Wittenberg;ST;51.4847;11.9655
06100;Stadt Halle;ST;51.4825;11.9715
06103;Finanzämter in Halle ( Saale);ST;51.4807;11.9657
06104;Druck- und Lederfarben Halle(Saale) GmbH;ST;51.436;11.9851
06105;Jobcenter Halle (Saale);ST;51.4812;11.9252
06106;Victoria-Versicherungen;ST;51.4804;11.9262
06108;Halle;;51.483;11.972
06110;Halle;;51.4701;11.9675
06112;Halle;;51.4753;11.9973
06114;Halle;;51.5034;11.9622
06116;Halle;;51.4862;12.0283
06118;Halle;;51.5175;11.971
06120;Halle;;51.5124;11.9055
06122;Halle;;51.4804;11.9215
06124;Halle;;51.4796;11.937
06126;Halle;;51.5;12
06128;Halle;;51.4507;11.9493
06130;Halle;;51.441;11.9856
06132;Halle;;51.4348;11.9815
06144;Apotheke Zur Rose Offizin;ST;51.4695;11.9908
06145;Deutsche Post AG NL Betrieb Leipzig Betrieb Halle;ST;51.5254;12.104
06146;HUK-Coburg;ST;51.4695;11.9833
06147;Zur Rose Pharma Abt. VfG;ST;51.4695;11.9908
06179;Bennstedt;;51.482;11.8262
06184;Gröbers;;51.4305;12.1162
06188;Niemberg;;51.5504;12.0909
06193;Gutenberg;;51.5471;11.9718
06198;Brachwitz;;51.5371;11.8688
06217;Beuna;;51.3167;11.95
06231;Kreypau;;51.328;12.0434
06237;Spergau;;51.2935;12.0229
06242;Krumpa;;51.2972;11.8441
06246;Bad Lauchstädt;;51.3865;11.8696
06249;Mücheln (Geiseltal);;51.3;11.8
06252;Orsay Botiquen GmbH;ST;51.3473;12.169
06254;Zöschen;;51.358;12.1165
06255;Schafstädt;;51.3813;11.773
06258;Schkopau Korbetha;;51.4;11.9667
06259;Frankleben;;51.3114;11.9293
06268;Steigra;;51.3;11.6667
06279;Farnstädt;;51.4333;11.5667
06291;Finanzamt Eisleben;ST;51.5191;11.5506
06295;Lutherstadt Eisleben;;51.5258;11.5345
06308;Klostermansfeld;;51.5833;11.5
06311;Helbra;;51.55;11.5
06313;Ahlsdorf;;51.5454;11.4666
06317;Amsdorf;;51.4646;11.7271
06318;Wansleben am See;;51.4667;11.75
06333;Wiederstedt;;51.6653;11.5272
06343;Vatterode;;51.5994;11.4322
06347;Gerbstedt;;51.6328;11.6267
06348;Großörner;;51.6153;11.4898
06359;Landkreis Anhalt-Bitterfeld;ST;51.7321;11.9776
06366;Köthen;;51.7519;11.9709
06369;Görzig;;51.6638;11.9976
06385;Aken;;51.8527;12.0446
06386;Reppichau;;51.8107;12.0793
06388;Maasdorf;;51.6816;11.9616
06400;Salzlandkreis;ST;51.7953;11.7447
06406;Bernburg;;51.7946;11.7401
06408;Baalberge;;51.7647;11.7988
06420;Rothenburg;;51.6457;11.7555
06425;Beesenlaublingen;;51.7127;11.6973
06429;Wedlitz;;51.863;11.778
06449;Aschersleben Klein Schierstedt;;51.75;11.55
06456;Mehringen;;51.7266;11.5126
06458;Heteborn;;51.8931;11.292
06463;Reinstedt;;51.7591;11.3531
06464;Frose;;51.7958;11.3791
06466;Gatersleben;;51.8221;11.2866
06467;Hoym;;51.7829;11.3124
06469;Nachterstedt;;51.8008;11.3349
06484;Ditfurt;;51.8333;11.2
06493;Ballenstedt;;51.6563;11.1621
06502;Thale;;51.7486;11.041
06507;Friedrichsbrunn;;51.6903;11.0374
06526;Sangerhausen;;51.4722;11.2953
06528;Martinsrieth;;51.4409;11.2439
06536;Berga;;51.4556;11.0071
06537;Tilleda;;51.4202;11.1407
06542;Nienstedt;;51.4416;11.3983
06543;Ulzigerode;;51.6806;11.3667
06547;Breitenstein;;51.62;10.9462
06553;Bußgeldstelle;TH;51.3665;11.2944
06556;Reinsdorf;;51.3333;11.2667
06567;Esperstedt;;51.3473;11.179
06571;Roßleben;;51.2989;11.4344
06577;Heldrungen;;51.3021;11.2182
06578;Bilzingsleben;;51.2833;11.0667
06618;Pödelist;;51.208;11.8328
06628;Abtlöbnitz;;51.0804;11.719
06632;Zeuchfeld;;51.2361;11.8285
06636;Burgscheidungen;;51.2472;11.6417
06638;Karsdorf;;51.2713;11.6577
06642;Wohlmirstedt;;51.2476;11.4615
06647;Lossa;;51.2219;11.4104
06648;Tromsdorf;;51.1163;11.4821
06667;Storkau;;51.2277;11.9242
06679;Granschütz;;51.1843;12.0515
06682;Werschen;;51.1349;12.0585
06686;Röcken;;51.2408;12.1154
06688;Wengelsdorf;;51.2811;12.0423
06712;Wittgendorf;;50.9774;12.1949
06721;Meineweh;;51.0766;11.9872
06722;Kleinhelmsdorf;;51.0352;11.9314
06724;Bröckau;;50.9636;12.2129
06725;Reuden;;51.1107;12.1948
06727;Luckenau;;51.0902;12.0817
06729;Langendorf;;51.0882;12.261
06731;Bitterfeld-Wolfen;;51.6229;12.2677
06749;Friedersdorf;;51.6481;12.3655
06766;Bobbau;;51.6875;12.2725
06773;Gröbern;;51.6886;12.4512
06774;Plodda;;51.6583;12.4474
06779;Salzfurtkapelle;;51.6944;12.1788
06780;Stumsdorf;;51.6163;12.0638
06785;Oranienbaum;;51.7986;12.4058
06786;Wörlitz;;51.8417;12.4212
06791;Möhlau;;51.7313;12.3528
06792;Sandersdorf;;51.62;12.24
06794;Sandersdorf Ramsin;;51.6167;12.2333
06796;Brehna;;51.5579;12.2128
06800;Jeßnitz;;51.6831;12.2999
06803;Greppin;;51.6468;12.3007
06804;Burgkemnitz;;51.6838;12.4009
06808;Holzweißig;;51.5982;12.3084
06809;Roitzsch;;51.5753;12.2633
06838;Agentur für Arbeit Sachsen-Anhalt Ost;ST;51.841;12.2316
06839;Agentur für Arbeit Sachsen-Anhalt Ost;ST;51.841;12.2316
06842;Dessau;;51.8231;12.2598
06844;Dessau;;51.8441;12.2475
06846;Dessau;;51.8333;12.25
06847;Dessau;;51.8221;12.1917
06849;Dessau;;51.8083;12.241
06861;Dessau-Roßlau;;51.8333;12.25
06862;Roßlau;;51.9499;12.305
06868;Stackelitz;;52.0083;12.3771
06869;Coswig;;51.8862;12.4501
06886;Lutherstadt Wittenberg;;51.8744;12.606
06888;Dietrichsdorf;;51.8593;12.7753
06889;Lutherstadt Wittenberg;;51.8744;12.606
06895;Zahna;;51.9141;12.7856
06896;Schmilkendorf;;51.9258;12.6308
06901;Dorna;;51.7831;12.711
06905;Korgau;;51.6722;12.75
06909;Priesitz;;51.7019;12.8245
06917;Jessen (Elster) Leipa;;51.8352;12.9425
06918;Listerfehrda;;51.8204;12.8531
06922;Prettin;;51.6608;12.9235
06925;Löben;;51.7654;13.077
06926;Reicho;;51.8064;13.1171
06928;Linda (Elster);;51.85;13.1167
07318;Saalfeld/Saale;;50.6516;11.3764
07330;Marktgölitz;;50.5563;11.3352
07333;Unterwellenborn;;50.65;11.4333
07334;Goßwitz;;50.6354;11.4774
07336;Könitz;;50.6498;11.4881
07338;Hohenwarte;;50.6;11.4833
07343;Wurzbach;;50.4636;11.5378
07349;Lehesten;;50.4743;11.4522
07356;Neundorf (bei Lobenstein);;50.4333;11.6
07366;Blankenberg;;50.403;11.7162
07368;Remptendorf;;50.5333;11.65
07381;Oberoppurg;;50.7;11.6833
07387;Krölpa;;50.6774;11.5385
07389;Knau;;50.6503;11.7197
07407;Großkochberg;;50.7749;11.3558
07422;Rottenbach;;50.6878;11.1667
07426;Dröbischau;;50.6298;11.073
07427;Schwarzburg;;50.643;11.1919
07429;Döschnitz;;50.6167;11.2333
07497;Deutsche Rentenversicherung Bund;TH;50.8729;12.0826
07499;Deutsche Post AG Niederlassung BRIEF Gera;TH;50.9073;12.0735
07541;Agentur für Arbeit Thüringen Ost;TH;50.8704;12.0838
07543;Stadtverwaltung Gera;TH;50.876;12.0841
07545;Gera;;50.8782;12.0824
07546;Gera;;50.8901;12.1019
07548;Gera;;50.8667;12.0833
07549;Gera;;50.8408;12.0756
07551;Gera;;50.8412;12.1072
07552;Gera;;50.8667;12.0833
07554;Kauern;;50.7167;12.0833
07557;Zedlitz;;50.8167;12.0333
07570;Steinsdorf;;50.75;12.05
07580;Braunichswalde;;50.8;12.2167
07584;Bitburger Brauerei Th. Simon GmbH;TH;50.9304;12.0145
07586;Bad Köstritz;;50.9303;12.01
07589;Münchenbernsdorf;;50.8211;11.9323
07607;Hainspitz;;50.9611;11.838
07613;Silbitz;;50.95;12
07616;Nausnitz;;50.95;11.7333
07619;Schkölen;;51.0417;11.8214
07629;Sankt Gangloff;;50.8552;11.8945
07639;Weißenborn;;50.9239;11.8795
07646;Karlsdorf;;50.8;11.8
07737;Friedrich-Schiller-Universität;TH;50.9298;11.5895
07738;Deutsches Patentamt Außenstelle Jena;TH;50.9275;11.583
07739;JENOPTIK AG;TH;50.9281;11.5807
07740;Intershop Communication AG;TH;50.9287;11.5916
07743;Jena;;50.9326;11.5868
07745;Jena;;50.8933;11.5847
07747;Jena;;50.8899;11.6086
07749;Jena;;50.943;11.6034
07751;Löberschütz;;50.9667;11.7
07768;Bibra;;50.8039;11.5471
07774;Camburg;;51.0552;11.7097
07778;Lehesten;;50.9833;11.5833
07806;Dreba;;50.6667;11.75
07819;Triptis;;50.7357;11.8702
07907;Pörmitz;;50.6167;11.8167
07919;Mühltroff;;50.5392;11.9283
07922;Tanna;;50.4946;11.8572
07924;Eßbach;;50.5833;11.6833
07926;Gefell;;50.4405;11.8593
07927;Hirschberg;;50.4054;11.8183
07929;Saalburg-Ebersdorf;;50.4917;11.7
07937;Zeulenroda;;50.6528;11.9838
07950;Göhren-Döhlen;;50.7164;12.0164
07952;Pausa;;50.5817;11.9973
07955;Auma;;50.7004;11.8996
07957;Langenwetzendorf;;50.6788;12.0941
07958;Hohenleuben;;50.7113;12.0543
07973;Greiz;;50.6578;12.1992
07980;Neugernsdorf;;50.7167;12.1333
07985;Vogtländisches Oberland;;50.5917;12.0917
07987;Mohlsdorf;;50.6697;12.2652
07989;Teichwolframsdorf;;50.7209;12.2469
08037;Agentur für Arbeit Zwickau;SN;50.7204;12.484
08048;Volkswagen Sachsen GmbH;SN;50.7939;12.4843
08056;Zwickau;;50.7114;12.4928
08058;Zwickau;;50.7439;12.4781
08060;Zwickau;;50.7188;12.4601
08062;Zwickau;;50.6915;12.4734
08064;Zwickau;;50.6752;12.4709
08066;Zwickau;;50.7319;12.5251
08080;Deutsche Post AG Niederlassung BRIEF Zwickau;SN;50.6906;12.5644
08081;Amazon FC PRG 2;SN;50.6685;12.3636
08107;Hirschfeld;;50.6333;12.4667
08112;Wilkau-Haßlau;;50.675;12.5148
08115;Lichtentanne;;50.6925;12.4259
08118;Hartenstein Hartenstein;;50.6605;12.6731
08132;Mülsen Wulm;;50.7749;12.5059
08134;Wildenfels Wiesen;;50.6437;12.5557
08141;Reinsdorf;;50.6978;12.5555
08144;Hirschfeld;;50.6333;12.4667
08147;Crinitzberg;;50.5667;12.5083
08209;Auerbach/Vogtland;;50.4924;12.4171
08223;Grünbach;;50.4499;12.3619
08228;Rodewisch;;50.5308;12.4133
08233;Treuen;;50.5425;12.3034
08236;Ellefeld;;50.4837;12.3888
08237;Steinberg;;50.5389;12.4778
08239;Bergen;;50.471;12.2745
08248;Klingenthal/Sachsen;;50.3667;12.4667
08258;Markneukirchen;;50.3114;12.3295
08261;Schöneck/Vogtland;;50.3833;12.3167
08262;Tannenbergsthal/Vogtland;;50.4333;12.4667
08265;Erlbach;;50.3167;12.3667
08267;Zwota;;50.351;12.4224
08269;Hammerbrücke;;50.435;12.415
08280;Aue;;50.5903;12.7066
08289;Schneeberg;;50.5947;12.6414
08294;Lößnitz;;50.6218;12.7315
08297;Zwönitz;;50.6303;12.81
08301;Schlema;;50.5981;12.6588
08304;Schönheide;;50.5046;12.5216
08309;Eibenstock;;50.4943;12.5998
08312;Lauter/Sachsen;;50.5667;12.7333
08315;Bernsbach;;50.5762;12.7675
08318;Hundshübel;;50.5439;12.5711
08321;Zschorlau;;50.5667;12.65
08324;Bockau;;50.5421;12.6864
08325;Carlsfeld, Erzgebirge;;50.5167;12.6
08326;Sosa;;50.4992;12.6512
08328;Stützengrün;;50.5333;12.5333
08340;Beierfeld;;50.5653;12.7905
08344;Grünhain;;50.5802;12.8069
08349;Johanngeorgenstadt;;50.4325;12.7114
08352;Pöhla;;50.5114;12.8189
08355;Rittersgrün;;50.4803;12.7934
08359;Breitenbrunn/Erzgebirge;;50.4667;12.7667
08371;Glauchau;;50.8199;12.5449
08373;Remse;;50.85;12.5667
08393;Meerane;;50.8469;12.4647
08396;Waldenburg;;50.8765;12.5992
08412;Leubnitz;;50.7231;12.3566
08427;Fraureuth;;50.7;12.35
08428;Langenbernsdorf;;50.7558;12.3267
08432;Steinpleis;;50.7142;12.3999
08439;Langenhessen;;50.7625;12.3714
08451;Crimmitschau;;50.809;12.3461
08459;Neukirchen/Pleiße;;50.8;12.3667
08468;Reichenbach/Vogtland;;50.6228;12.3034
08485;Lengenfeld;;50.5694;12.3641
08491;Netzschkau;;50.6141;12.2438
08496;Neumark;;50.6601;12.3562
08499;Mylau;;50.6186;12.2654
08520;Agentur für Arbeit Plauen;SN;50.4971;12.1225
08523;Plauen;;50.4942;12.1353
08525;Plauen;;50.5106;12.13
08527;Plauen;;50.4935;12.1272
08529;Plauen;;50.4921;12.1775
08538;Reuth;;50.4697;11.9594
08539;Mehltheuer;;50.5453;12.037
08541;Neuensalz;;50.5;12.2167
08543;Pöhl;;50.55;12.1833
08547;Jößnitz;;50.5;12.1333
08548;Syrau;;50.543;12.0793
08606;Bösenbrunn;;50.397;12.1
08626;Adorf;;50.3201;12.2599
08645;Bad Elster;;50.2819;12.2343
08648;Bad Brambach;;50.2167;12.3167
09028;Chemnitz, Sachsen;;50.8333;12.9167
09030;Chemnitz, Sachsen;;50.8333;12.9167
09091;Agentur für Arbeit Chemnitz;SN;50.8145;12.9113
09092;Familienkasse Sachsen;SN;50.8145;12.9113
09093;Deutsche Post AG Briefzentrum Chemnitz;SN;50.8126;12.8807
09094;HUK Coburg;SN;50.8344;12.9264
09095;envia Mitteldeutsche Energie AG;SN;50.8784;12.9032
09096;Deutsche Telekom AG Niederlassung Chemnitz;SN;50.8102;12.9048
09097;Finanzamt Chemnitz-Mitte;SN;50.8343;12.9234
09099;AOK - Die Gesundheitskasse;SN;50.8448;12.9179
09100;Agentur für Arbeit Chemnitz;SN;50.8145;12.9113
09103;Allianz Versicherungs-AG Filialdirektion Chemnitz;SN;50.8324;12.9197
09105;Landesdirektion Sachsen;SN;50.8166;12.9165
09106;Stadtverwaltung;SN;50.8326;12.9191
09107;Technische Universität Chemnitz;SN;50.8392;12.9273
09108;Bundesknappschaft;SN;50.8091;12.8419
09109;Landesjustizkasse Chemnitz;SN;50.8058;12.8426
09111;Chemnitz;;50.8351;12.9222
09112;Chemnitz;;50.827;12.9043
09113;Chemnitz;;50.8507;12.8951
09114;Chemnitz;;50.8574;12.8977
09116;Chemnitz;;50.8213;12.884
09117;Chemnitz;;50.8179;12.8379
09119;Chemnitz;;50.8203;12.9056
09120;Chemnitz;;50.8056;12.9067
09122;Chemnitz;;50.7945;12.8875
09123;Chemnitz;;50.7659;12.946
09125;Chemnitz;;50.7963;12.9199
09126;Chemnitz;;50.8197;12.9403
09127;Chemnitz;;50.8284;12.9586
09128;Chemnitz, Sachsen;;50.8333;12.9167
09130;Chemnitz;;50.8376;12.9345
09131;Chemnitz;;50.8333;12.9167
09212;Limbach-Oberfrohna;;50.8588;12.7616
09217;Burgstädt;;50.9133;12.806
09221;Neukirchen/Erzgebirge;;50.7835;12.87
09224;Mittelbach bei Chemnitz;;50.794;12.786
09227;Einsiedel bei Chemnitz;;50.7705;12.9745
09228;Wittgensdorf;;50.8832;12.8703
09231;KOMSA AG;SN;50.8854;12.8028
09232;Hartmannsdorf;;50.9;12.8
09235;Burkhardtsdorf;;50.7333;12.9167
09236;Claußnitz;;50.9333;12.8833
09241;Mühlau;;50.9;12.7667
09243;Niederfrohna;;50.9;12.7167
09244;Lichtenau;;50.9083;12.9917
09247;Röhrsdorf;;50.8621;12.8339
09249;Taura;;50.9167;12.85
09306;Erlau;;51.0094;12.9455
09322;Penig;;50.9334;12.7042
09326;Geringswalde;;51.0768;12.9072
09328;Lunzenau;;50.9627;12.7559
09337;Hohenstein-Ernstthal;;50.8006;12.7129
09350;Lichtenstein/Sachsen;;50.7438;12.6453
09353;Oberlungwitz;;50.7823;12.7079
09355;Gersdorf;;50.75;12.7167
09356;Sankt Egidien;;50.7862;12.624
09366;Niederdorf;;50.7262;12.7859
09376;Oelsnitz/Erzgebirge;;50.717;12.7217
09380;Thalheim / Erzgebirge;;50.7;12.85
09385;Lugau/Erzgebirge;;50.7333;12.75
09387;Jahnsdorf/Erzgebirge;;50.75;12.85
09390;Gornsdorf;;50.7;12.8833
09392;Auerbach;;50.6833;12.9167
09394;Hohndorf;;50.7404;12.6806
09395;Hormersdorf;;50.6741;12.8819
09399;Niederwürschnitz;;50.725;12.75
09405;Gornau/Erzgebirge;;50.7667;13.0167
09419;Thum;;50.6708;12.9509
09423;Gelenau/Erzgebirge;;50.7055;12.9694
09427;Ehrenfriedersdorf;;50.6493;12.9701
09429;Wolkenstein;;50.6555;13.0713
09430;Drebach;;50.6758;13.0162
09432;Großolbersdorf;;50.7;13.0833
09435;Scharfenstein;;50.7041;13.0565
09437;Börnichen/Erzgebirge;;50.75;13.1333
09439;Amtsberg;;50.75;13.0056
09450;Erzgebirgssparkasse;SN;50.5781;13.0049
09453;Finanzamt Annaberg-Buchholz;SN;50.5817;13.0021
09454;Agentur für Arbeit Annaberg-Buchholz;SN;50.5874;13.0098
09456;Mildenau;;50.5869;13.0726
09465;Sehmatal;;50.5167;12.9833
09468;Geyer;;50.6263;12.9207
09471;Bärenstein;;50.5;13.0333
09474;Crottendorf;;50.5167;12.95
09477;Jöhstadt;;50.5123;13.0946
09481;Elterlein;;50.5766;12.8684
09484;Oberwiesenthal;;50.4167;12.9833
09487;Schlettau;;50.5588;12.9527
09488;Wiesa;;50.6111;13.0138
09496;Pobershau;;50.6408;13.2178
09509;Pockau;;50.7241;13.2798
09514;Lengefeld;;50.7191;13.1929
09517;Zöblitz;;50.6591;13.2298
09518;Großrückerswalde;;50.6333;13.1167
09526;Heidersdorf;;50.6833;13.4
09544;Neuhausen/Erzgebirge;;50.675;13.4667
09548;Seiffen/Erzgebirge;;50.65;13.45
09557;Flöha;;50.8561;13.0741
09569;Gahlenz;;50.8257;13.2112
09573;Augustusburg;;50.8119;13.102
09575;Eppendorf;;50.8;13.2333
09577;Niederwiesa;;50.8667;13.0167
09579;Grünhainichen;;50.7672;13.1537
09595;Agentur für Arbeit Freiberg;SN;50.911;13.3417
09596;TU Bergakademie Freiberg;SN;50.9181;13.3412
09599;Freiberg;;50.9109;13.3388
09600;Weißenborn/Erzgebirge;;50.8667;13.4167
09603;Großschirma;;50.966;13.2859
09618;Großhartmannsdorf;;50.8;13.3333
09619;Mulda/Sachsen;;50.8;13.4167
09623;Rechenberg-Bienenmühle;;50.7378;13.535
09627;Bobritzsch;;50.9;13.4444
09629;Reinsberg;;51.0082;13.3654
09633;Halsbrücke;;50.95;13.35
09634;Siebenlehn;;51.0311;13.3081
09638;Lichtenberg/Erzgebirge;;50.8333;13.4167
09648;Kriebstein;;51.05;13.0167
09660;Agentur für Arbeit Hainichen;SN;50.9699;13.1194
09661;Striegistal;;50.9917;13.1861
09669;Frankenberg/Sachsen;;50.9259;13.0596
10026;N26 AG;BE;52.5172;13.4149
10082;Deutsche Post AG RBZ Berlin EPOS-FI;BE;52.5318;13.3838
10083;Deutsche Post AG Regionales Buchhaltungszentrum;BE;52.5318;13.3838
10086;Job-Center Berlin Mitte;BE;52.5105;13.4024
10096;Berliner Verkehrsbetriebe (BVG) Anstalt des öffentlichen Rechts;BE;52.5137;13.4227
10098;Uni Klinikum Charite Medizinische Fakultät der Humboldt-Universität;BE;52.5237;13.3799
10099;Humboldt-Universität;BE;52.5176;13.3938
10102;Staatsbibliothek zu Berlin Preußischer Kulturbesitz;BE;52.5175;13.3916
10103;TOTAL Deutschland GmbH;BE;52.5286;13.3692
10104;Germany Trade & Invest Gesellschaft für Außenwirtschaft;BE;52.5106;13.3901
10105;Bethmann Bank AG;BE;52.5171;13.3861
10106;St. Hedwigskrankenhaus;BE;52.5259;13.3984
10107;West östl. Diven;BE;52.5135;13.3853
10108;Jan Internationalo GmbH;BE;52.5287;13.3887
10109;Deutsche Verkehrsbank AG;BE;52.5079;13.392
10112;ver.di Bundesverwaltung;BE;52.509;13.4279
10115;Berlin;;52.5323;13.3846
10117;Berlin;;52.517;13.3872
10119;Berlin;;52.5305;13.4053
10150;Berliner Feuerwehr;BE;52.5169;13.4147
10169;Deutscher Mieterbund e.V.;BE;52.5176;13.4142
10173;Alex-Hausverwaltung GmbH;BE;52.5258;13.4135
10178;Berlin;;52.5213;13.4096
10179;Berlin;;52.5122;13.4164
10243;Berlin Friedrichshain;;52.5123;13.4394
10245;Berlin Friedrichshain;;52.5007;13.4647
10247;Berlin Friedrichshain;;52.5161;13.4656
10249;Berlin Friedrichshain;;52.5238;13.4428
10306;Amt für Statistik Berlin-Brandenburg;BE;52.5094;13.5255
10313;Fachhochschule für Technik und Wirtschaft Berlin;BE;52.4932;13.5259
10315;Berlin;;52.5132;13.5148
10317;Berlin;;52.4979;13.4908
10318;Berlin;;52.4835;13.5287
10319;Berlin;;52.4992;13.5188
10356;Jobcenter Geschäftsstelle Lichtenberg;BE;52.5183;13.4882
10358;Finanzamt Lichtenberg/Hohenschönhausen;BE;52.5094;13.5255
10360;Bezirksamt Lichtenberg von Berlin;BE;52.5094;13.5255
10361;Bundesverwaltungsamt Außenstelle Berlin- Lichtenberg;BE;52.5182;13.4888
10362;Finanzamt für Körperschaften II und IV;BE;52.5149;13.4887
10365;Berlin;;52.5206;13.4969
10367;Berlin;;52.5246;13.4821
10369;Berlin;;52.5295;13.4695
10400;HUSS-MEDIEN GmbH;BE;52.5295;13.4285
10405;Berlin;;52.5352;13.4257
10407;Berlin;;52.5336;13.4492
10409;Berlin;;52.5443;13.4414
10431;Finanzamt Pankow/Weißensee;BE;52.5327;13.4523
10435;Berlin;;52.5378;13.4112
10437;Berlin;;52.5449;13.4126
10439;Berlin;;52.5522;13.4121
10546;VHV Vereinigte Hannoversche Versicherung a.G.;BE;52.5334;13.28
10547;AVM;BE;52.5234;13.3446
10548;Siemens AG Unternehmensbereich KWU;BE;52.5279;13.3258
10551;Berlin;;52.5307;13.3372
10553;Berlin;;52.5305;13.3215
10555;Berlin;;52.5215;13.3355
10557;Berlin;;52.5233;13.3594
10559;Berlin;;52.5301;13.3499
10585;Berlin;;52.5152;13.3057
10587;Berlin;;52.5184;13.3195
10589;Berlin;;52.5276;13.3057
10617;R+V Versicherung;BE;52.5115;13.3216
10623;Berlin;;52.5088;13.3274
10625;Berlin;;52.5095;13.3147
10627;Berlin;;52.508;13.303
10629;Berlin;;52.5028;13.3086
10702;Roland Rechtsschutz-Versicherungs AG;BE;52.4874;13.3158
10703;NÜRNBERGER Lebensversicherung AG;BE;52.5021;13.321
10704;Deutsche Rentenversicherung Bund;BE;52.4904;13.3112
10705;ZBI GmbH;BE;52.4974;13.293
10707;Berlin;;52.4967;13.3138
10709;Berlin;;52.4939;13.3031
10711;Berlin;;52.4981;13.2905
10713;Berlin;;52.4851;13.3133
10715;Berlin;;52.4824;13.3289
10717;Berlin;;52.4908;13.3275
10719;Berlin;;52.4988;13.3257
10768;Volksfürsorge Schadenzentrum;BE;52.4998;13.3253
10772;DIN Deutsches Institut für Normung e.V.;BE;52.5055;13.3448
10773;IKK Brandenburg und Berlin;BE;52.5044;13.346
10774;Linklaters LLP Rechtsanwälte Notare Steuerberater;BE;52.5102;13.3762
10777;Berlin;;52.4975;13.3427
10779;Berlin;;52.4921;13.3395
10781;Berlin;;52.4936;13.3529
10783;Berlin;;52.4964;13.3624
10785;Berlin;;52.5073;13.3643
10787;Berlin;;52.5078;13.3439
10789;Berlin;;52.5017;13.3377
10819;Deutschlandradio Kultur;BE;52.4812;13.338
10820;Bezirksamt Tempelhof-Schöneberg;BE;52.4849;13.3446
10823;Berlin;;52.4873;13.3509
10825;Berlin;;52.4838;13.3413
10827;Berlin;;52.4838;13.3543
10829;Berlin;;52.4761;13.3607
10842;Allianz Baufinanzierung;BE;52.4341;13.536
10850;Allianz Lebensversicherungs-AG;BE;52.4341;13.536
10858;Mercedes-Benz Werk Berlin Ludwigsfelde GmbH;BB;52.3173;13.2654
10859;Agentur für Arbeit Berlin Mitte;BE;52.506;13.3924
10860;Amtsgericht Tempelhof-Kreuzberg -Familiengericht-;BE;52.4994;13.3816
10861;Amtsgericht Schöneberg;BE;52.4892;13.3482
10862;Amtsgericht Charlottenburg;BE;52.5061;13.2951
10863;Amtsgericht Köpenick;BE;52.4553;13.5796
10864;Berliner Wasserbetriebe Anstalt des Öffentlichen Rechts;BE;52.5155;13.4107
10865;FuB;BE;52.5187;13.3907
10867;Axel Springer SE;BE;52.5078;13.3975
10868;Zentrale Zulagenstelle für Altersvermögen der BfA;BE;52.4915;13.3104
10871;Stromnetz Berlin GmbH;BE;52.4962;13.4548
10872;Toll Collect GmbH Fachbereich Kontrolle;BE;52.5073;13.3749
10873;Institut für Handeslvermittlung und Vertrieb CDH e.V.;BE;52.5218;13.389
10874;B. Z. Ullstein GmbH;BE;52.5043;13.33
10875;Daimler Brand und IP Management GmbH & Co.KG;BW;48.7239;9.1699
10876;Zitty Verlag;BE;52.5045;13.3809
10877;Commerzbank AG;BE;52.5119;13.4331
10878;Daimler AG Mercedes Benz Vertriebsorganisation Deutschland;BE;52.5068;13.4381
10880;DB Mobility Logistics AG Service Center Personal, Fachcenter Fahrvergünstigung;BE;52.5334;13.3842
10881;Deutsche Post AG Niederlassung BRIEF Berlin Zentrum;BE;52.4672;13.3726
10882;TÜV Rheinland Group;BE;52.4644;13.3696
10883;Frankfurter Hypothekenbank;BE;52.5133;13.3193
10884;Sparda Bank Berlin;BE;52.5206;13.4928
10885;TeleColumbus Gruppe Logistikzentrum;BE;52.5255;13.3216
10886;Lloyds Bank GmbH;BE;52.5199;13.4039
10887;ZDF Hauptstadtstudio Berlin;BE;52.5172;13.3871
10888;Axel Springer SE;BE;52.5078;13.3975
10889;Landesbank Berlin;BE;52.5208;13.4138
10890;Deutsche Bank AG;BE;52.5118;13.3888
10891;Commerzbank AG;BE;52.5119;13.4331
10892;Berliner Volksbank eG;BE;52.5784;13.2943
10893;Weberbank Actiengesellschaft;BE;52.4834;13.293
10896;UniCredit Bank AG;BE;52.5124;13.3146
10898;Sanofi-Aventis Deutschland GmbH;HE;50.047;8.6752
10899;BASF Services Europe GmbH;BE;52.5043;13.4506
10901;Daimler AG, NL Berlin;BE;52.5149;13.3292
10902;Walter De Gruyter Verlag & Co.;BE;52.5045;13.3602
10903;DKV AG;BE;52.5068;13.379
10904;Deutsche Post AG Nachbuchung Post Service;BE;52.4955;13.484
10905;Deutsche Post AG SNL Filialen Sachgebiet Fulfilment Clearingstelle;BE;52.4672;13.3726
10907;Konrad-Adenauer-Stiftung;BE;52.5087;13.3523
10908;DKB AG - DKB Service GmbH;BB;52.4069;13.0537
10909;DKB AG - DKB Service GmbH;BB;52.4069;13.0537
10910;norisbank GmbH;NW;50.7191;7.117
10912;Feuersozietät Berlin Brandenburg Versicherung AG;BE;52.5047;13.3693
10913;Feuersozietät Berlin Brandenburg Versicherung AG;BE;52.5047;13.3693
10914;HUK-Coburg;BE;52.5018;13.336
10916;Postbank Niederlassung Berlin;BE;52.5233;13.3475
10917;Bundesdruckerei GmbH;BE;52.5084;13.403
10918;Bundesdruckerei GmbH;BE;52.5084;13.403
10919;Deutsche Kreditbank AG;BE;52.511;13.3883
10934;Berliner Wochenblatt Verlag GmbH;BE;52.5008;13.3884
10956;Agentur f. Arbeit Berlin Mitte;BE;52.506;13.3924
10958;Finanzamt Friedrichshain-Kreuzberg;BE;52.4947;13.3886
10959;Amtsgericht Tempelhof-Kreuzberg -Familiengericht-;BE;52.4994;13.3816
10961;Berlin Kreuzberg;;52.4926;13.3975
10963;Berlin Kreuzberg;;52.5003;13.3813
10965;Berlin Kreuzberg;;52.4855;13.3946
10967;Berlin Kreuzberg;;52.4905;13.4164
10969;Berlin Kreuzberg;;52.5025;13.4012
10997;Berlin Kreuzberg;;52.5009;13.4356
10999;Berlin Kreuzberg;;52.4969;13.4266
11010;Bundespräsidialamt;BE;52.5163;13.3527
11011;Berlin;;52.5179;13.3759
11013;Auswärtiges Amt;BE;52.5154;13.3985
11014;Bundesministerium des Innern und für Heimat;BE;52.5227;13.3622
11017;Bundesministerium für Arbeit und Soziales;BE;52.5124;13.3843
11052;Deutscher Industrie und Handelskammertag DIHK;BE;52.5147;13.4054
11053;AKS - Arbeitskreis Kultursponsoring;BE;52.5147;13.4054
11054;Bundesvereinigung der Deutschen Arbeitgeberverbände;BE;52.5147;13.4054
11055;Bundesministerium für Gesundheit;BE;52.5246;13.3878
11056;Vertretung des Landes Sachsen-Anhalt beim Bund Dienststelle Berlin;BE;52.5219;13.3795
11501;Zalando SE;BE;52.5055;13.4473
11503;Deutsche Post AG Finance & HR Operations Deutschland;BE;52.4955;13.484
11504;Deutsche Post AG Service Center National SG 1216 Abrechnung Pressepost;BE;52.4955;13.484
11505;Deutsche Post AG NL Paket Berlin;BE;52.4672;13.3721
11506;GEMA - Bezirksdirektion;BE;52.5044;13.346
11507;uni-assist e.V.;BE;52.4716;13.366
11508;Deutsche Post AG Sonderstempelstelle;BE;52.4672;13.3726
11509;Berliner Verlag GmbH;BE;52.5077;13.4041
11510;Universal Music Entertainment GmbH;BE;52.5068;13.4381
11511;Vattenfall GmbH;BE;52.4765;13.3639
11512;Versorgungswerk der Presse GmbH;BW;48.7709;9.1789
11513;Bundesamt für die Sicherheit der nuklearen Entsorgung;BE;52.5151;13.3348
11515;Allianz Versicherungs - AG Zweigniederlassung Berlin;BE;52.4341;13.536
11516;AMN Data Solutions GmbH;BE;52.5025;13.407
12028;Jobcenter Neukölln;BE;52.479;13.4279
12032;Senatsverwaltung für Finanzen Steuerabteilung;BE;52.5153;13.4125
12037;Finanzamt Neukölln Nord;BE;52.4739;13.4575
12038;Amtsgericht Neukölln;BE;52.482;13.4339
12039;Agentur für Arbeit Berlin Süd;BE;52.4698;13.4648
12040;Bezirksamt Neukölln;BE;52.4813;13.435
12043;Berlin;;52.4799;13.4371
12045;Berlin;;52.4855;13.4392
12047;Berlin;;52.4905;13.4285
12049;Berlin;;52.4764;13.422
12051;Berlin;;52.4669;13.4298
12053;Berlin;;52.4768;13.4325
12055;Berlin;;52.4712;13.4486
12057;Berlin;;52.4684;13.4633
12059;Berlin;;52.4809;13.4513
12095;Deutsche Postbank AG Belegarchiv Bad Hersfeld;BE;52.4007;13.3819
12096;Der Polizeipräsident in Berlin;BE;52.483;13.3869
12099;Berlin;;52.4644;13.4023
12101;Berlin;;52.4785;13.3791
12103;Berlin;;52.4641;13.3747
12105;Berlin;;52.4492;13.3714
12107;Berlin;;52.4312;13.3917
12109;Berlin;;52.4465;13.3993
12154;Finanzamt Steglitz;BE;52.4535;13.315
12157;Berlin;;52.4653;13.3462
12159;Berlin;;52.4737;13.3369
12161;Berlin;;52.4704;13.327
12163;Berlin;;52.4626;13.3185
12165;Berlin;;52.4557;13.3148
12167;Berlin;;52.4486;13.3338
12169;Berlin;;52.4548;13.3435
12200;Deutsche Post AG Filiale Berlin 45;BE;52.4316;13.3103
12203;Berlin;;52.4444;13.3096
12205;Berlin;;52.434;13.2945
12207;Berlin;;52.4199;13.3133
12209;Berlin;;52.4179;13.3291
12247;Berlin;;52.4395;13.3462
12249;Berlin;;52.4264;13.3518
12274;Adolf Neuendorf GmbH;BE;52.4178;13.3876
12277;Berlin;;52.4134;13.375
12279;Berlin;;52.4106;13.3531
12305;Berlin;;52.4033;13.4021
12307;Berlin;;52.3886;13.3907
12309;Berlin;;52.3905;13.4171
12345;Steuerberater Gerhard Baade;BE;52.4258;13.443
12347;Berlin;;52.4509;13.4281
12349;Berlin;;52.4253;13.4221
12351;Berlin;;52.4328;13.4555
12353;Berlin;;52.4227;13.4589
12355;Berlin;;52.411;13.4978
12357;Berlin;;52.4293;13.4905
12359;Berlin;;52.4473;13.4531
12435;Berlin;;52.4866;13.4672
12437;Berlin;;52.4624;13.4817
12439;Berlin;;52.4528;13.5286
12459;Berlin;;52.4656;13.528
12485;Berlin-Chemie-AG;BE;52.4336;13.5569
12487;Berlin;;52.4437;13.5052
12489;Berlin;;52.4356;13.5432
12521;Flughafen Berlin Brandenburg GmbH;BB;52.3898;13.518
12524;Berlin;;52.4128;13.5417
12526;Berlin;;52.3976;13.5642
12527;Berlin;;52.3856;13.6339
12529;Schönefeld;;52.389;13.5037
12552;DRK Kliniken Köpenick;BE;52.4454;13.5936
12555;Berlin;;52.4627;13.5791
12557;Berlin;;52.4303;13.592
12559;Berlin;;52.4149;13.6634
12587;Berlin;;52.4586;13.6362
12589;Berlin;;52.4438;13.7034
12616;Krankenhaus Kaulsdorf;BE;52.5074;13.5921
12619;Berlin;;52.5235;13.5883
12621;Berlin;;52.5027;13.5878
12623;Berlin;;52.5026;13.6165
12627;Berlin;;52.5372;13.6135
12629;Berlin;;52.5413;13.5901
12670;Deutsche Versicherungs - AG KD Berlin;BE;52.5533;13.5429
12671;Bezirksamt Marzahn von Berlin;BE;52.5275;13.54
12677;Gewerbepark;BE;52.5048;13.5632
12678;Banc Tec GmbH;HE;49.9966;8.6564
12679;Berlin;;52.5501;13.566
12681;Berlin;;52.5369;13.5367
12683;Berlin;;52.5075;13.5591
12685;Berlin;;52.5391;13.565
12687;Berlin;;52.5564;13.5645
12689;Berlin;;52.5665;13.5675
12712;Deutsche Post AG Niederlassung BRIEF Berlin Südost;BB;52.386;13.4895
13047;Bezirksamt Hohenschönhausen von Berlin;BE;52.5451;13.5
13048;imbau Berlin GmbH;BE;52.5517;13.5167
13051;Berlin;;52.5815;13.4908
13053;Berlin;;52.55;13.5046
13055;Berlin;;52.5401;13.496
13057;Berlin;;52.5711;13.5415
13059;Berlin;;52.5809;13.5217
13086;Berlin;;52.5565;13.4482
13088;Berlin;;52.5603;13.4708
13089;Berlin;;52.5707;13.441
13122;HELIOS Klinikum Buch;BE;52.6314;13.5112
13125;Berlin;;52.6329;13.4829
13127;Berlin;;52.62;13.438
13129;Berlin;;52.5921;13.4579
13156;Berlin;;52.5824;13.3997
13158;Berlin;;52.5932;13.3835
13159;Berlin;;52.623;13.3978
13187;Berlin;;52.5695;13.4084
13189;Berlin;;52.5643;13.4219
13340;Frölich & Kaufmann Verlag und Versand GmbH;BE;52.5577;13.3724
13341;Bezirksamt Mitte von Berlin;BE;52.527;13.3385
13342;Bayer Pharma AG;BE;52.5418;13.3667
13343;Zentrales Mahngericht;BE;52.5497;13.3752
13344;Beuth Hochschule für Technik Berlin;BE;52.5445;13.3533
13347;Berlin;;52.5491;13.3655
13349;Berlin;;52.558;13.3473
13351;Berlin;;52.5507;13.3328
13353;Berlin;;52.5416;13.3495
13355;Berlin;;52.5416;13.3904
13357;Berlin;;52.5502;13.3828
13359;Berlin;;52.5599;13.3851
13400;Bundesarchiv;BE;52.5857;13.3219
13403;Berlin;;52.5739;13.3224
13405;Berlin;;52.5596;13.2967
13407;Berlin;;52.5727;13.3512
13409;Berlin;;52.5679;13.3714
13435;Berlin;;52.602;13.3456
13437;Berlin;;52.5905;13.3284
13439;Berlin;;52.5976;13.3584
13465;Berlin;;52.6399;13.2896
13467;Berlin;;52.6171;13.3075
13469;Berlin;;52.6119;13.3422
13496;Deutsche Post AG NL Rentenservice Berlin;BE;52.5784;13.2943
13497;Deutsche Post AG NL Rentenservice Berlin;BE;52.5784;13.2943
13498;lekker Energie GmbH;BE;52.5319;13.3899
13499;Deutsche Telekom AG Group Supply Services;BE;52.5761;13.2953
13500;DeTeCSM Niederlassung Ost IT-Center Berlin;BE;52.5747;13.2996
13503;Berlin;;52.6122;13.2488
13505;Berlin;;52.5839;13.2404
13507;Berlin;;52.5765;13.2717
13509;Berlin;;52.5892;13.3006
13565;KBA-Berlin GmbH;BE;52.5641;13.2202
13578;Schleicher GmbH & Co. Relais-Werke KG;BE;52.5302;13.2128
13581;Berlin;;52.531;13.1794
13583;Berlin;;52.5437;13.1824
13585;Berlin;;52.5477;13.2049
13587;Berlin;;52.5767;13.1854
13589;Berlin;;52.557;13.1676
13591;Berlin;;52.5345;13.1405
13593;Berlin;;52.5148;13.1672
13595;Berlin;;52.5116;13.1962
13597;Berlin;;52.5272;13.2195
13599;Berlin;;52.5463;13.235
13619;Mail Box Direkt-Marketing Service GmbH;BE;52.5391;13.2182
13622;Siemens AG;BE;52.5355;13.2745
13623;Siemens AG;BE;52.5375;13.2622
13624;Siemens AG ASI 6;BE;52.5365;13.2655
13625;Elektron Berlin GmbH;BE;52.5455;13.3199
13627;Berlin;;52.5398;13.2991
13629;Berlin;;52.5422;13.2661
13660;Deutsche Post AG Niederlassung BRIEF Berlin Nord;BB;52.6203;13.2079
14045;Agentur für Arbeit Berlin Nord;BE;52.5162;13.2804
14046;RBB, ARD Textredaktion;BE;52.5072;13.278
14047;Deutsche Rentenversicherung Berlin;BE;52.5132;13.2822
14050;Berlin;;52.5208;13.2683
14052;Berlin;;52.5156;13.2569
14053;Berlin;;52.5159;13.2387
14055;Berlin;;52.502;13.2447
14057;Berlin;;52.5073;13.2879
14059;Berlin;;52.5205;13.2878
14089;Berlin;;52.4708;13.1516
14107;Helmholtz-Zentrum Berlin für Materialien und Energie GmbH;BE;52.4112;13.1298
14109;Berlin;;52.4197;13.144
14129;Berlin;;52.4463;13.2026
14131;Berlin;;52.517;13.4
14160;Ford Werke AG;BE;52.408;13.2739
14163;Berlin;;52.4368;13.2385
14165;Berlin;;52.4175;13.2536
14167;Berlin;;52.4212;13.2765
14169;Berlin;;52.4496;13.2573
14191;Deutsches Archäologisches Institut;BE;52.4615;13.3009
14193;Berlin;;52.4831;13.2365
14195;Berlin;;52.4589;13.2829
14197;Berlin;;52.4734;13.3118
14199;Berlin;;52.4777;13.2951
14322;AOK Nordost Die Gesundheitskasse;BB;52.4008;13.2515
14328;Cornelsen Verlag GmbH & Co.;BE;52.4742;13.3021
14329;Verti früher Direct Line Versicherung AG;BB;52.4001;13.2468
14424;Max-Planck-Institut;BB;52.4154;12.9687
14425;BASE c/o E-Plus Service GmbH & Co.KG;BB;52.3923;13.0827
14456;AOK Nordost Die Gesundheitskasse;BB;52.4008;13.2515
14457;Deutsche Post AG Direkt Marketing Center Potsdam;BE;52.5072;13.3785
14458;Ostdeutsche Sparkassenakademie;BB;52.3748;13.0137
14459;Mittelbrandenburgische Sparkasse in Potsdam;BB;52.3624;13.0948
14461;Stadtverwaltung Potsdam;BB;52.4063;13.0582
14462;Agentur für Arbeit Potsdam;BB;52.3805;13.0866
14463;LBS Landesbausparkasse NordOst AG;BB;52.3748;13.0137
14464;Zalando Lounge;BB;52.3771;13.3063
14465;Familienkasse Berlin-Brandenburg;BB;52.3882;13.0784
14467;Potsdam;;52.403;13.0626
14469;Potsdam;;52.4091;12.9899
14471;Potsdam;;52.3744;13.0102
14473;Potsdam;;52.3908;13.0645
14476;Uetz-Paaren;;52.4726;12.9376
14478;Potsdam;;52.3725;13.0914
14480;Potsdam;;52.3689;13.1273
14482;Potsdam;;52.3871;13.0993
14510;AOK für das Land Brandenburg;BB;52.4013;13.2436
14513;Teltow;;52.4031;13.2601
14532;Philippsthal;;52.3336;13.1413
14542;Werder (Havel);;52.3687;12.9188
14547;Beelitz;;52.2381;12.9714
14548;Schwielowsee;;52.3389;12.9722
14550;Groß Kreutz;;52.4028;12.7794
14552;Tremsdorf;;52.27;13.1198
14554;Seddiner See;;52.2722;13.0167
14557;Langerwisch;;52.3167;13.0667
14558;Bergholz-Rehbrücke;;52.3472;13.1053
14612;Falkensee;;52.5601;13.0927
14621;Schönwalde;;52.6192;13.1265
14624;Dallgow-Döberitz;;52.5427;13.0584
14627;Elstal;;52.5425;12.9879
14641;Wachow;;52.5337;12.7574
14655;MyBrands Zalando eLogistics GmbH & Co.KG;BB;52.6038;12.9745
14656;Brieselang;;52.5833;13
14662;Friesack;;52.7376;12.5797
14669;Ketzin;;52.4781;12.8453
14710;Landkreis Havelland Haupt und Personalamt;BB;52.6048;12.3491
14712;Rathenow;;52.6066;12.337
14715;Kotzen;;52.6333;12.5167
14727;Premnitz;;52.5318;12.3485
14728;Gollenberg;;52.745;12.4
14765;Landesjustizkasse bei dem Brandenburgischen Oberlandesgericht;BB;52.4118;12.5408
14767;Stadt Brandenburg a.d.H. Hauptpersonal- und Bürgeramt Zentrale Dienste;BB;52.4121;12.5526
14770;Brandenburg an der Havel;;52.4189;12.5228
14772;Brandenburg an der Havel;;52.4358;12.5297
14774;Brandenburg an der Havel;;52.3864;12.4144
14776;Brandenburg an der Havel;;52.4043;12.568
14778;Wust;;52.4147;12.6106
14789;Wusterwitz;;52.3667;12.3849
14793;Rottstock;;52.1989;12.3523
14797;Kloster Lehnin;;52.3271;12.6625
14798;Havelsee;;52.4929;12.4667
14806;Schwanebeck;;52.1765;12.6272
14822;Linthe;;52.1975;12.7851
14823;Niemegk;;52.0531;12.6185
14827;Wiesenburg;;52.1146;12.4553
14828;Görzke;;52.1718;12.3751
14913;Wahlsdorf;;51.9562;13.3278
14929;Treuenbrietzen;;52.0975;12.8726
14943;Luckenwalde;;52.0903;13.1677
14947;Nuthe-Urstromtal;;52.1116;13.2152
14959;Schönhagen;;52.213;13.1464
14974;Ludwigsfelde;;52.3032;13.254
14979;Großbeeren;;52.3586;13.3099
14980;Zalando Lounge;BB;52.3771;13.3063
15220;Agentur für Arbeit Frankfurt (Oder);BB;52.3298;14.5328
15224;ARGUS DATA INSIGHTS Service GmbH;BB;52.2914;14.4697
15227;Bundesverwaltungsamt;BE;52.559;13.441
15228;Deutsche Rentenversicherung Berlin-Brandenburg;BB;52.3112;14.4859
15229;Landesversicherungsanstalt Brandenburg;BB;52.3316;14.5168
15230;Frankfurt (Oder);;52.3475;14.5539
15232;Frankfurt (Oder);;52.3241;14.5325
15234;Frankfurt (Oder);;52.3646;14.5244
15236;Jacobsdorf Jacobsdorf;;52.3345;14.4179
15295;Ziltendorf;;52.2061;14.6241
15299;Müllrose;;52.2474;14.4179
15306;Lindendorf Neu Mahlisch;;52.4802;14.3898
15320;Sietzing;;52.6594;14.286
15324;Groß Neuendorf;;52.7005;14.4081
15326;Zeschdorf;;52.4213;14.3875
15328;Reitwein;;52.5009;14.5817
15344;Strausberg;;52.5786;13.8874
15345;Lichtenow;;52.4797;13.9114
15366;Neuenhagen bei Berlin;;52.5333;13.6833
15370;Fredersdorf-Vogelsdorf;;52.5;13.7333
15372;Müncheberg;;52.5;14.1333
15374;Müncheberg;;52.5114;14.1359
15377;Oberbarnim;;52.5938;14.0355
15378;Hennickendorf;;52.5077;13.8521
15515;Amtsgericht Fürstenwalde, Spree;BB;52.3591;14.0618
15517;Fürstenwalde/Spree;;52.3833;14.0583
15518;Madlitz-Wilmersdorf;;52.3881;14.263
15526;Bad Saarow Petersdorf;;52.3167;14.0833
15528;Spreenhagen Braunsdorf;;52.3667;13.9667
15537;Gosen;;52.4;13.7167
15559;Dienstleistungszentrum der Cemex;BB;52.4859;13.8247
15562;Rüdersdorf bei Berlin;;52.4707;13.7736
15566;Schöneiche bei Berlin;;52.4598;13.7054
15569;Woltersdorf;;52.446;13.756
15711;Schenkendorf;;52.2779;13.5948
15712;Senzig;;52.2891;13.6997
15713;Wernsdorf;;52.3691;13.703
15732;Eichwalde;;52.3667;13.6167
15738;Zeuthen;;52.348;13.6217
15741;Motzen;;52.2039;13.5834
15745;Wildau;;52.3167;13.6333
15746;Groß Köris;;52.1659;13.6594
15748;Münchehofe;;52.1473;13.8343
15749;Ragow;;52.2866;13.5445
15752;Streganz;;52.2022;13.8371
15754;Dolgenbrodt;;52.243;13.7693
15755;Teupitz;;52.1297;13.6196
15757;Löpten;;52.1471;13.6851
15806;Mellensee;;52.1833;13.43
15827;Dahlewitz;;52.3209;13.4401
15831;Groß Kienitz;;52.3253;13.4634
15834;Rangsdorf;;52.2913;13.4195
15837;Baruth/Mark;;52.05;13.5
15838;Kummersdorf-Gut;;52.1029;13.3756
15848;Tauche Tauche;;52.15;14.1667
15859;Storkow (Mark) Schwerin;;52.2;13.8333
15864;Diensdorf-Radlow;;52.2333;14.05
15868;Doberburg;;52.005;14.2439
15887;Medent GmbH;BB;52.165;14.606
15888;EKO - Stahl AG;BB;52.162;14.6276
15890;Eisenhüttenstadt Fürstenberg;;52.15;14.6667
15898;Neuzelle Neuzelle;;52.0833;14.6333
15907;Lübben (Spreewald);;51.9455;13.8852
15910;Schlepzig;;52.0333;13.9
15913;Sacrow-Waldow;;51.9558;14.1285
15926;Heideblick Wüstermarke;;51.8182;13.6
15936;Dahme/Mark;;51.8941;13.4342
15938;Steinreich Sellendorf;;51.9588;13.5419
16222;Agentur für Arbeit Eberswalde;BB;52.836;13.8078
16225;Eberswalde;;52.8342;13.8218
16227;Eberswalde;;52.8333;13.8333
16230;Melchow;;52.7761;13.7065
16244;Altenhof;;52.9148;13.7132
16247;Ziethen;;52.9667;13.9167
16248;Bölkendorf;;52.9506;14.0009
16259;Neulewin;;52.7243;14.2792
16269;Bliesdorf;;52.693;14.1595
16278;Stolpe/Oder;;52.9833;14.1167
16303;Schwedt/Oder;;53.066;14.2711
16306;Woltersdorf;;53.1795;14.2167
16307;Neurochlitz;;53.2803;14.4067
16321;Lobetal;;52.7279;13.5921
16341;Schwanebeck;;52.6251;13.5441
16348;Klosterfelde;;52.7971;13.4789
16352;Schönerlinde;;52.6539;13.445
16356;Seefeld;;52.6224;13.6801
16359;Biesenthal;;52.7662;13.6442
16515;Schmachtenhagen;;52.7682;13.3259
16540;Stolpe;;52.661;13.2593
16547;Birkenwerder;;52.6833;13.2833
16548;Glienicke/Nordbahn;;52.6351;13.3075
16552;Schildow;;52.6363;13.376
16556;Borgsdorf;;52.7129;13.2767
16559;Hammer;;52.8797;13.4395
16562;Bergfelde;;52.6729;13.3186
16565;Lehnitz;;52.7405;13.2627
16567;Mühlenbeck;;52.6647;13.3769
16727;Velten;;52.6915;13.1753
16759;B.R.A.H.M.S. Diagnostica GmbH;BB;52.6328;13.2105
16761;Hennigsdorf;;52.636;13.2042
16766;Oberkrämer;;52.5833;13.3167
16767;Germendorf;;52.7499;13.1701
16775;Zabelsdorf;;53.0476;13.2533
16792;Wesendorf;;52.983;13.38
16798;Altthymen;;53.2397;13.1627
16814;Agentur für Arbeit Neuruppin;BB;52.8895;12.8098
16816;Neuruppin;;52.9282;12.8031
16818;Walsleben;;52.9383;12.6645
16827;Alt Ruppin;;52.9483;12.848
16831;Rheinsberg Schwanow;;53.05;12.8667
16833;Fehrbellin Karwesee;;52.75;12.7833
16835;Rheinsberg Dierberg;;53.0333;12.9667
16837;Wittstock/Dosse Zempow;;53.2167;12.7333
16845;Temnitztal Garz;;52.85;12.6333
16866;Vehlin;;52.9569;12.139
16868;Wusterhausen (Dosse);;52.8833;12.4667
16909;Wittstock/Dosse Dossow;;53.1167;12.5333
16918;Wittstock/Dosse Freyenstein;;53.2833;12.35
16921;Alt Krüssow;;53.15;12.2667
16928;Lindenberg;;53.0377;12.1291
16945;Meyenburg;;53.3133;12.2425
16949;Putlitz;;53.249;12.0418
17030;Deutsche Rentenversicherung;MV;53.5193;13.2584
17033;Neubrandenburg;;53.5476;13.2555
17034;Neubrandenburg;;53.5761;13.2797
17036;Neubrandenburg;;53.5537;13.2969
17039;Trollenhagen;;53.6071;13.291
17049;Deutsche Post AG Niederlassung BRIEF Neubrandenburg;MV;53.5752;13.2134
17050;Agentur für Arbeit Neubrandenburg;MV;53.5686;13.2678
17087;Altentreptow;;53.6942;13.265
17089;Gültz;;53.7502;13.1873
17091;Wildberg;;53.6524;13.124
17094;Lindetal;;53.4786;13.431
17098;Friedland;;53.6703;13.554
17099;Eichhorst;;53.5949;13.4976
17109;Demmin;;53.9076;13.0314
17111;Lindenberg;;53.7646;13.0204
17121;Loitz;;53.9758;13.136
17126;Jarmen;;53.9239;13.3403
17129;Plötz;;53.8734;13.2922
17139;Remplin;;53.7539;12.697
17153;Briggow;;53.6208;12.9848
17154;Neukalen;;53.8227;12.7901
17159;Wagun;;53.8682;12.819
17166;Dalkendorf;;53.8148;12.5021
17168;Thürkow;;53.8252;12.5624
17179;Altkalen;;53.8989;12.7396
17192;Torgelow am See;;53.5667;12.7833
17194;Hohen Wangelin;;53.6115;12.4233
17207;Groß Kelle;;53.4049;12.5454
17209;Satow;;53.4086;12.3806
17213;Adamshoffnung;;53.4466;12.3629
17214;Alt Schwerin;;53.5126;12.3464
17217;Lapitz;;53.5458;13.0901
17219;Groß Flotow;;53.5532;12.991
17235;Neustrelitz;;53.3613;13.0729
17237;Blankensee;;53.4039;13.2684
17240;Zalando SE;BE;52.5055;13.4473
17248;Rechlin;;53.3355;12.7254
17252;Schwarz;;53.2241;12.7847
17255;Wustrow;;53.228;12.9697
17258;Feldberger Seenlandschaft;;53.3391;13.4188
17259;Feldberger Seenlandschaft;;53.3391;13.4188
17268;Storkow;;53.047;13.4424
17279;Lychen;;53.2124;13.3148
17291;Grünow;;53.3167;13.95
17305;bon prix Handelsgesellschaft mbH;MV;53.5081;14.0221
17306;prix chic Handelsgesellschaft mbH;MV;53.5081;14.0221
17308;Rainbow Handelsgesellschaft mbH;MV;53.5081;14.0221
17309;Brietzig;;53.4667;13.9
17321;Ramin;;53.4131;14.2887
17322;Pampow;;53.5353;14.29
17326;Brüssow;;53.3997;14.1253
17328;Penkun;;53.2969;14.2362
17329;Krackow;;53.344;14.2647
17335;Strasburg;;53.5103;13.7451
17337;Uckerland;;53.4569;13.7806
17348;Neu Käbelich;;53.5;13.4667
17349;Schönbeck;;53.5819;13.5719
17358;Torgelow-Holländerei;;53.6749;14.0346
17367;Eggesin;;53.6797;14.0799
17373;Ueckermünde;;53.7379;14.0447
17375;Meiersberg;;53.7038;13.9439
17379;Heinrichsruh;;53.6443;13.922
17389;Anklam;;53.8564;13.6897
17390;Schmatzin;;53.9249;13.5525
17391;Postlow;;53.8354;13.5753
17392;Boldekow;;53.7243;13.5943
17398;Bargischow;;53.8325;13.7559
17406;Usedom;;53.8754;13.9239
17419;Korswandt;;53.9196;14.161
17424;Heringsdorf;;53.95;14.1667
17429;Benz;;53.9406;14.0717
17438;Wolgast;;54.0528;13.772
17440;Kröslin;;54.1166;13.7507
17449;Karlshagen;;54.1111;13.8319
17454;Zinnowitz;;54.0667;13.9
17459;Zempin;;54.0639;13.9545
17474;Agentur für Arbeit;MV;54.0735;13.3843
17475;Universitätsklinikum der E.-M.-A.-UNI Anstalt des öffentlichen Rechts;MV;54.0931;13.3994
17489;Greifswald;;54.0881;13.3876
17491;Greifswald;;54.083;13.4058
17493;Greifswald;;54.0902;13.4464
17495;Züssow;;53.9771;13.5485
17498;Levenhagen;;54.089;13.2689
17506;Kammin;;53.9771;13.4044
17509;Wusterhusen;;54.1131;13.6161
18048;Agentur für Arbeit Rostock;MV;54.087;12.0851
18050;Hansestadt Rostock -Stadtverwaltung-;MV;54.0886;12.1408
18051;Universität Rostock;MV;54.0867;12.1357
18052;HUK-Coburg;MV;54.0913;12.1155
18053;Deutsche Telekom AG T-Com ACTK, PATK, BBA;MV;54.0762;12.0444
18055;Rostock;;54.0865;12.1544
18057;Rostock;;54.0872;12.1062
18059;Rostock;;54.0679;12.1186
18060;Deutsche Post AG HR Service Germany;MV;54.079;12.22
18069;Lambrechtshagen;;54.1021;12.0164
18101;Deutsche Post AG Niederlassung Rostock;MV;54.079;12.22
18106;Rostock;;54.0833;12.1333
18107;Rostock;;54.1436;12.0325
18109;Rostock;;54.1471;12.0689
18119;Rostock;;54.0833;12.1333
18146;Rostock;;54.1282;12.1761
18147;Rostock;;54.1243;12.1243
18181;Seeheilbad Graal-Müritz;;54.2512;12.2514
18182;Rövershagen;;54.1767;12.2428
18184;Roggentin;;54.0707;12.2042
18190;Sanitz;;54.0776;12.3756
18195;Stubbendorf;;54.0878;12.5222
18196;Kavelstorf;;54.006;12.1908
18198;Kritzmow;;54.0524;12.0531
18209;Reddelich;;54.0887;11.8506
18211;Retschow;;54.0455;11.8778
18225;Kühlungsborn;;54.15;11.75
18230;Biendorf;;54.0752;11.7013
18231;Neubukow;;54.0319;11.6725
18233;Ravensberg;;53.9903;11.7045
18236;Schmadebeck;;54.0417;11.8211
18239;Bölkow;;54.0055;11.9934
18246;Jürgenshagen;;53.9542;11.8966
18249;Tarnow;;53.7794;12.0178
18258;Vorbeck;;53.9078;12.0707
18271;Finanzamt Güstrow;MV;53.7949;12.1761
18273;Güstrow;;53.7972;12.1734
18276;Recknitz;;53.8627;12.2985
18279;Langhagen;;53.6862;12.4363
18292;Bellin;;53.7088;12.1888
18299;Wardow;;53.9305;12.4082
18311;Ribnitz-Damgarten;;54.2422;12.4567
18314;Bartelshagen II;;54.3022;12.583
18317;Saal;;54.3105;12.4994
18320;Dettmannsdorf;;54.1116;12.5287
18334;Breesen;;54.0475;12.6907
18337;Marlow;;54.1544;12.5726
18347;Ahrenshoop;;54.3833;12.4333
18356;Fuhlendorf;;54.3605;12.6019
18374;Zingst;;54.4357;12.6888
18375;Prerow;;54.4333;12.5833
18431;Deutsche Rentenversicherung Bund;MV;54.338;13.0674
18432;Agentur für Arbeit Stralsund;MV;54.308;13.0688
18435;Stralsund;;54.3272;13.0642
18437;Stralsund;;54.3041;13.046
18439;Stralsund;;54.3024;13.0928
18442;Wendorf;;54.2554;13.0768
18445;Altenpleen;;54.3546;12.9564
18461;Richtenberg;;54.2013;12.8941
18465;Tribsees;;54.0956;12.7568
18469;Karnin;;54.3019;12.7906
18507;Grimmen;;54.1122;13.0405
18510;Papenhagen;;54.1471;12.9809
18513;Wendisch Baggendorf;;54.074;12.9434
18516;Süderholz;;54.0762;13.1333
18519;Reinberg;;54.2123;13.2517
18528;Bergen auf Rügen;;54.4182;13.4335
18546;Sassnitz;;54.5127;13.62
18551;Glowe;;54.5691;13.4655
18556;Putgarten;;54.6742;13.4183
18565;Insel Hiddensee;;54.549;13.1036
18569;Kluis;;54.4717;13.3031
18573;Altefähr;;54.3299;13.1264
18574;Karnitz;;54.3535;13.371
18581;Putbus;;54.3551;13.4763
18586;Gager;;54.3097;13.6843
18609;Binz;;54.3833;13.6167
19020;Agentur für Arbeit Schwerin;MV;53.6592;11.3602
19048;Ministerium für Landwirtschaft und Naturschutz M V;MV;53.6174;11.4266
19049;Klinikum Schwerin;MV;53.6512;11.4067
19050;Zeitungsverlag Schwerin GmbH & Co. KG;MV;53.6062;11.4254
19051;Techniker Krankenkasse Servicezentrum Unfälle;MV;53.6312;11.4097
19053;Schwerin;;53.6313;11.4092
19055;Schwerin;;53.6441;11.4103
19057;Schwerin;;53.6382;11.3766
19059;Schwerin;;53.641;11.3905
19061;Schwerin;;53.5992;11.404
19063;Schwerin;;53.6007;11.4433
19065;Godern;;53.6188;11.5432
19067;Cambs;;53.6972;11.5271
19069;Pingelshagen;;53.6831;11.3353
19071;Cramonshagen;;53.7055;11.2746
19073;Wittenförden;;53.6292;11.3298
19075;Holthusen;;53.5413;11.3537
19077;Sülstorf;;53.5093;11.3746
19079;Sukow;;53.5443;11.5619
19085;VSP Versand-Service Plate oHG;MV;53.5547;11.5029
19086;Plate;;53.5515;11.5093
19089;Crivitz;;53.5732;11.6519
19101;Deutsche Post AG Niederlassung BRIEF Schwerin;MV;53.5675;11.3752
19205;Gadebusch;;53.7014;11.1168
19209;Perlin;;53.5864;11.1765
19217;Demern;;53.7422;10.9865
19230;Bandenitz;;53.4663;11.1621
19243;Dreilützow;;53.5339;11.1122
19246;Lüttow;;53.5315;10.8909
19249;Gößlow;;53.3384;11.143
19258;Neu Gülze;;53.3801;10.7882
19260;Banzin;;53.4092;10.913
19273;Teldau;;53.3333;10.8267
19288;Göhlen;;53.3064;11.367
19294;Malk Göhren Göhren;;53.2167;11.3667
19300;Balow;;53.2664;11.7157
19303;Vielank;;53.2355;11.1396
19306;Neustadt-Glewe;;53.3785;11.5926
19309;Wootz;;53.0663;11.3535
19322;Rühstädt;;52.9167;11.8667
19334;KMG Kliniken PLC;BB;52.9604;11.951
19336;Legde/Quitzöbel;;52.9111;11.9778
19339;Glöwen;;52.9142;12.0855
19348;Pirow;;53.2167;11.9
19357;Boberow;;53.146;11.6146
19367;TicketOnline Sales & Service Center GmbH;MV;53.4285;11.8308
19370;Parchim;;53.4263;11.8488
19372;Groß Godems;;53.3635;11.7973
19374;Groß Niendorf;;53.591;11.8534
19376;Marnitz;;53.3168;11.9295
19386;Kritzow;;53.4461;12.1315
19395;Karow;;53.5377;12.2578
19399;Wendisch Waren;;53.5745;12.1296
19406;Groß Görnow;;53.7492;11.819
19412;Brüel;;53.7372;11.7147
19417;Warin;;53.8003;11.705
20038;Hamburg;;53.5544;9.9946
20066;AdvoCard Rechtschutzversicherung Aktiengesellschaft;HH;53.6012;10.0265
20067;Yvonne Bauer Service KG;HH;53.5484;10.0028
20068;GlaxoSmithKline GmbH & Co. KG Rechnungskontrolle;HH;53.5462;10.0262
20069;Familienkasse Nord;HH;53.5519;10.0175
20070;Agentur für Arbeit Hamburg;HH;53.5519;10.0175
20071;Volksfürsorge AG Vertriebsgesellschaft für Vorsorge- und Finanzprodukte;HH;53.6012;10.0265
20072;neue leben Lebensversicherung AG;HH;53.5455;10.0263
20073;Vattenfall Europe AG;HH;53.5334;9.9793
20074;Generali Versicherung;HH;53.5512;10.0138
20076;AMB Generali Schadenmanagement GmbH;HH;53.6012;10.0265
20077;Heinrich Bauer Verlagsgruppe;HH;53.5484;10.0028
20079;Deutsche Bank AG in Hamburg;HH;53.5496;9.9903
20080;DPV Deutscher Pressevertrieb;HH;53.5425;9.9845
20081;AachenMünchener Versicherung AG;HH;53.5452;10.0214
20083;Viridium Customer Service GmbH;BY;48.105;11.6394
20084;Volksfürsorge Deutsche Sachversicherung AG;HH;53.6012;10.0265
20085;EOS DID Deutscher Inkasso-Dienst GmbH;HH;53.5558;10.0167
20086;Bauer Vertriebs KG;HH;53.5484;10.0028
20087;Neugebauer Service OHG;HH;53.5966;10.0614
20088;Otto Versand;HH;53.6058;10.0786
20090;HUK - Coburg;HH;53.547;10.0203
20091;Mobil Krankenkasse;HH;53.5494;10.0086
20092;Commerzbank AG GS-BO Credit;HH;53.5585;10.0222
20095;Hamburg;;53.5521;10.0004
20097;Hamburg Sankt Georg;;53.5564;10.0144
20099;Hamburg Hamburg-Altstadt;;53.5453;9.9953
20139;Brown-Forman Beverages Europe Ltd.;HH;53.5575;9.9867
20140;GEZ;HH;53.5745;9.992
20144;Hamburg;;53.574;9.9747
20146;Hamburg Rotherbaum;;53.5694;9.9853
20148;Hamburg Harvestehude;;53.5764;9.9867
20149;Hamburg Rotherbaum;;53.5694;9.9853
20242;Verlagsgruppe Milchstraße;HH;53.564;9.9951
20243;Beiersdorf-Lilly GmbH;HH;53.5821;9.9615
20244;Seniorenzentrum St. Markus Hoheluft;HH;53.5816;9.9653
20245;Beiersdorf AG;HH;53.5794;9.9599
20246;Universitätsklinikum Hamburg-Eppendorf;HH;53.5902;9.9785
20247;Wine Dock GmbH;HH;53.5585;9.9092
20249;Hamburg;;53.5894;9.9897
20251;Hamburg Alsterdorf;;53.6108;10.0131
20253;Hamburg Lokstedt;;53.6031;9.9564
20255;Hamburg;;53.5767;9.949
20257;Hamburg Eimsbüttel;;53.5725;9.9497
20259;Hamburg Eimsbüttel;;53.5725;9.9497
20346;EXXON Mobil Central Europe Holding GmbH;HH;53.5549;9.984
20347;Berufsgenossenschaft für Gesundheitsdienst und Wohlfahrtspflege;HH;53.5687;9.9681
20348;Landgericht Hamburg;HH;53.5567;9.9769
20350;SPORTBILD Axel Springer Sport Verlag GmbH;HH;53.5527;9.985
20351;SIGNAL IDUNA Gruppe;HH;53.5613;9.9938
20354;Hamburg;;53.5568;9.9898
20355;Hamburg Neustadt;;53.5497;9.9794
20357;Hamburg;;53.5642;9.9679
20359;Hamburg Altona-Altstadt;;53.5503;9.9353
20444;Gruner + Jahr AG & CoKG;HH;53.5453;9.9796
20445;FUNKE Medien Hamburg GmbH;HH;53.5486;9.99
20446;Körber-Stiftung;HH;53.5434;9.9838
20449;Deutscher Ring Krankenversicherungsverein a.G;HH;53.5613;9.9938
20450;Greenpeace e.V.;HH;53.5422;10.0018
20451;ZEUS Vermittlungsgesellschaft mbH;HH;53.5735;10.0147
20452;R+V Allgemeine Versicherung AG;HH;53.5485;9.9846
20453;Statistisches Amt für Hamburg und Schleswig-Holstein;HH;53.5457;9.993
20454;Commerzbank Hamburg Aktiengesellschaft;HH;53.5444;10.0319
20457;Hamburg Neustadt;;53.5497;9.9794
20459;Hamburg Sankt Pauli;;53.5511;9.97
20531;Landeskrankenhilfe;HH;53.5518;10.0513
20533;REAL Solution Inkasso GmbH & Co. KG;HH;53.5507;10.034
20535;Hamburg Borgfelde;;53.555;10.0333
20537;Hamburg Hamm-Süd;;53.5486;10.0511
20539;Hamburg Rothenburgsort;;53.5356;10.0369
20901;Techniker Krankenkasse;HH;53.5826;10.0454
20903;Techniker Krankenkasse;HH;53.5826;10.0454
20911;Advigon Versicherung AG;HH;53.5597;9.9923
20912;Techniker Krankenkasse;HH;53.5826;10.0454
20913;Techniker Krankenkasse;HH;53.5826;10.0454
20914;Techniker Krankenkasse;HH;53.5826;10.0454
20915;Techniker Krankenkasse;HH;53.5826;10.0454
21027;Bezirksamt Bergedorf;HH;53.4877;10.2208
21029;Hamburg;;53.4826;10.2211
21031;Hamburg Bergedorf;;53.4858;10.2267
21033;Hamburg;;53.5053;10.1518
21035;Hamburg Allermöhe;;53.4836;10.125
21037;Hamburg;;53.4508;10.1419
21039;Hamburg;;53.443;10.2514
21071;Freie und Hansestadt Hamburg Bezirksamt Harburg;HH;53.4596;9.9797
21073;Hamburg Harburg;;53.4592;9.9806
21075;Hamburg Hausbruch;;53.4703;9.8933
21077;Hamburg;;53.4332;9.9517
21079;Hamburg Langenbek;;53.4328;9.9908
21105;GoodMills Deutschland GmbH;HH;53.493;9.9831
21107;Hamburg Steinwerder;;53.5392;9.9614
21109;Hamburg Wilhelmsburg;;53.4978;10.0189
21129;Hamburg Neuenfelde;;53.5217;9.8003
21147;Hamburg;;53.4842;9.8512
21149;Hamburg Neugraben-Fischbek;;53.4772;9.8458
21170;Deutsche Post AG Niederlassung BRIEF Hamburg Süd;HH;53.4824;9.9037
21172;Medico-Lab GmbH;NI;53.3273;10.2036
21175;Nord-Ostsee Automobile SE & Co. KG;HH;53.481;10.2055
21217;Seevetal;;53.4193;10.0211
21218;Seevetal;;53.4;9.9667
21220;Seevetal;;53.3661;10.048
21224;Rosengarten;;53.4065;9.9256
21227;Bendestorf;;53.3358;9.9615
21228;Harmstorf;;53.35;9.9833
21244;Buchholz in der Nordheide;;53.3264;9.8681
21255;Kakenstorf;;53.3032;9.7629
21256;Handeloh;;53.2456;9.8392
21258;Heidenau;;53.3167;9.6667
21259;Otter;;53.2402;9.7425
21261;Welle;;53.2398;9.8018
21266;Jesteburg;;53.3097;9.9526
21271;Asendorf;;53.2927;9.9791
21272;Egestorf;;53.193;10.063
21274;Undeloh;;53.1971;9.9757
21279;Wenzendorf;;53.3495;9.7723
21332;Stadt Lüneburg;NI;53.2507;10.4077
21333;Agentur für Arbeit Lüneburg;NI;53.2453;10.4072
21335;Lüneburg;;53.2329;10.4078
21337;Lüneburg;;53.2558;10.4398
21339;Lüneburg;;53.2604;10.3968
21354;Bleckede;;53.2897;10.7337
21357;Bardowick;;53.2935;10.3881
21358;Mechtersen;;53.2833;10.3167
21360;Vögelsen;;53.2745;10.3537
21365;Adendorf;;53.2819;10.4379
21368;Boitze;;53.15;10.75
21369;Nahrendorf;;53.1739;10.8138
21371;Tosterglope;;53.2098;10.8193
21376;Gödenstorf;;53.2285;10.1235
21379;Lüdersburg;;53.3214;10.5742
21380;Artlenburg;;53.3718;10.4879
21382;Brietlingen;;53.3333;10.45
21385;Rehlingen;;53.1057;10.2209
21386;Betzendorf;;53.1375;10.3127
21388;Soderstorf;;53.1428;10.1481
21391;Dachtmissen;;53.2538;10.3178
21394;Heiligenthal;;53.2206;10.3363
21395;Tespe;;53.3964;10.4108
21397;Vastorf;;53.198;10.5456
21398;Neetze;;53.2652;10.6213
21400;Reinstorf;;53.2345;10.5732
21401;Thomasburg;;53.2333;10.6667
21403;Wendisch Evern;;53.2167;10.4667
21406;Melbeck;;53.1833;10.4
21407;Deutsch Evern;;53.2;10.4333
21409;Embsen;;53.1761;10.3463
21421;Dorothea Halle GmbH;NI;53.3642;10.1914
21423;Winsen (Luhe);;53.3484;10.2068
21435;Stelle;;53.3842;10.1114
21436;Marschacht;;53.4152;10.3752
21438;Brackel;;53.2997;10.0486
21439;Marxen;;53.3121;10.0041
21441;Garstedt;;53.2847;10.1614
21442;Toppenstedt;;53.2643;10.1145
21444;Vierhöfen;;53.2667;10.2167
21445;Wulfsen;;53.3;10.15
21447;Handorf;;53.3408;10.3465
21449;Radbruch;;53.3167;10.2833
21462;Stadt Reinbek;SH;53.5102;10.2506
21465;Reinbek;;53.517;10.2488
21481;Buchhorst;;53.386;10.5655
21483;Wangelau;;53.45;10.55
21493;Talkau;;53.5752;10.5708
21500;Amtsgericht Geesthacht;SH;53.4307;10.3762
21502;Geesthacht;;53.4358;10.3779
21509;Glinde;;53.5441;10.2005
21514;Siebeneichen;;53.5109;10.6181
21516;Schulendorf;;53.4732;10.561
21521;Dassendorf;;53.4953;10.3599
21522;Hohnstorf (Elbe);;53.3667;10.55
21524;Brunstorf;;53.4933;10.4252
21526;Hohenhorn;;53.4765;10.3646
21527;Kollow;;53.4667;10.4667
21529;Kröppelshagen-Fahrendorf;;53.4898;10.317
21614;Buxtehude;;53.4672;9.6864
21629;Neu Wulmstorf;;53.4227;9.7896
21635;Jork;;53.532;9.6808
21640;Nottensdorf;;53.4833;9.6
21641;Apensen;;53.4333;9.6167
21643;Beckdorf;;53.4167;9.6167
21644;Sauensiek;;53.3833;9.6
21646;Halvesbostel;;53.3553;9.5985
21647;Moisburg;;53.4062;9.6988
21649;Regesbostel;;53.3833;9.65
21676;Agentur für Arbeit Stade;NI;53.6016;9.4821
21677;Finanzamt Stade;NI;53.589;9.4888
21680;Stade;;53.5908;9.4848
21682;Stade;;53.6084;9.4688
21683;Stade;;53.6;9.4833
21684;Stade;;53.6;9.4833
21698;Bargstedt;;53.4667;9.45
21702;Ahlerstedt;;53.4;9.45
21706;Drochtersen;;53.7101;9.3846
21709;Burweg;;53.6248;9.2663
21710;Engelschoff;;53.6667;9.3333
21712;Großenwörden;;53.6833;9.2667
21714;Hammah;;53.6167;9.3667
21717;Deinste;;53.529;9.4438
21720;Mittelnkirchen;;53.5422;9.6232
21723;Hollern-Twielenfleth;;53.6;9.55
21726;Kranenburg;;53.6065;9.206
21727;Estorf;;53.576;9.2027
21729;Freiburg (Elbe);;53.8333;9.2833
21730;Balje;;53.8333;9.1333
21732;Krummendeich;;53.8308;9.2038
21734;Oederquart;;53.8027;9.2368
21737;Wischhafen;;53.7833;9.3167
21739;Dollern;;53.5333;9.55
21745;Hemmoor;;53.687;9.1549
21755;Hechthausen;;53.6404;9.2394
21756;Osten;;53.7;9.2
21762;Osterbruch;;53.7781;8.9412
21763;Neuenkirchen;;53.777;8.8936
21765;Nordleda;;53.7667;8.8333
21769;Hollnseth;;53.5833;9.1
21770;Mittelstenahe;;53.65;9.0333
21772;Stinstedt;;53.6612;8.9723
21775;Steinau;;53.6833;8.8833
21776;Wanna;;53.75;8.8
21781;Cadenberge;;53.7693;9.0627
21782;Bülkau;;53.7461;8.9781
21784;Geversdorf;;53.8;9.0833
21785;Belum;;53.8167;9
21787;Oberndorf;;53.75;9.15
21789;Wingst;;53.7357;9.0805
22032;Hanseatische Krankenkasse;HH;53.5765;10.0792
22033;Sky Deutschland GmbH;BY;48.1915;11.6568
22034;Hanseatische Krankenkasse Beitragsabteilung;HH;53.5765;10.0792
22035;BOESCHE Staatliche Lotterieeinnahme;HH;53.5802;10.1211
22036;Mercedes-Benz AG LN 164/34540;HH;53.5894;10.0932
22037;Deutsche Rentenversicherung Nord;HH;53.5921;10.1072
22039;HZK - DIE PROFIKRANKENKASSE;HH;53.5765;10.0811
22041;Hamburg;;53.5741;10.076
22043;Hamburg Tonndorf;;53.5869;10.1175
22045;Hamburg;;53.5829;10.1268
22047;Hamburg Wandsbek;;53.5794;10.0864
22049;Hamburg;;53.5808;10.0594
22078;Norddeutsche Blindenhörbücherei e.V.;HH;53.5739;10.0122
22079;AOK Rheinland / Hamburg - Die Gesundheitskasse;HH;53.5669;10.0587
22081;Hamburg Uhlenhorst;;53.5714;10.0189
22083;Hamburg;;53.575;10.0342
22085;Hamburg Uhlenhorst;;53.5714;10.0189
22087;Hamburg;;53.566;10.0247
22089;Hamburg Wandsbek;;53.5794;10.0864
22102;KG Ritz Messwandler GmbH & Co.;HH;53.5469;10.0855
22111;Hamburg;;53.5401;10.1031
22113;Oststeinbek;;53.5432;10.1694
22115;Hamburg Billstedt;;53.5411;10.1242
22117;Hamburg;;53.5389;10.128
22119;Hamburg Billstedt;;53.5411;10.1242
22139;Bip Sossong GmbH Bärbel Sossong;SH;53.6606;10.3124
22140;Catharina Reisen u. Vertriebs GmbH;SH;53.6554;10.2916
22143;Hamburg;;53.6063;10.1669
22145;Hamburg;;53.6228;10.1761
22147;Hamburg Rahlstedt;;53.6072;10.1606
22149;Hamburg Tonndorf;;53.5869;10.1175
22159;Hamburg;;53.6153;10.1162
22175;Hamburg Bramfeld;;53.6122;10.0886
22177;Hamburg;;53.6057;10.0691
22179;Hamburg Bramfeld;;53.6122;10.0886
22222;Kasse.Hamburg;HH;53.5615;9.9116
22276;ERGO Lebensversicherung AG Aktion;HH;53.6013;10.0178
22277;Betriebs-Center für Banken AG;HH;53.6044;10.0271
22278;interServ GmbH Center Hamburg interscan Zustellurkunden;HH;53.6061;10.0164
22279;Deutsche Postbank AG Niederlassung Hamburg (Giro);HH;53.6044;10.0271
22280;Deutsche Postbank AG Niederlassung Hamburg (Giro);HH;53.6044;10.0271
22281;Verwaltungs-Berufsgenossenschaft Hauptverwaltung;HH;53.6013;9.9902
22282;Deutsche Post AG Auftragserfassung Pressepost;HH;53.5643;9.9405
22283;Deutsche Postbank AG Niederlassung Hamburg (Spar);HH;53.6044;10.0271
22284;Shell Deutschland GmbH;HH;53.6206;10.0145
22287;ERGO Lebensversicherung AG;HH;53.6013;10.0178
22288;Jahreszeiten-Verlag;HH;53.5782;9.9988
22290;Tchibo;HH;53.6069;10.0191
22291;Deutsche BP Holding AG;HH;53.6012;10.0265
22292;Deutsche Post AG SNL Rechnungswesen Filiale;HH;53.6042;10.0165
22293;Logica-CMG GmbH & Co. KG;HH;53.5833;10.0284
22294;Hansa Baugenossenschaft eG;HH;53.5872;10.0576
22297;Hamburg;;53.6023;10.0252
22299;Hamburg Winterhude;;53.5953;10.0122
22301;Hamburg;;53.5843;10.003
22303;Hamburg Winterhude;;53.5953;10.0122
22305;Hamburg;;53.5886;10.0483
22307;Hamburg Barmbek-Nord;;53.5961;10.0511
22309;Hamburg;;53.6068;10.0474
22331;Ortsamt Fuhlsbüttel;HH;53.6307;10.0272
22332;Dt. Lufthansa AG;HH;53.6217;9.997
22335;Hamburg Ohlsdorf;;53.6219;10.0411
22337;Hamburg;;53.6283;10.0347
22339;Hamburg Hummelsbüttel;;53.6539;10.0486
22357;Brigitta Winter (Mutter und Kind Dienst);HH;53.6553;10.1047
22359;Hamburg;;53.6556;10.1656
22389;Krauth und Timmermann GmbH;HH;53.67;10.0689
22391;Hamburg Bramfeld;;53.6122;10.0886
22393;Hamburg Wellingsbüttel;;53.6431;10.0897
22395;Hamburg Bergstedt;;53.6672;10.1306
22397;Hamburg Duvenstedt;;53.7067;10.0944
22399;Hamburg Lemsahl-Mellingstedt;;53.6811;10.0867
22413;Arrivo Marketing Kripahle & Borrink oHG;HH;53.6738;9.996
22415;Hamburg Fuhlsbüttel;;53.6289;10.0161
22417;Hamburg Langenhorn;;53.6633;10.0083
22419;Hamburg;;53.6663;10.0057
22451;Geo Poulson;HH;53.6163;9.9979
22453;Hamburg Niendorf;;53.6186;9.9611
22455;Hamburg;;53.6407;9.955
22457;Hamburg Niendorf;;53.6186;9.9611
22459;Hamburg;;53.6242;9.9235
22520;Finanzamt Hamburg - Eimsbüttel;HH;53.595;9.9457
22521;Panasonic Marketing Europe GmbH;HH;53.5747;9.9117
22523;Hamburg Eidelstedt;;53.605;9.9161
22525;Hamburg;;53.592;9.9198
22527;Hamburg Lokstedt;;53.6031;9.9564
22529;Hamburg;;53.6021;9.9589
22545;ALFONS HAAR Maschinenbau GmbH & Co.KG;HH;53.5979;9.8993
22547;Hamburg Lurup;;53.5939;9.8742
22549;Hamburg;;53.5824;9.8556
22557;Berendsohn AG;HH;53.5811;9.7662
22559;Hamburg Rissen;;53.5847;9.7564
22585;Ortsamt Blankenese;HH;53.5648;9.8088
22587;Hamburg;;53.5652;9.8
22589;Hamburg Sülldorf;;53.5856;9.7989
22603;Reemtsma Cigaretten Fabriken GmbH;HH;53.5745;9.887
22605;Hamburg;;53.5512;9.8846
22607;Hamburg Groß Flottbek;;53.5658;9.8794
22609;Hamburg Osdorf;;53.5736;9.8522
22743;AstraZeneca GmbH;HH;53.5585;9.9092
22744;Broadway Musical Management GmbH;HH;53.5603;9.9591
22745;Greenpeace e.V.;HH;53.5422;10.0018
22746;Euler Hermes Deutschland AG;HH;53.5615;9.9116
22747;Amtsgericht Hamburg Zweigstelle Altona;HH;53.5557;9.9427
22748;Siemssen & Co. GmbH;HH;53.5461;9.9369
22750;Verlagsgruppe Milchstraße;HH;53.564;9.9951
22754;Sparda - Bank Hamburg eG;HH;53.5539;9.9362
22755;Holsten-Brauerei AG;HH;53.5617;9.9457
22756;Wüstenrot Bausparkasse AG;HH;53.5576;10.0207
22758;DAL Deutsche Afrika-Linien GmbH & Co. KG;HH;53.5461;9.9395
22761;Hamburg;;53.566;9.9116
22763;Hamburg;;53.552;9.9084
22765;Hamburg Altona-Altstadt;;53.5503;9.9353
22767;Hamburg;;53.5509;9.9425
22769;Hamburg;;53.5625;9.9573
22776;DAK - Deutsche Angestellten Krankenkasse Bayern und NRW;HH;53.5486;10.019
22777;DAK - Deutsche Angestellten Krankenkasse Bayern und NRW;HH;53.5486;10.019
22778;DAK-Gesundheit;HH;53.5486;10.019
22779;DAK-Gesundheit;HH;53.5486;10.019
22780;Techem BBK Energie GmbH;HE;50.1448;8.5599
22781;Yves Rocher GmbH Finanzbuchhaltung;BW;48.7385;9.1096
22782;Reemtsma Cigaretten GmbH;HH;53.5745;9.887
22783;Deutsche Postbank AG Niederlassung Hamburg (Giro);HH;53.6044;10.0271
22785;Deutsche Post AG NL BRIEF;HH;53.566;9.9364
22787;Deutsche Telekom Kundenniederlassung Hamburg;HH;53.6012;10.0265
22788;DAK-Deutsche Angestellten-Krankenkasse Hauptgeschäftsstelle;HH;53.5486;10.019
22789;DAK-Deutsche Angestellten-Krankenkasse Hauptgeschäftsstelle;HH;53.5486;10.019
22790;Nord-Ostsee Automobile SE & Co. KG;HH;53.6494;10.0347
22791;Hanseatisches Wein- und Sekt-Kontor Hawesko GmbH;HH;53.5585;9.9092
22792;Barclays Bank Ireland PLC;HH;53.5616;9.9164
22794;Deutsche Post AG Direkt Marketing Center Hamburg GWK;HH;53.574;9.8874
22795;DP CSC Deutsche Post Customer Service Center;HH;53.5822;10.028
22796;UniCredit Bank AG;HH;53.5505;9.9906
22797;Baloise Lebensversicherungs AG Deutschland;HH;53.5496;9.9782
22799;Deutsche Telekom Hamburg Kundenniederlassung;HH;53.6012;10.0265
22839;Tesa SE;SH;53.6693;9.9683
22841;Rewe & Co. oHG Niederlassung Norderstedt;SH;53.804;9.9421
22842;Hausmann Hausverwaltung;SH;53.6829;10.0113
22844;Norderstedt;;53.7246;10.0124
22846;Norderstedt;;53.7099;9.9946
22848;Norderstedt;;53.6736;9.9833
22850;Norderstedt;;53.6855;9.9976
22851;Norderstedt;;53.6874;10.0366
22865;SPAR Inkassokontor GmbH & Co. KG;SH;53.5942;9.835
22866;Verkehrsbetriebe Hamburg-Holstein GmbH;HH;53.4807;10.2104
22867;SPAR Handels-Aktiengesellschaft;SH;53.5942;9.835
22869;Schenefeld;;53.6;9.85
22876;ALK - Abello Arzneimittel GmbH;SH;53.5764;9.7345
22880;Wedel;;53.5837;9.6984
22885;Barsbüttel;;53.5667;10.1667
22889;Tangstedt;;53.7333;10.0833
22923;Eurohypo AG;SH;53.6668;10.2323
22926;Ahrensburg;;53.6752;10.2259
22927;Großhansdorf;;53.6667;10.2833
22929;Köthel;;53.6091;10.5092
22939;Getriebebau Nord GmbH & Co. KG;SH;53.7296;10.2658
22941;Jersbek;;53.7333;10.2167
22946;Großensee;;53.6126;10.3396
22949;Ammersbek;;53.7;10.2
22952;Lütjensee;;53.65;10.3667
22955;Hoisdorf;;53.65;10.3167
22956;Grönwohld;;53.6416;10.4078
22958;Kuddewörde;;53.5833;10.4
22959;Linau;;53.6445;10.4685
22962;Siek;;53.6333;10.3
22964;Steinburg;;53.7167;10.4
22965;Todendorf;;53.6946;10.3478
22967;Tremsbüttel;;53.7438;10.3102
22969;Witzhave;;53.5667;10.3333
23533;Stadtwerke Lübeck Gruppe GmbH;SH;53.8482;10.6728
23538;Universitätsklinikum Schleswig-Holstein Campus Lübeck;SH;53.8364;10.7111
23539;Lübeck;;53.8696;10.6871
23540;Finanzamt Lübeck;SH;53.8525;10.6809
23541;Agentur für Arbeit Lübeck;SH;53.8514;10.6805
23542;Drägerwerk AG & Co. KGaA Accounts Payable;SH;53.8566;10.6695
23543;Lübecker Nachrichten Verlagsgruppe;SH;53.8549;10.6314
23544;Deutsche Rentenversicherung Nord;SH;53.8641;10.6504
23546;Deutsche Telekom AG Niederlassung Lübeck;SH;53.8719;10.6664
23547;Karstadt AG;SH;53.8673;10.6878
23552;Lübeck;;53.8685;10.6854
23554;Lübeck;;53.876;10.6748
23556;Lübeck;;53.8672;10.6478
23558;Lübeck;;53.8606;10.6611
23560;Lübeck;;53.8471;10.6845
23562;Lübeck;;53.8511;10.7028
23564;Lübeck;;53.8705;10.6986
23566;Lübeck;;53.8658;10.7316
23568;Lübeck;;53.8922;10.7583
23569;Lübeck;;53.9167;10.8073
23570;Lübeck;;53.8667;10.7
23590;Deutsche Post AG Niederlassung BRIEF Lübeck;SH;53.8634;10.6042
23611;Bad Schwartau;;53.9189;10.6969
23615;PVZ Pressevertriebszentrale GmbH & Co. KG;SH;53.8901;10.632
23616;Club Verwaltungs OHG;SH;53.8901;10.632
23617;Stockelsdorf;;53.8922;10.6471
23619;Hamberge;;53.8333;10.5833
23623;Ahrensbök;;54.0086;10.5743
23626;Ratekau;;53.95;10.7333
23627;Groß Sarau;;53.7667;10.7333
23628;Krummesse;;53.7833;10.65
23629;Sarkwitz;;54.0028;10.7101
23669;Timmendorfer Strand;;53.9953;10.7768
23683;Scharbeutz;;54.0345;10.7322
23684;Scharbeutz;;54.0333;10.75
23689;Pansdorf, Holstein;;53.9861;10.708
23701;Eutin;;54.1215;10.6468
23714;Malente;;54.1723;10.5597
23715;Bosau;;54.0979;10.4357
23717;Kasseedorf;;54.1667;10.7167
23719;Glasau;;54.05;10.5167
23730;Sierksdorf;;54.0667;10.7667
23738;Lensahn;;54.2165;10.8833
23743;Grömitz;;54.15;10.9667
23744;Schönwalde am Bungsberg;;54.1833;10.75
23746;Kellenhusen;;54.1934;11.0616
23747;Dahme;;54.2167;11.0833
23749;Grube;;54.2333;11.0333
23758;Gremersdorf;;54.3333;10.9333
23769;Fehmarn;;54.4378;11.1935
23774;Heiligenhafen;;54.3696;10.9802
23775;Großenbrode;;54.3833;11.0833
23777;Heringsdorf;;54.301;11.0066
23779;Neukirchen;;54.3238;11.0144
23791;Möbel Kraft;SH;53.9382;10.2988
23792;Finanzamt;SH;53.9331;10.3056
23795;Bad Segeberg;;53.9431;10.3022
23812;Wahlstedt;;53.9516;10.2063
23813;Blunk;;54.0094;10.3138
23815;Geschendorf;;53.9213;10.442
23816;Neversdorf;;53.8667;10.2833
23818;Neuengörs;;53.9;10.3833
23820;Pronstorf;;53.95;10.4667
23821;Rohlstorf;;53.9667;10.3889
23823;Seedorf;;54.05;10.4167
23824;Damsdorf;;54.0667;10.3167
23826;Bark;;53.9115;10.1795
23827;Wensin;;53.9833;10.4167
23829;Kükels;;53.9;10.2333
23840;Fire Protection Equipment GmbH;SH;53.802;10.3883
23841;Agentur für Arbeit Bad Oldesloe;SH;53.8091;10.3824
23843;Rümpel;;53.7833;10.35
23845;Oering;;53.8333;10.15
23847;Kastorf;;53.7457;10.5672
23858;Barnitz;;53.8;10.5
23860;Klein Wesenberg;;53.8167;10.55
23863;Bargfeld-Stegen;;53.7678;10.1875
23864;Werbeservice Danger;SH;53.7991;10.1347
23866;Nahe;;53.8;10.1333
23867;Sülfeld;;53.8;10.2333
23869;Elmenhorst;;53.7667;10.2667
23879;Mölln;;53.617;10.6874
23881;Borstorf;;53.6167;10.5667
23883;Seedorf;;53.6197;10.866
23896;Ritzerau;;53.6667;10.5667
23898;Kühsen;;53.6833;10.6167
23899;Besenthal;;53.5333;10.7333
23909;Fredeburg;;53.6667;10.7167
23911;Ziethen;;53.6944;10.8094
23919;Göldenitz;;53.7167;10.6333
23923;Roduchelstorf;;53.8206;10.9864
23935;Arla Foods Deutschland GmbH Niederlassung Upahl;MV;53.8264;11.2272
23936;Bernstorf;;53.8291;11.1166
23942;Kalkhorst;;53.9701;11.0447
23944;Ostseebad Boltenhagen;;53.9878;11.2019
23946;Boltenhagen;;53.9833;11.2167
23948;Groß Walmstorf;;53.9022;11.2626
23952;Wismar, Mecklenburg;;53.8884;11.4622
23966;Wismar;;53.892;11.4636
23968;Wismar;;53.9023;11.4036
23970;Wismar;;53.8743;11.4488
23972;Metelsdorf;;53.8543;11.4333
23974;Blowatz;;53.9897;11.5336
23992;Neukloster;;53.8655;11.6851
23996;Hohen Viecheln;;53.7845;11.5111
23999;Insel Poel;;54;11.4333
24088;HUK-Coburg;SH;54.3155;10.1282
24090;Deutsche Post AG Direkt Marketing Center Kiel;SH;54.2752;10.1612
24091;Investitionsbank Schleswig-Holstein;SH;54.3218;10.134
24094;Finanzamt Kiel-Nord;SH;54.3447;10.1326
24095;Finanzamt Kiel;SH;54.3332;10.1392
24096;Finanzministerium des Landes Schleswig Holstein Amt für Informationstechnik;SH;54.3332;10.1392
24097;Provinzial Versicherungsanstalten Schleswig Holstein;SH;54.3154;10.1315
24098;Christian-Albrechts-Universität zu Kiel;SH;54.3383;10.1283
24099;Landeshauptstadt Kiel;SH;54.3218;10.134
24100;Deutsche Post AG Niederlassung Filialen Kiel;SH;54.3181;10.1347
24103;Kiel;;54.3205;10.1327
24105;Kiel;;54.3347;10.1348
24106;Kiel;;54.3506;10.1205
24107;Kiel;;54.3333;10.1333
24109;Melsdorf;;54.3167;10.0333
24111;Kiel;;54.3333;10.1333
24113;Molfsee;;54.2667;10.0667
24114;Kiel;;54.3157;10.1302
24116;Kiel;;54.3253;10.1212
24118;Kiel;;54.3334;10.1176
24119;Kronshagen;;54.3333;10.0833
24130;thyssenkrupp Marine Systems GmbH -GB Submarines- Abt. Rechnungsprüfung;SH;54.3085;10.1384
24131;Agentur für Arbeit Kiel;SH;54.309;10.1327
24143;Kiel;;54.3061;10.1448
24145;Kiel;;54.3333;10.1333
24146;Kiel;;54.3333;10.1333
24147;Kiel;;54.3333;10.1333
24148;Kiel;;54.3187;10.1703
24149;Kiel;;54.3333;10.1333
24159;Kiel;;54.3973;10.1505
24161;Altenholz;;54.4;10.1333
24180;Deutsche Post AG Niederlassung BRIEF Kiel;SH;54.2752;10.1612
24211;Postfeld;;54.2104;10.2128
24214;Schinkel;;54.3667;9.95
24217;Wisch;;54.4108;10.3428
24220;Flintbek;;54.25;10.0667
24222;Schwentinental;;54.2944;10.2167
24223;Raisdorf;;54.2813;10.2491
24226;Heikendorf;;54.3667;10.2
24229;Schwedeneck;;54.4667;10.0833
24232;Schönkirchen;;54.3333;10.2333
24235;Stein;;54.4167;10.2667
24238;Martensrade;;54.2833;10.4
24239;Achterwehr;;54.3132;9.9661
24241;Schierensee;;54.25;9.9833
24242;Felde;;54.3;9.9333
24244;Felm;;54.4167;10.05
24245;Barmissen;;54.2;10.1833
24247;Rodenbek;;54.2833;10.0167
24248;Mönkeberg;;54.35;10.1833
24250;Warnau;;54.1833;10.1667
24251;Osdorf;;54.4333;10.0167
24253;Passade;;54.3667;10.3167
24254;Rumohr;;54.2556;10.0245
24256;Schlesen;;54.3215;10.3342
24257;Köhn;;54.35;10.45
24259;Westensee;;54.2745;9.8958
24300;AOK Schleswig-Holstein Direktion;SH;54.2835;10.1622
24306;Wittmoldt;;54.1667;10.3667
24321;Behrensdorf;;54.3504;10.6049
24326;Kalübbe;;54.1167;10.2833
24327;Blekendorf;;54.2821;10.6582
24329;Dannau;;54.2407;10.5423
24340;Eckernförde;;54.4685;9.8382
24349;Ostseebad Damp / Damp Holding;SH;54.5834;10.0216
24351;Thumby;;54.5833;9.9167
24354;Kosel;;54.5058;9.7565
24357;Fleckeby;;54.4833;9.7
24358;Hütten;;54.4333;9.7167
24360;Barkelsby;;54.5;9.8333
24361;Klein Wittensee;;54.3833;9.7333
24363;Holtsee;;54.4;9.85
24364;Holzdorf;;54.55;9.8833
24366;Loose;;54.5167;9.8833
24367;Osterby;;54.45;9.75
24369;Waabs;;54.5333;9.9833
24376;Arnis;;54.6333;9.9167
24392;Brebel;;54.6333;9.75
24395;Pommerby;;54.7667;9.95
24398;Karby;;54.6237;9.9732
24399;Arnis;;54.6304;9.9316
24401;Böel;;54.65;9.7167
24402;Esgrus;;54.7167;9.7833
24404;Maasholm;;54.6833;9.9833
24405;Rügge;;54.6833;9.7667
24407;Oersberg;;54.6667;9.85
24409;Stoltebüll;;54.7;9.8833
24530;Agentur für Arbeit Neumünster;SH;54.0681;9.9868
24531;Creditreform Neumünster Hanisch KG;SH;54.0717;9.9871
24534;Neumünster;;54.0725;9.9828
24536;Neumünster;;54.1077;9.9946
24537;Neumünster;;54.0893;9.9779
24539;Neumünster;;54.0614;9.9982
24558;Henstedt-Ulzburg;;53.805;9.9745
24568;Winsen;;53.8333;10.0167
24576;Bimöhlen;;53.9333;9.95
24582;Brügge;;54.1758;10.0691
24589;Schülp bei Nortorf;;54.1667;9.8833
24594;Tappendorf;;54.1042;9.6937
24598;Heidmühlen;;53.9667;10.0833
24601;Belau;;54.098;10.2585
24610;Gönnebek;;54.049;10.1969
24613;Wiedenborstel;;54.0436;9.7608
24616;Hasenkrug;;53.9833;9.85
24619;Rendswühren;;54.0833;10.1833
24620;Bönebüttel;;54.0833;10.0667
24622;Gnutz;;54.1333;9.8167
24623;Großenaspe;;53.9833;9.9667
24625;Großharrie;;54.1167;10.05
24626;Groß Kummerfeld;;54.05;10.0833
24628;Hartenholm;;53.8986;10.0595
24629;Kisdorf;;53.8167;10.0167
24631;Langwedel;;54.2103;9.9276
24632;Heidmoor;;53.8333;9.85
24634;Padenstedt;;54.05;9.9167
24635;Rickling;;54.0167;10.1667
24637;Schillsdorf;;54.1167;10.1333
24638;Schmalensee;;54.083;10.2705
24640;Schmalfeld;;53.8833;9.9667
24641;Stuvenborn;;53.85;10.1333
24643;Struvenhütten;;53.8667;10.05
24644;Loop;;54.15;9.95
24646;Warder;;54.2167;9.8833
24647;Ehndorf;;54.05;9.9
24649;Fuhlendorf;;53.9437;9.8868
24768;Rendsburg;;54.3066;9.6631
24782;Büdelsdorf;;54.3184;9.6729
24783;Osterrönfeld;;54.2901;9.699
24784;Westerrönfeld;;54.2833;9.65
24787;Fockbek;;54.3;9.6
24790;Haßmoor;;54.3;9.8167
24791;Alt Duvenstedt;;54.3667;9.65
24793;Bargstedt;;54.1667;9.7667
24794;Borgstedt;;54.3327;9.7095
24796;Krummwisch;;54.3333;9.9
24797;Hörsten;;54.2333;9.5833
24799;Christiansholm;;54.3167;9.4167
24800;Elsdorf-Westermühlen;;54.2667;9.5167
24802;Groß Vollstedt;;54.2333;9.8667
24803;Erfde;;54.3;9.3167
24805;Hamdorf;;54.2252;9.5187
24806;Sophienhamm;;54.2833;9.4667
24808;Jevenstedt;;54.2333;9.6667
24809;Nübbel;;54.2667;9.6167
24811;Owschlag;;54.3934;9.5924
24813;Schülp bei Rendsburg;;54.2667;9.6333
24814;Sehestedt;;54.3667;9.8167
24816;Stafstedt;;54.1667;9.6667
24817;Tetenhusen;;54.35;9.5
24819;Nienborstel;;54.1333;9.6167
24837;Schleswig;;54.5216;9.5586
24848;Alt Bennebek;;54.3833;9.4333
24850;Hüsby;;54.5;9.4833
24852;Sollerup;;54.5833;9.3167
24855;Bollingstedt;;54.5923;9.4174
24857;Fahrdorf;;54.5;9.6
24860;Klappholz;;54.6167;9.55
24861;Bergenhusen;;54.3833;9.3167
24863;Börm;;54.4;9.3833
24864;Goltoft;;54.55;9.7167
24866;Busdorf;;54.4911;9.55
24867;Dannewerk;;54.4833;9.5
24869;Dörpstedt;;54.4333;9.3667
24870;Ellingstedt;;54.4749;9.4114
24872;Groß Rheide;;54.4415;9.4351
24873;Havetoft;;54.65;9.5167
24875;Havetoftloit;;54.6616;9.5592
24876;Hollingstedt;;54.4593;9.337
24878;Jagel;;54.4565;9.5376
24879;Neuberend;;54.55;9.5333
24881;Nübel;;54.5667;9.5833
24882;Schaalby;;54.55;9.6333
24884;Selk;;54.4667;9.5667
24885;Sieverstedt;;54.6415;9.4695
24887;Silberstedt;;54.5167;9.3833
24888;Steinfeld;;54.6;9.75
24890;Süderfahrenstedt;;54.5833;9.5833
24891;Schnarup-Thumby;;54.65;9.65
24893;Taarstedt;;54.5667;9.6833
24894;Twedt;;54.6;9.6833
24896;Treia;;54.5;9.3167
24897;Ulsnis;;54.5667;9.75
24899;Wohlde;;54.4061;9.2989
24927;Agentur für Arbeit Flensburg;SH;54.7929;9.4237
24930;Orion Versand GmbH;SH;54.7761;9.3879
24932;Kraftfahrt-Bundesamt;SH;54.8133;9.4645
24933;Orion-Versand GmbH & Co. KG;SH;54.7761;9.3879
24937;Flensburg;;54.7862;9.4306
24939;Flensburg;;54.7983;9.4206
24941;Jarplund-Weding;;54.7371;9.4181
24943;Tastrup;;54.7667;9.4833
24944;Flensburg;;54.8092;9.4698
24945;1&1 Versatel Deutschland GmbH Rechnungsprüfung;SH;54.7917;9.4394
24955;Harrislee;;54.8;9.3833
24960;Glücksburg;;54.8352;9.5485
24963;Tarp;;54.6667;9.4
24966;Sörup;;54.7167;9.6667
24969;Großenwiehe;;54.7;9.25
24972;Steinberg;;54.7667;9.7833
24975;Ausacker;;54.7333;9.5667
24976;Handewitt;;54.7645;9.3153
24977;Ringsberg;;54.8069;9.5981
24980;Hörup;;54.7427;9.1024
24983;Handewitt;;54.7645;9.3153
24986;Rüde;;54.8244;9.572
24988;Oeversee;;54.7;9.4333
24989;Dollerup;;54.778;9.6798
24991;Großsolt;;54.7;9.5167
24992;Janneby;;54.6333;9.3
24994;Jardelund;;54.8333;9.2
24996;Sterup;;54.7265;9.7357
24997;Wanderup;;54.6833;9.3333
24999;Wees;;54.8062;9.517
25320;Agentur für Arbeit Elmshorn;SH;53.7564;9.6621
25333;Amtsgericht;SH;53.757;9.6525
25335;Bokholt-Hanredder;;53.7881;9.7359
25336;Elmshorn;;53.7491;9.6592
25337;Seeth-Ekholt;;53.7413;9.73
25348;Blomesche Wildnis;;53.8;9.4167
25355;Bevern;;53.7559;9.7709
25358;Hohenfelde;;53.8432;9.6226
25361;Grevenkop;;53.8426;9.5335
25364;Brande-Hörnerkirchen;;53.85;9.7167
25365;Klein Offenseth-Sparrieshoop;;53.7975;9.6865
25368;Kiebitzreihe;;53.7833;9.6167
25370;Seester;;53.7178;9.598
25371;Seestermühe;;53.7;9.5667
25373;Ellerhoop;;53.726;9.7693
25376;Krempdorf;;53.8333;9.4667
25377;Kollmar;;53.7294;9.4788
25379;Herzhorn;;53.7833;9.4833
25389;Deutsche Post AG Niederlassung BRIEF Elmshorn;SH;53.7443;9.7026
25392;Kreisverwaltung Pinneberg;SH;53.745;9.7002
25404;Pinneberg;;53.659;9.801
25421;Pinneberg;;53.6591;9.8009
25429;Uetersen;;53.6934;9.6542
25436;Heidgraben;;53.7079;9.681
25437;Tornesch;;53.7039;9.731
25450;Schleswig-Holstein Netz AG;SH;53.7453;9.9416
25451;Quickborn;;53.7283;9.9093
25462;Rellingen;;53.6413;9.8647
25469;Halstenbek;;53.6333;9.85
25474;Hasloh;;53.6947;9.9168
25479;Ellerau;;53.75;9.9167
25482;Appen;;53.6581;9.7458
25485;Langeln;;53.7929;9.8626
25486;Alveslohe;;53.7833;9.9167
25488;Holm;;53.6167;9.6667
25489;Haseldorf;;53.6378;9.5915
25491;Hetlingen;;53.6071;9.6372
25492;Heist;;53.65;9.65
25494;Borstel-Hohenraden;;53.6833;9.8167
25495;Kummerfeld;;53.6926;9.791
25497;Prisdorf;;53.6833;9.75
25499;Tangstedt;;53.6771;9.8488
25518;PROKON Regenerative Energien eG;SH;53.9596;9.484
25520;Itzehoer Versicherung;SH;53.9352;9.4977
25521;Itzehoer Versicherung;SH;53.9352;9.4977
25522;Novitas BKK;SH;53.9317;9.5202
25524;Heiligenstedtenerkamp;;53.8996;9.4681
25541;Brunsbüttel;;53.895;9.1048
25548;Rosdorf;;53.978;9.7274
25551;Winseldorf;;53.9443;9.6063
25554;Moorhusen;;53.9591;9.3835
25557;Seefeld;;54.0998;9.4931
25560;Hadenfeld;;54.0341;9.4558
25563;Hingstheide;;53.9;9.75
25566;Rethwisch;;53.867;9.5857
25569;Bahrenfleth;;53.8713;9.4396
25572;Landscheide;;53.9201;9.2529
25573;Beidenfleth;;53.8794;9.4131
25575;Beringstedt;;54.1167;9.5333
25576;Brokdorf;;53.8638;9.3231
25578;Dägeling;;53.8833;9.5333
25579;Rade;;54.0009;9.7416
25581;Poyenberg;;54.0333;9.7
25582;Kaaks;;53.99;9.4696
25584;Besdorf;;54.0501;9.36
25585;Tackesdorf;;54.1833;9.4833
25587;Münsterdorf;;53.9023;9.5412
25588;Huje;;53.9772;9.4344
25590;Osterstedt;;54.1082;9.5744
25591;Ottenbüttel;;53.9711;9.5042
25593;Christinenthal;;54.05;9.5333
25594;Vaalermoor;;53.9851;9.3391
25596;Wacken;;54.0208;9.376
25597;Westermoor;;53.9135;9.6239
25599;Wewelsfleth;;53.85;9.4
25693;Gudendorf;;54.0242;9.1079
25704;Nordermeldorf;;54.1167;9.0167
25709;Kronprinzenkoog;;53.9667;8.9667
25712;Buchholz;;53.9883;9.2236
25715;Eddelak;;53.95;9.15
25718;Friedrichskoog;;54.0167;8.9167
25719;Busenwurth;;54.0412;9.0377
25721;Eggstedt;;54.05;9.2667
25724;Neufeld;;53.9;9.0167
25725;Schafstedt;;54.0833;9.3
25727;Krumstedt;;54.0667;9.1833
25729;Windbergen;;54.05;9.1167
25742;Nord-Ostsee Automobile SE & Co. KG;SH;54.1947;9.1249
25744;Agentur für Arbeit Heide;SH;54.2022;9.1002
25746;Wesseln;;54.2099;9.0764
25761;Westerdeichstrich;;54.1615;8.8644
25764;Hillgroven;;54.2167;8.8833
25767;Tensbüttel-Röst;;54.1;9.2333
25770;Lieth;;54.156;9.0608
25774;Lunden;;54.3313;9.0252
25776;Schlichting;;54.3106;9.0894
25779;Glüsing;;54.2833;9.2167
25782;Hövede;;54.25;9.3
25785;Sarzbüttel;;54.1167;9.1833
25786;Dellstedt;;54.2333;9.3667
25788;Wallen;;54.2833;9.2667
25791;Linden;;54.25;9.1833
25792;Strübbel;;54.2667;8.9667
25794;Dörpling;;54.2592;9.305
25795;Weddingstedt;;54.2343;9.091
25797;Wöhrden;;54.1667;9
25799;Wrohm;;54.2131;9.3821
25813;Husum;;54.4858;9.0524
25821;Breklum;;54.6;8.9833
25826;Sankt Peter-Ording;;54.3036;8.6414
25832;Kotzenbüll;;54.3333;8.9045
25836;Grothusenkoog;;54.3013;8.7589
25840;Koldenbüttel;;54.3833;9.0667
25842;Bargum;;54.7;8.95
25845;Nordstrand;;54.4968;8.8869
25849;Pellworm;;54.5161;8.6451
25850;Bondelum;;54.5667;9.2667
25852;Bordelum;;54.6333;8.9333
25853;Bohmstedt;;54.5833;9.05
25855;Haselund;;54.6;9.1833
25856;Hattstedtermarsch;;54.55;9
25858;Högel;;54.65;9.0667
25859;Hooge;;54.57;8.5481
25860;Olderup;;54.5333;9.1167
25862;Joldelund;;54.65;9.1333
25863;Langeneß;;54.6333;8.6333
25864;Löwenstedt;;54.6216;9.1726
25866;Mildstedt;;54.4667;9.1
25868;Norderstapel;;54.36;9.2408
25869;Gröde;;54.6333;8.7167
25870;Oldenswort;;54.3724;8.94
25872;Ostenfeld;;54.464;9.2343
25873;Rantrum;;54.4406;9.1287
25875;Schobüll;;54.5092;9.0062
25876;Süderhöft;;54.3833;9.2333
25878;Drage;;54.3556;9.1578
25879;Süderstapel;;54.35;9.2167
25881;Tümlauer Koog;;54.35;8.6833
25882;Tetenbüll;;54.3521;8.8279
25884;Norstedt;;54.5833;9.1333
25885;Ahrenviöl;;54.5313;9.2068
25887;Winnert;;54.4333;9.2
25889;Witzwort;;54.4;8.9833
25899;Bosbüll;;54.8167;8.8667
25917;Sprakebüll;;54.7833;9.0833
25920;Stedesand;;54.7386;8.9275
25923;Süderlügum;;54.8739;8.9111
25924;Klanxbüll;;54.8637;8.6771
25926;Ladelund;;54.8408;9.0214
25927;Aventoft;;54.8761;8.7691
25938;Nieblum;;54.6919;8.4909
25946;Norddorf;;54.6797;8.333
25980;Rantum;;54.8457;8.2933
25992;List;;55.0192;8.4313
25996;Wenningstedt;;54.9358;8.33
25997;Hörnum;;54.7573;8.2883
25999;Kampen;;54.9541;8.3417
26060;DeutschlandCard GmbH;BY;48.1325;11.6203
26066;ZBI GmbH;BY;49.5938;11.0067
26090;Deutsche Post AG Niederlassung Briefpost;NI;53.1094;8.263
26101;OFFIS Team;NI;53.1487;8.2
26102;EWE NETZ GmbH;NI;53.1118;8.2102
26105;Stadt Oldenburg (Oldb);NI;53.1524;8.1876
26106;Amt für regionale Landesentwicklung Weser-Ems;NI;53.1388;8.2028
26107;EWE Vertrieb GmbH;NI;53.1466;8.2171
26108;EWE Netz GmbH;NI;53.1393;8.1963
26109;Agentur für Arbeit Oldenburg;NI;53.1412;8.2253
26110;Nordwest-Zeitung Verlagsgesellschaft mbH & Co KG;NI;53.188;8.227
26111;Carl von Ossietzky Universität Oldenburg;NI;53.1488;8.1823
26114;EWE Vertrieb GmbH;NI;53.1107;8.2094
26119;BARMER;NI;53.158;8.1746
26121;Oldenburg;;53.1599;8.205
26122;Oldenburg;;53.1407;8.2171
26123;Oldenburg;;53.1567;8.2333
26125;Oldenburg;;53.1698;8.225
26127;Oldenburg;;53.1684;8.2106
26129;Oldenburg;;53.1547;8.1706
26131;Oldenburg;;53.131;8.1828
26133;Oldenburg;;53.1156;8.2159
26135;Oldenburg;;53.1267;8.2384
26158;Rügenwalder Mühle Carl Müller GmbH & Co. KG;NI;53.1743;8.061
26160;Bad Zwischenahn;;53.1717;8.0414
26169;Friesoythe;;53.0226;7.8576
26177;Ulla Popken Junge Mode ab Größe 42 GmbH;NI;53.2799;8.1583
26178;August Brötje GmbH;NI;53.2453;8.188
26180;Rastede;;53.25;8.2
26188;Edewecht;;53.1228;8.1138
26197;Großenkneten;;52.9438;8.2532
26203;Wardenburg;;53.0667;8.2
26209;Hatten;;53.0167;8.35
26215;Wiefelstede;;53.25;8.1167
26219;Bösel;;53;7.95
26316;Varel;;53.3969;8.1362
26340;Zetel Zetel;;53.3946;7.9502
26345;Bockhorn Blauhand;;53.4447;8.0216
26349;Jade;;53.3844;8.241
26379;Berufsförderungsdienst;NI;53.5352;8.1333
26380;Unfallversicherung Bund und Bahn Abt. Künstlersozialkasse;NI;53.5203;8.1237
26382;Wilhelmshaven;;53.5234;8.1075
26384;Wilhelmshaven;;53.5395;8.1441
26386;Wilhelmshaven;;53.5568;8.1266
26388;Wilhelmshaven;;53.577;8.1021
26389;Wilhelmshaven;;53.5241;8.0867
26392;Unfallversicherung Bund und Bahn;NI;53.5163;8.1226
26409;Wittmund Eggelingen;;53.606;7.835
26419;Schortens Grafschaft;;53.5548;7.984
26425;NV-Versicherungen VVag;NI;53.6918;7.6915
26427;Dunum;;53.6;7.65
26434;Wangerland Waddewarden;;53.6078;7.9544
26441;Jever;;53.5737;7.8981
26446;Friedeburg Reepsholt, Dose;;53.5018;7.8902
26452;Sande Sanderbusch;;53.508;8.0163
26465;Langeoog;;53.75;7.4833
26474;Spiekeroog;;53.7701;7.6948
26486;Wangerooge;;53.79;7.8994
26487;Blomberg;;53.5768;7.5582
26489;Ochtersum;;53.6069;7.5162
26506;Norden Neuwesteel;;53.5418;7.1662
26524;Lütetsburg;;53.6;7.25
26529;Osteel;;53.5442;7.254
26532;Großheide Berumerfehn;;53.5606;7.3462
26548;Norderney;;53.7083;7.1582
26553;Dornum Nesse;;53.6537;7.3772
26556;Utarp;;53.6167;7.4833
26571;Juist;;53.6779;6.9958
26579;Baltrum;;53.7284;7.3714
26603;Aurich;;53.4719;7.4775
26605;Aurich;;53.4839;7.5151
26607;Aurich;;53.4839;7.5151
26623;Schecker GmbH;NI;53.5004;7.3875
26624;Südbrookmerland Victorbur;;53.488;7.3612
26629;Großefehn Westgroßefehn;;53.3835;7.5269
26632;Ihlow Simonswolde;;53.3714;7.4002
26639;Wiesmoor Wiesmoor;;53.4137;7.7355
26653;Stadt Westerstede;NI;53.2576;7.9272
26655;Westerstede;;53.2568;7.9274
26670;Uplengen;;53.3055;7.7512
26676;Barßel;;53.1698;7.7501
26683;Saterland;;53.1033;7.6825
26689;Apen;;53.2262;7.7489
26721;Emden;;53.3701;7.2031
26723;Emden;;53.3667;7.2167
26725;Emden;;53.3528;7.2184
26736;Krummhörn Loquard;;53.3894;7.0458
26757;Borkum;;53.5809;6.6915
26759;Hinte Cirkwehrum;;53.4373;7.1723
26786;Agentur für Arbeit Leer;NI;53.232;7.4585
26787;Agentur für Arbeit Leer;NI;53.232;7.4585
26789;Leer (Ostfriesland);;53.2348;7.4752
26802;Moormerland;;53.3114;7.423
26810;Westoverledingen;;53.1692;7.4614
26817;Rhauderfehn;;53.1362;7.5747
26826;Weener;;53.1633;7.3505
26831;Boen;;53.1469;7.2669
26835;Neukamperfehn;;53.3364;7.5619
26842;Ostrhauderfehn;;53.1333;7.6167
26844;Jemgum;;53.2667;7.3833
26845;Nortmoor;;53.2461;7.5718
26847;Detern;;53.2093;7.674
26849;Filsum;;53.2421;7.6279
26869;MEYER WERFT GmbH & Co. KG;NI;53.0925;7.3668
26871;Papenburg;;53.0774;7.4044
26892;Wippingen;;52.9234;7.4072
26897;Esterwegen;;52.9929;7.6333
26899;Rhede;;53.0602;7.2713
26901;Lorup;;52.9249;7.6434
26903;Surwold;;52.978;7.5153
26904;Börger;;52.9121;7.5358
26906;Dersum;;52.9611;7.2739
26907;Walchum;;52.9272;7.2832
26909;Neubörger;;52.9582;7.4484
26919;Brake;;53.3252;8.465
26930;Georg Roll Briefmarken GmbH;NI;53.2369;8.4599
26931;Elsfleth;;53.2375;8.4566
26935;Stadland;;53.3833;8.3833
26936;Stadland;;53.3833;8.3833
26937;Stadland;;53.3833;8.3833
26939;Ovelgönne;;53.3419;8.4218
26954;Nordenham;;53.4861;8.4809
26969;Butjadingen;;53.5472;8.335
27209;Abfall Wirtschaftsgesellschaft mbh;NI;52.8242;8.6991
27211;Bassum;;52.8506;8.7279
27232;Sulingen;;52.6837;8.8095
27239;Twistringen;;52.7993;8.6416
27243;Harpstedt;;52.9094;8.5896
27245;Bahrenborstel;;52.5701;8.8086
27246;Borstel;;52.6646;9.0201
27248;Ehrenburg;;52.75;8.7
27249;Maasen;;52.6922;8.8845
27251;Scholen;;52.7333;8.7667
27252;Schwaförden;;52.7377;8.8303
27254;Siedenburg;;52.6929;8.9396
27257;Affinghausen;;52.7833;8.8833
27259;Varrel;;52.6215;8.7331
27270;VBS Bastel-Service;NI;52.9264;9.2822
27279;Agentur für Arbeit Verden;NI;52.9233;9.2397
27280;Vereinigte Informationssysteme Tierhaltung (VIT);NI;52.9227;9.2392
27281;Deutsche Post AG Zustellstützpunkt Verden/Aller;NI;52.9201;9.2374
27283;Verden (Aller);;52.9208;9.248
27298;DaSo Marketing GmbH;NI;52.9839;9.1838
27299;Langwedel;;52.9786;9.1854
27305;Bruchhausen-Vilsen;;52.8293;8.9907
27308;Kirchlinteln;;52.9424;9.3181
27313;Dörverden;;52.85;9.2333
27317;Volksbank Niedersachsen-Mitte eG;NI;52.8054;9.1354
27318;Hoya;;52.8078;9.1403
27321;Morsum;;52.9535;9.0796
27324;Gandesbergen;;52.76;9.2256
27327;Martfeld;;52.8757;9.0608
27330;Asendorf;;52.7722;9.0049
27333;Warpe;;52.7333;9.1
27336;Häuslingen;;52.8099;9.3923
27337;Blender;;52.9167;9.1333
27339;Riede;;52.9667;8.95
27356;Rotenburg (Wümme);;53.1199;9.4238
27357;Avides Media AG;NI;53.0941;9.448
27367;Ahausen;;53.0667;9.3167
27374;Visselhövede;;52.9855;9.5826
27383;Scheeßel;;53.1667;9.4833
27386;Hemsbünde;;53.09;9.4726
27389;Vahlde;;53.1851;9.6321
27400;DMK Deutsches Milchkontor GmbH;NI;53.2799;9.3093
27404;Elsdorf;;53.2412;9.3506
27412;Breddorf;;53.2926;9.0809
27419;Lengenbostel;;53.3;9.5167
27432;Oerel;;53.4833;9.05
27442;Gnarrenburg;;53.3833;9
27446;Farven;;53.4333;9.3167
27449;Kutenholz;;53.4815;9.3212
27470;Landkreis Cuxhaven;NI;53.8625;8.6975
27472;Cuxhaven;;53.8584;8.709
27474;Cuxhaven;;53.8555;8.6773
27476;Cuxhaven;;53.861;8.6483
27478;Cuxhaven;;53.8187;8.664
27498;Helgoland;;54.1814;7.8863
27499;Hamburg Neuwerk;;53.9167;8.5
27554;Weser-Elbe Sparkasse;HB;53.5426;8.5803
27568;Bremerhaven;;53.5687;8.5741
27570;Bremerhaven;;53.5286;8.5907
27572;Bremerhaven;;53.5002;8.6047
27574;Bremerhaven;;53.5299;8.6098
27576;Bremerhaven;;53.5545;8.5933
27578;Bremerhaven;;53.5887;8.5977
27580;Bremerhaven;;53.5685;8.5968
27607;Langen;;53.6055;8.5951
27612;Loxstedt;;53.4667;8.65
27616;Frelsdorf;;53.4913;8.8991
27619;Schiffdorf;;53.5333;8.65
27624;Kührstedt;;53.5775;8.8009
27628;Bramstedt;;53.366;8.6901
27637;Nordholz;;53.7833;8.6
27638;Wremen;;53.65;8.5167
27639;Cappel;;53.7265;8.5703
27709;Möbelhaus Käthe Meyerhoff GmbH;NI;53.2299;8.7563
27711;Osterholz-Scharmbeck;;53.227;8.7953
27721;Ritterhude;;53.1829;8.7355
27726;Worpswede;;53.2167;8.9333
27729;Vollersode;;53.3333;8.9167
27747;Finanzamt Delmenhorst;NI;53.0444;8.6388
27749;Delmenhorst;;53.0509;8.6291
27751;Delmenhorst;;53.048;8.6606
27753;Delmenhorst;;53.0628;8.6236
27755;Delmenhorst;;53.0275;8.6385
27777;Ganderkesee;;53.0333;8.5333
27793;Wildeshausen;;52.8945;8.4338
27798;Hude (Oldenburg);;53.1167;8.4667
27801;Dötlingen;;52.9333;8.3833
27804;Berne;;53.1814;8.4822
27809;Lemwerder;;53.1667;8.6167
28100;Radio Bremen;HB;53.0804;8.7957
28101;Zech Management GmbH;HB;53.0877;8.7846
28102;Gesundheit - Nord gGmbH;HB;53.0829;8.8687
28103;wpd onshore GmbH & Co. KG;HB;53.0821;8.7885
28104;EK Group GmbH;NI;53.2316;8.699
28105;AS Abrechnungsstelle für Heil- Hilfs- und Pflegeberufe AG;HB;53.0807;8.8014
28107;Winit Germany GmbH;HB;53.0803;8.732
28111;Kühne & Nagel (AG & Co.) KG;HB;53.0738;8.8053
28163;Landschaftliche Brandkasse Hannover Öffentliche Versicherung Bremen;HB;53.0766;8.8035
28174;Eilers & Schünemann Verlag KG;HB;53.0761;8.8032
28177;Klinikum Bremen-Mitte gGmbH;HB;53.0751;8.8374
28178;Daimler Betriebskrankenkasse;HB;53.0601;8.904
28181;Mondelez Deutschland;HB;53.0692;8.7865
28182;Paul Schrader GmbH & Co. KG;NI;53.0181;8.8779
28183;AIRBUS Operations GmbH;HB;53.0543;8.7984
28184;Amtsgericht Bremen;HB;53.0735;8.8116
28185;hkk;HB;53.0761;8.8037
28187;G & W Verwaltungsgesellschaft mbH;HB;53.073;8.8669
28188;Seghorn AG;HB;53.0698;8.8685
28189;GEWOBA Aktiengesellschaft Wohnen und Bauen;HB;53.0789;8.8162
28190;Daimler AG Mercedes-Benz Werk Bremen;HB;53.0601;8.904
28192;BKK firmus;HB;53.1409;8.7038
28195;Bremen;;53.0889;8.7906
28197;Bremen;;53.0854;8.7463
28199;Bremen;;53.0618;8.79
28201;Bremen;;53.0577;8.8036
28203;Bremen;;53.0711;8.8317
28205;Bremen;;53.0709;8.846
28207;Bremen;;53.0687;8.8697
28209;Bremen;;53.0841;8.8271
28211;Bremen;;53.0859;8.8549
28213;Bremen;;53.1094;8.7814
28215;Bremen;;53.0926;8.8073
28217;Bremen;;53.0938;8.783
28219;Bremen;;53.1036;8.7875
28237;Bremen;;53.1165;8.7595
28239;Bremen;;53.124;8.7464
28259;Bremen;;53.0543;8.7457
28275;BGHW Berufsgenossenschaft Handel und Warendistribution;HB;53.0831;8.8067
28277;Bremen;;53.1094;8.7814
28279;Bremen;;53.0483;8.8383
28305;DFT Deutsche Flächen-Technik Industrieboden GmbH;HB;53.0335;8.8773
28307;Bremen;;53.0441;8.9558
28309;Bremen;;53.0515;8.8896
28323;A. Jaekel Import-Export GmbH & Co. KG;HB;53.0805;8.8751
28325;Bremen;;53.1094;8.7814
28327;Bremen;;53.081;8.8925
28329;Bremen;;53.0815;8.8721
28335;Bremen;;53.054;8.746
28353;BEGO Bremer Goldschlägerei Wilh. Herbst GmbH & Co.;HB;53.1121;8.8514
28355;Bremen;;53.1001;8.9029
28357;Bremen;;53.1178;8.8947
28359;Bremen;;53.1003;8.8752
28363;Agentur für Arbeit Bremen;HB;53.0851;8.7992
28365;InBev Market Development GmbH & Co. KG;HB;53.0587;8.7847
28366;HUK-Coburg;HB;53.0791;8.7994
28375;Deutsche Post AG NL Filialen Zustellabrechnungscenter;HB;53.1732;8.6369
28390;Deutsche Post AG Direkt Marketing Center Bremen;HB;53.1071;8.8655
28700;Deutsche Post AG Niederlassung BRIEF Bremen;HB;53.0518;8.7748
28717;Bremen;;53.1735;8.7045
28719;Bremen;;53.1728;8.7135
28751;Soller Multiservice GmbH & Co. KG;HB;53.1419;8.7051
28755;Bremen;;53.1094;8.7814
28757;Bremen;;53.1094;8.7814
28759;Bremen;;53.1094;8.7814
28777;Bremen;;53.1094;8.7814
28779;Bremen;;53.1094;8.7814
28788;Standortverwaltung Schwanewede;NI;53.2248;8.5769
28790;Schwanewede;;53.2321;8.5407
28816;Stuhr;;53.0333;8.75
28832;Achim;;53.0142;9.0263
28844;Weyhe;;52.989;8.8314
28855;Amtsgericht;NI;52.912;8.8237
28857;Syke;;52.9135;8.8221
28865;Lilienthal;;53.1419;8.9034
28869;Dodenhof Posthausen KG;NI;53.0627;9.1728
28870;Ottersberg;;53.1292;9.1068
28876;Oyten;;53.05;9.0167
28879;Grasberg;;53.1833;8.9833
29216;Agentur für Arbeit Celle;NI;52.6343;10.0817
29218;Mobil Krankenkasse;NI;52.613;10.0662
29219;Heinze GmbH;NI;52.6381;10.0498
29220;Stadt Celle;NI;52.6195;10.088
29221;Celle;;52.6175;10.085
29223;Celle;;52.6333;10.0842
29225;Celle;;52.6122;10.0402
29227;Celle;;52.611;10.0993
29229;Celle;;52.6167;10.0833
29270;Deutsche Post AG NL BRIEF Celle;NI;52.6416;10.1041
29303;Bergen;;52.8084;9.9637
29308;Winsen (Aller);;52.6837;9.9095
29313;Hambühren;;52.6333;9.9833
29320;Hermannsburg;;52.8325;10.0896
29323;Wietze;;52.65;9.8333
29328;Faßberg;;52.9;10.1667
29331;Lachendorf;;52.6167;10.25
29336;Nienhagen;;52.557;10.1021
29339;Wathlingen;;52.5369;10.1507
29342;Wienhausen;;52.5802;10.1886
29345;Unterlüß;;52.8347;10.2969
29348;Scharnhorst;;52.7167;10.2833
29351;Eldingen;;52.6833;10.3333
29352;Adelheidsdorf;;52.564;10.0604
29353;Ahnsbeck;;52.6107;10.2853
29355;Beedenbostel;;52.6429;10.2591
29356;Bröckel;;52.5163;10.2151
29358;Eicklingen;;52.5504;10.1844
29359;Habighorst;;52.7086;10.2274
29361;Höfer;;52.6833;10.25
29362;Hohne;;52.5872;10.376
29364;Langlingen;;52.5559;10.2829
29365;Sprakensehl;;52.7667;10.4918
29367;Steinhorst;;52.6833;10.4
29369;Ummern;;52.5911;10.4319
29377;Butting;NI;52.6653;10.6839
29378;Wittingen;;52.7281;10.7391
29379;Wittingen;;52.7333;10.7167
29386;Hankensbüttel;;52.7333;10.6
29389;Bad Bodenteich;;52.8333;10.6833
29392;Wesendorf;;52.6;10.5333
29393;Groß Oesingen;;52.6476;10.4637
29394;Lüder;;52.8088;10.6661
29396;Schönewörde;;52.6333;10.6333
29399;Wahrenholz;;52.6167;10.6
29410;Chüden;;52.85;11.2333
29413;Lagendorf;;52.8294;10.8431
29416;Kerkau;;52.784;11.4296
29439;Lüchow;;52.9681;11.154
29451;Dannenberg (Elbe) Sipnitz;;53.1134;11.1648
29456;Hitzacker Meudelfitz;;53.1606;10.9932
29459;Clenze;;52.9373;10.9575
29462;Wustrow;;52.9237;11.1285
29465;Schnega Lütenthien;;52.8951;10.8639
29468;Bergen (Dumme) Bergen;;52.8908;10.9566
29471;Gartow Rondel;;53.0103;11.39
29472;Damnatz Jasebeck;;53.1618;11.1385
29473;Göhrde Dübbekold;;53.1465;10.8859
29475;Gorleben Meetschow;;53.0483;11.388
29476;Gusborn Zadrau;;53.0496;11.1767
29478;Höhbeck Restorf;;53.0417;11.4444
29479;Jameln Teichlosen;;53.035;11.0232
29481;Karwitz Lebbien;;53.0856;11.0293
29482;Küsten Sallahn;;53.0249;10.9977
29484;Langendorf;;53.1009;11.2558
29485;Lemgow;;52.9167;11.3333
29487;Luckau;;52.9275;11.0486
29488;Lübbow;;52.9116;11.181
29490;Neu Darchau;;53.229;10.8853
29491;Prezelle;;52.9667;11.4
29493;Schnackenburg;;53.0373;11.5645
29494;Trebel;;53;11.3167
29496;Waddeweitz Maddau;;53.0129;10.9622
29497;Woltersdorf;;52.95;11.2167
29499;Zernien;;53.0685;10.8832
29523;Amtsgericht;NI;52.9622;10.559
29525;Uelzen;;52.9657;10.5611
29549;Bad Bevensen;;53.0792;10.5813
29553;Bienenbüttel;;53.1416;10.4868
29556;Suderburg;;52.8959;10.4514
29559;Wrestedt;;52.9043;10.5749
29562;Suhlendorf;;52.9333;10.7667
29565;Wriedel;;53.0313;10.2985
29568;Wieren;;52.8853;10.6587
29571;Rosche;;52.9866;10.7518
29574;Ebstorf;;53.0278;10.4184
29575;Altenmedingen;;53.1305;10.6016
29576;Barum;;53.05;10.5167
29578;Eimke;;52.966;10.3132
29579;Emmendorf;;53.0202;10.5646
29581;Gerdau;;52.9667;10.4167
29582;Hanstedt I;;53.05;10.3667
29584;Himbergen;;53.0942;10.7291
29585;Jelmstorf;;53.1013;10.5224
29587;Natendorf;;53.0798;10.4703
29588;Oetzen;;53.0192;10.6757
29590;Rätzlingen;;52.9758;10.6754
29591;Römstedt;;53.1;10.65
29593;Schwienau;;53.0056;10.4454
29594;Soltendieck;;52.8737;10.7616
29596;Stadensen;;52.8757;10.5562
29597;Stoetze;;53.0667;10.7833
29599;Weste;;53.0594;10.7028
29611;hagebau Österreich GmbH & CO. KG;NI;52.9651;9.8557
29612;hagebau Handelsgesellschaft f. Baustoffe GmbH & Co. KG Abt. Belegvorbereitung;NI;52.9651;9.8557
29614;Soltau;;52.9864;9.8434
29633;Munster;;52.9857;10.0876
29640;Schneverdingen;;53.1168;9.7952
29643;Neuenkirchen;;53.0326;9.7064
29646;Bispingen;;53.0831;9.9977
29649;Wietzendorf;;52.9167;9.9833
29664;Walsrode;;52.8615;9.5926
29683;Fallingbostel;;52.8497;9.688
29690;Gilten;;52.7;9.5833
29693;Ahlden (Aller);;52.7667;9.55
29699;Bomlitz;;52.9;9.65
30125;KKH Kaufmännische Krankenkasse Hauptverwaltung;NI;52.3713;9.8056
30126;Commerzbank AG;NI;52.375;9.7428
30127;H./G./K. Hotel- und Gastronomie-Kauf eG;NI;52.3821;9.7542
30130;Schlütersche Verlagsgesellschaft mbH & Co.KG;NI;52.3709;9.7652
30131;Familienkasse Niedersachsen-Bremen;NI;52.4162;9.7328
30132;Berufsgenossenschaft Verkehrswirtschaft Post-Logistik, Telekommunikation;NI;52.39;9.7549
30133;VHV Allgemeine Kautionsversicherung;NI;52.4015;9.7659
30134;Energie-BKK;NI;52.4191;9.8259
30135;Deutsche Apotheker und Ärztebank e.G Zentrales Service Zentrum;NI;52.4162;9.7328
30138;VHV Vereinigte Hannoversche Versicherung;NI;52.4015;9.7659
30139;Deutsche Postbank AG Niederlassung Hannover;NI;52.3788;9.7331
30140;Versicherungsgruppe Hannover Landschaft. Brandkasse Provinzial Lebensvers.;NI;52.3702;9.7445
30141;Berufsgenossenschaft der Bauwirtschaft Bezirksverwaltung Hannover (BG Bau);NI;52.3316;9.7746
30142;AOK Die Gesundheitskasse für Niedersachsen Regionaldirektion;NI;52.3711;9.7687
30144;KKH Kaufmännische Krankenkasse Hauptverwaltung;NI;52.3713;9.8056
30145;Deutsche Telekom AG Niederlassung Hannover;NI;52.3343;9.7794
30146;Allianz Lebensversicherungs-AG;NI;52.377;9.7263
30147;Agentur für Arbeit Hannover;NI;52.3753;9.7283
30148;Verlagsgesellschaft Madsack GmbH & Co.;NI;52.3498;9.8027
30149;Niedersächsisches Landesamt für Bezüge und Versorgung (NLBV);NI;52.3628;9.7216
30151;NORD/LB;NI;52.3679;9.7416
30152;R+V Versicherung;NI;52.3995;9.7371
30153;Sparda Bank Hannover eG;NI;52.3753;9.7415
30154;GE Money Bank GmbH;NI;52.421;9.7326
30156;Sozialversicherung für Landwirtschaft Forsten und Gartenbau;NI;52.3551;9.7596
30157;Aktivbank AG Zentralregulierung;NI;52.1657;9.9921
30159;Hannover;;52.3736;9.7371
30161;Hannover;;52.3874;9.7465
30163;Hannover;;52.3943;9.7475
30165;Hannover;;52.4008;9.7217
30167;Hannover;;52.3914;9.7083
30169;Hannover;;52.3633;9.748
30171;Hannover;;52.3697;9.7521
30173;Hannover;;52.3586;9.7558
30175;Hannover;;52.3667;9.7167
30177;Hannover;;52.3973;9.7707
30179;Hannover;;52.4137;9.7544
30417;Varta Autobatterie GmbH;NI;52.4165;9.6387
30419;Hannover;;52.414;9.6603
30449;Hannover;;52.3685;9.7082
30451;Hannover;;52.3751;9.7094
30453;Hannover;;52.3665;9.6815
30455;Hannover;;52.3574;9.671
30457;Hannover;;52.3288;9.7001
30459;Hannover;;52.3425;9.7153
30517;MDKN Medizinischer Dienst der Krankenversicherung Niedersachsen;NI;52.3279;9.7778
30519;Hannover;;52.3398;9.7743
30521;Hannover;;52.3667;9.7167
30539;Hannover;;52.339;9.8288
30559;Hannover;;52.3613;9.8344
30619;Mecklenburgische Versicherungs- Gesellschaften;NI;52.3783;9.8074
30620;TUI Deutschland GmbH;NI;52.3714;9.8052
30621;Concordia Versicherungsgruppe;NI;52.3713;9.8056
30622;Hannoversche-Consult GmbH;NI;52.4015;9.7659
30623;Medizinische Hochschule Hannover;NI;52.3841;9.806
30625;Hannover;;52.3795;9.8075
30627;Hannover;;52.3667;9.7167
30629;Hannover;;52.3895;9.8502
30645;Itsc GmbH;NI;52.3835;9.8104
30647;HDI AG;NI;52.4108;9.8183
30655;Hannover;;52.4026;9.7939
30657;Hannover;;52.4265;9.7921
30659;Hannover;;52.4097;9.808
30669;Hannover;;52.3667;9.7167
30684;Berufsgenossenschaft Rohstoffe u. chemische Industrie, Scanzentrum;NI;52.3316;9.7746
30686;E.ON Real Estate GmbH;NW;51.5161;7.462
30689;Agentur für Arbeit Hannover;NI;52.3753;9.7283
30690;Deutsche Post AG Niederlassung BRIEF Hannover;NI;52.2592;9.781
30691;HUK-Coburg;NI;52.3767;9.729
30692;Deutsche Post AG (DMC) Direkt Marketing Center Hannover;NI;52.4215;9.8298
30700;Deutsche Post AG Niederlassung Produktion Paket;NI;52.3566;9.8749
30820;Heycom;NI;52.4193;9.5738
30821;SAZ Services GmbH;NI;52.4199;9.575
30823;Garbsen;;52.4182;9.6021
30826;Garbsen;;52.4759;9.5359
30827;Garbsen;;52.4353;9.611
30851;Langenhagen;;52.4378;9.7432
30853;Langenhagen;;52.4506;9.7492
30855;Langenhagen;;52.4402;9.6655
30875;Deutsche Rentenversicherung Braunschweig-Hannover;NI;52.3001;9.8215
30876;Siemens AG Zweigniederlassung Hannover;NI;52.286;9.8212
30880;Laatzen;;52.3151;9.7974
30890;Barsinghausen;;52.3;9.45
30900;Wedemark;;52.541;9.7429
30916;Isernhagen;;52.4333;9.85
30926;Seelze;;52.3964;9.5973
30938;Burgwedel;;52.5027;9.86
30952;Ronnenberg;;52.3194;9.6554
30966;Hemmingen;;52.3143;9.7236
30974;Wennigsen;;52.274;9.5729
30982;Pattensen;;52.2645;9.7644
30988;Robert-Koch-Krankenhaus;NI;52.3042;9.5976
30989;Gehrden;;52.3136;9.6003
31007;Stadtverwaltung Stadt Elze;NI;52.1191;9.7364
31008;Elze;;52.1226;9.7359
31020;Salzhemmendorf;;52.0887;9.6312
31028;Gronau (Leine);;52.0833;9.7833
31029;Banteln;;52.0667;9.75
31032;Betheln;;52.1143;9.794
31033;Brüggen;;52.0425;9.7745
31036;Eime;;52.0745;9.7212
31039;Rheden;;52.0578;9.7871
31061;Alfeld (Leine);;51.9881;9.817
31073;Delligsen;;51.9412;9.8027
31079;Adenstedt;;51.9985;9.9352
31084;Freden (Leine);;51.9333;9.9
31085;Everode;;51.95;9.9167
31088;Winzenburg;;51.9333;9.9333
31089;Duingen;;52.0045;9.6958
31091;Coppengrave;;51.9833;9.7333
31093;Hoyershausen;;52.0189;9.7535
31094;Marienhagen;;52.0372;9.6869
31096;Weenzen;;52.0333;9.6667
31097;Harbarnsen;;51.9833;9.9667
31099;Woltershausen;;51.9833;9.95
31120;Niedersächsisches Landesamt für Soziales Jugend und Familie;NI;52.1496;9.9473
31121;Agentur für Arbeit Hildesheim;NI;52.1591;9.9584
31129;Niedersächsisches Landesamt für Soziales Jugend und Familie;NI;52.1496;9.9473
31130;Sparkasse Hildesheim Goslar Peine;NI;52.1525;9.9518
31131;Prisma Büroring Service GmbH Belegmanagement;NI;52.1657;9.9921
31132;Landkreis Hildesheim;NI;52.1454;9.9505
31134;Hildesheim;;52.1531;9.9555
31135;Hildesheim;;52.1647;9.9768
31137;Hildesheim;;52.1603;9.9331
31139;Hildesheim;;52.141;9.9407
31141;Hildesheim;;52.1353;9.9713
31157;Sarstedt;;52.235;9.8541
31162;Bad Salzdetfurth;;52.0578;10.0058
31167;Bockenem;;52.0099;10.132
31171;Nordstemmen;;52.162;9.7835
31174;Schellerten;;52.1853;10.1023
31177;Harsum;;52.2104;9.9649
31180;Giesen;;52.1972;9.8989
31185;Söhlde;;52.189;10.2324
31188;Holle;;52.0872;10.1601
31191;Algermissen;;52.2533;9.9691
31195;Lamspringe;;51.9607;10.011
31196;Sehlem;;52.0124;9.9759
31199;Diekholzen;;52.0962;9.9195
31221;Finanzamt Peine;NI;52.329;10.2461
31224;Peine;;52.3233;10.2307
31226;Peine;;52.3143;10.2336
31228;Peine;;52.3395;10.2492
31234;Edemissen;;52.387;10.2614
31241;Ilsede;;52.2634;10.1992
31246;Lahstedt;;52.25;10.2167
31249;Hohenhameln;;52.2575;10.0642
31272;GRZ Genossenschafts-Rechenzentrale Nordd. GmbH;NI;52.3614;9.916
31273;BKK exklusiv;NI;52.3885;9.9664
31275;Lehrte;;52.3719;9.9792
31300;Finanzamt Burgdorf;NI;52.4451;10.0032
31303;Burgdorf;;52.4463;10.0064
31311;Uetze;;52.4713;10.1581
31319;Sehnde;;52.3139;9.9682
31513;AKZO NOBEL Deco GmbH;NI;52.4164;9.4549
31515;Wunstorf;;52.4238;9.4359
31533;Amtsgericht Neustadt am Rübenberge;NI;52.5033;9.4615
31535;Neustadt am Rübenberge;;52.5046;9.4587
31542;Bad Nenndorf Waltringhausen;;52.3429;9.4052
31547;Rehburg-Loccum;;52.4695;9.1996
31552;Apelern Soldorf;;52.3079;9.3248
31553;Sachsenhagen Nienbrügge;;52.3829;9.2268
31555;Suthfeld Riehe;;52.3528;9.3957
31556;Wölpinghausen Bergkirchen;;52.413;9.257
31558;Hagenburg;;52.4337;9.3247
31559;Hohnhorst Rehren A.R.;;52.3731;9.3409
31577;Landkreis Nienburg/Weser;NI;52.6402;9.2039
31582;Nienburg (Weser) Erichshagen;;52.6645;9.2449
31592;Stolzenau Anemolter-Schinna;;52.5409;9.0716
31595;Steyerberg;;52.5702;9.0242
31600;Uchte;;52.4998;8.9093
31603;Diepenau;;52.4187;8.7176
31604;Raddestorf;;52.45;8.9667
31606;Warmsen;;52.457;8.8495
31608;Marklohe;;52.6686;9.1422
31609;Balge;;52.7167;9.1667
31613;Wietzen;;52.7167;9.0833
31618;Liebenau;;52.6036;9.0972
31619;Binnen;;52.6167;9.1333
31621;Pennigsehl;;52.6418;9.0263
31622;Heemsen Gadesbünden;;52.713;9.273
31623;Drakenburg;;52.6869;9.2108
31626;Haßbergen;;52.7333;9.2333
31627;Rohrsen;;52.7099;9.2323
31628;Landesbergen Hahnenberg;;52.5306;9.1231
31629;Estorf;;52.5885;9.1415
31632;Husum;;52.5667;9.25
31633;Leese;;52.5;9.1167
31634;Steimbke Steimbke;;52.6555;9.3912
31636;Linsburg;;52.5935;9.3026
31637;Rodewald;;52.6658;9.4821
31638;Stöckse;;52.6407;9.3403
31653;Landkreis Schaumburg Hauptamt;NI;52.3137;9.1911
31655;Stadthagen;;52.3233;9.2031
31673;Bernstein Senso-Plus GmbH;NI;52.2629;9.0094
31675;Bückeburg Rusbend;;52.3119;9.0682
31681;BKK 24;NI;52.2791;9.1473
31682;UniMould GmbH;NI;52.2605;9.1387
31683;Obernkirchen;;52.2721;9.1291
31688;Nienstädt;;52.2924;9.1644
31691;Helpsen Kirchhorsten;;52.3029;9.1325
31693;Hespe Stemmen;;52.3196;9.1062
31698;Lindhorst Ottensen;;52.3681;9.2992
31699;Beckedorf;;52.35;9.3167
31700;Heuerßen Kobbensen;;52.3384;9.2904
31702;Lüdersfeld Lüdersfeld;;52.3582;9.2509
31707;Bad Eilsen;;52.2421;9.0982
31708;Ahnsen;;52.2547;9.1009
31710;Buchholz;;52.2265;9.1278
31711;Luhden Schermbeck;;52.2234;9.0726
31712;Niedernwöhren;;52.3521;9.1479
31714;Lauenhagen;;52.3555;9.2064
31715;Meerbeck Volksdorf;;52.3402;9.1194
31717;Nordsehl;;52.35;9.1833
31718;Pollhagen;;52.3853;9.1881
31719;Wiedensahl;;52.3838;9.1202
31735;Merkur Verlag Rinteln Hutkap GmbH & Co. KG;NI;52.184;9.0821
31737;Rinteln Steinbergen;;52.2099;9.1201
31749;Auetal Altenhagen;;52.2611;9.0572
31774;Postbank eine Niederlassung der Deutsche Bank AG;NW;50.7191;7.117
31778;Deutsche Postbank Kreditservice Rate;NI;52.1074;9.3946
31779;DSL-Bank;NI;52.1074;9.3946
31780;Agentur für Arbeit Hameln;NI;52.11;9.3586
31781;BHW Bausparkasse AG;NI;52.1074;9.3946
31783;Agentur für Arbeit Hameln;NI;52.11;9.3586
31784;C. W. Niemeyer GmbH & Co. KG;NI;52.105;9.3601
31785;Hameln;;52.1037;9.3676
31787;Hameln;;52.115;9.3388
31789;Hameln;;52.0988;9.395
31810;Brunswiek-Klinik der LVA Braunschweig;NI;51.9912;9.2492
31812;Bad Pyrmont;;51.9859;9.2525
31829;Premiere Fernsehen GmbH & Co KG Aktion SC;BY;48.1918;11.6485
31830;DRK Blutspendedienst;NI;52.1944;9.5604
31832;Springe;;52.2084;9.5542
31840;Hessisch Oldendorf;;52.1727;9.2491
31848;Bad Münder am Deister;;52.1955;9.4642
31855;Aerzen;;52.0495;9.2586
31860;Emmerthal;;52.0449;9.4001
31863;Coppenbrügge;;52.1185;9.5487
31867;Messenkamp;;52.26;9.3802
31868;Ottenstein;;51.9471;9.407
32042;Agentur für Arbeit Herford;NW;52.1221;8.6749
32044;Ahlers AG;NW;52.1032;8.6603
32045;Herforder Elektromotorenwerke GmbH & Co.;NW;52.1314;8.6694
32046;Poggenpohl Möbelwerke GmbH;NW;52.13;8.6399
32049;Herford;;52.1337;8.6963
32051;Herford;;52.127;8.6427
32052;Herford;;52.1005;8.6723
32058;E.ON Westfalen Weser AG;NW;52.0796;8.6195
32061;Deutsche Post AG Niederlassung BRIEF Herford;NW;52.0796;8.6195
32102;Heinz Essmann GmbH;NW;52.0633;8.7316
32105;Bad Salzuflen;;52.0808;8.7505
32107;Bad Salzuflen;;52.0613;8.7341
32108;Bad Salzuflen;;52.0692;8.7598
32120;Hiddenhausen;;52.1667;8.6167
32130;Enger;;52.1406;8.5577
32139;Spenge;;52.1402;8.4847
32255;H. Fretthold GmbH & Co. KG Baufachzentrum;NW;52.2069;8.5878
32257;Bünde;;52.1984;8.5864
32278;Kirchlengern;;52.2;8.6333
32289;Rödinghausen;;52.25;8.4833
32310;Dannemann Cigarrenfabrik GmbH;NW;52.3274;8.6144
32312;Lübbecke;;52.307;8.6142
32337;Spielothek automaten-freizeit-center Gauselmann GmbH & Co. KG;NW;52.3732;8.6321
32339;Espelkamp;;52.3825;8.6213
32351;Stemwede;;52.4167;8.45
32361;Preußisch Oldendorf;;52.3412;8.5253
32369;Rahden;;52.4337;8.6126
32419;Knoll AG Werk Minden;NW;52.2983;8.9411
32420;Amtsgericht;NW;52.2908;8.9119
32421;Finanzamt;NW;52.2945;8.9109
32423;Minden;;52.2873;8.9243
32425;Minden;;52.2833;8.9167
32427;Minden;;52.2946;8.8976
32429;Minden;;52.2833;8.9167
32455;Rose Systemtechnik GmbH;NW;52.2589;8.8983
32457;Porta Westfalica;;52.2296;8.9161
32469;Petershagen;;52.3751;8.9654
32479;Hille;;52.3333;8.75
32543;Klinik Am Korso;NW;52.201;8.7987
32545;Bad Oeynhausen;;52.1917;8.8093
32547;Bad Oeynhausen;;52.206;8.8107
32549;Bad Oeynhausen;;52.2473;8.7858
32582;Stadtverwaltung Löhne;NW;52.2003;8.7345
32584;Löhne;;52.1885;8.6922
32602;Vlotho;;52.1388;8.7806
32609;Hüllhorst;;52.2833;8.6667
32655;Sparkasse Lemgo;NW;52.0285;8.9001
32657;Lemgo;;52.0279;8.899
32676;Lügde;;51.9583;9.2471
32683;Barntrup;;51.9904;9.1164
32689;Kalletal;;52.1222;8.96
32694;Dörentrup;;52.0411;9.0028
32699;Extertal;;52.067;9.1162
32750;Landesamt für Finanzen Scanstelle;NW;51.9331;8.8821
32753;Agentur für Arbeit Detmold;NW;51.9433;8.8627
32754;Lippische Landesbrandversicherung AG;NW;51.9317;8.891
32756;Detmold;;51.936;8.8783
32758;Detmold;;51.9509;8.8658
32760;Detmold;;51.8613;8.8645
32791;Lage;;51.9922;8.793
32805;Horn-Bad Meinberg;;51.8855;8.9624
32816;Schieder-Schwalenberg;;51.8771;9.1954
32823;Phoenix Contact GmbH & Co. KG;NW;51.9349;9.1046
32825;Blomberg;;51.9678;9.0473
32832;Augustdorf;;51.9094;8.7317
32839;Steinheim;;51.8707;9.0914
33014;Bad Driburg;;51.733;9.0197
33034;Brakel;;51.7175;9.186
33039;Nieheim;;51.805;9.113
33093;Stadt Paderborn;NW;51.7183;8.7527
33094;Productions & Logistics Paderborn Verwaltung GmbH;NW;51.7229;8.7179
33095;Amtsgericht Paderborn;NW;51.719;8.7579
33096;Agentur für Arbeit Paderborn;NW;51.714;8.7411
33098;Paderborn;;51.7136;8.7554
33100;Paderborn;;51.7273;8.7706
33102;Paderborn;;51.7171;8.7417
33104;Paderborn;;51.7571;8.73
33106;Paderborn;;51.7327;8.6885
33129;Delbrück;;51.7802;8.484
33142;Büren;;51.5511;8.5596
33154;Salzkotten;;51.6717;8.6009
33161;Hövelhof;;51.8167;8.65
33165;Lichtenau;;51.6171;8.8967
33175;Bad Lippspringe;;51.7833;8.8168
33178;Borchen;;51.6677;8.7228
33181;Bad Wünnenberg;;51.521;8.6964
33184;Altenbeken;;51.7645;8.942
33189;Schlangen;;51.8098;8.8461
33311;Gütersloh;;51.9;8.384
33324;INFOKOM Gütersloh;NW;51.905;8.3493
33325;Miele;NW;51.9112;8.3966
33326;Pfleiderer Gütersloh GmbH;NW;51.9053;8.3871
33330;Gütersloh;;51.9074;8.3767
33332;Gütersloh;;51.9005;8.3837
33334;Gütersloh;;51.9436;8.4283
33335;Gütersloh;;51.9316;8.4599
33372;Finanzamt Wiedenbrück;NW;51.8462;8.3112
33373;Garant-Möbel;NW;51.8436;8.2965
33374;Homöopathisches Laboratorium Alexander Pflüger GmbH & Co . KG;NW;51.8563;8.2592
33375;Simonswerk GmbH;NW;51.8573;8.2814
33378;Rheda-Wiedenbrück;;51.8497;8.3002
33393;Seppeler Rietbergwerke GmbH & Co. KG;NW;51.8162;8.4294
33394;Volksbank Rietberg eG;NW;51.8389;8.4324
33395;Röhr-Bush GmbH & Co. KG;NW;51.7252;8.3642
33397;Rietberg;;51.8092;8.4284
33411;Josef Henkenjohann GmbH;NW;51.8644;8.5628
33413;Deutsche Telekom Medien GmbH;NW;51.8848;8.4444
33414;Gesundheitsinitiative DAK;NW;51.8848;8.4444
33415;Verl;;51.8833;8.5167
33426;Claas KGaA mbH;NW;51.9603;8.2182
33428;Harsewinkel;;51.9622;8.2277
33441;Paul Craemer GmbH;NW;51.8776;8.2415
33442;Herzebrock-Clarholz;;51.9;8.2167
33449;Langenberg;;51.7721;8.3181
33519;Bielefeld;;52.033;8.533
33547;OEDIV;NW;52.0129;8.6161
33583;HUK-Coburg;NW;52.0158;8.5233
33584;Deutsche Post AG Direkt Marketing Center Bielefeld;NW;52.0807;8.4988
33591;Agentur für Arbeit Bielefeld;NW;52.0248;8.5426
33594;Hauptzollamt;NW;52.0252;8.5423
33595;Universitätsbibliothek Bielefeld;NW;52.0381;8.4934
33596;Polizeipräsidium Fotozentrallabor;NW;52.0307;8.5101
33597;Stadt Bielefeld;NW;52.0217;8.5347
33598;Cornelsen Verlagskontor GmbH;NW;52.0416;8.5852
33600;v. Bodelschwinghsche Anstalten Sarepta Abendfrieden;NW;52.008;8.5317
33602;Bielefeld;;52.0245;8.5326
33604;Bielefeld;;52.0106;8.5493
33605;Bielefeld;;52.0008;8.574
33607;Bielefeld;;52.0284;8.5759
33609;Bielefeld;;52.0342;8.5553
33611;Bielefeld;;52.0483;8.5492
33613;Bielefeld;;52.044;8.5225
33615;Bielefeld;;52.0307;8.5133
33617;Bielefeld;;52.0119;8.5202
33619;Bielefeld;;52.0333;8.5333
33644;BKK Gildemeister Seidensticker;NW;51.9795;8.4784
33645;Möller Werke GmbH;NW;51.99;8.4883
33647;Bielefeld;;51.99;8.5114
33649;Bielefeld;;51.9745;8.4686
33659;Bielefeld;;51.9692;8.5522
33687;CEV Handelsimmobilien Holding GmbH;HH;53.6029;10.0202
33689;Bielefeld;;51.9501;8.5793
33699;Bielefeld;;52.0333;8.5333
33719;Bielefeld;;52.0107;8.5926
33729;Bielefeld;;52.0707;8.6002
33739;Bielefeld;;52.0333;8.5333
33756;HOL-tex GmbH;NW;51.9069;8.6469
33758;Schloß Holte-Stukenbrock;;51.9;8.6167
33769;Nagel-Group Logistics SE;NW;52.038;8.1394
33775;Versmold;;52.0401;8.1527
33788;Kreissparkasse Halle-Wiedenbrück;NW;52.059;8.3601
33790;Halle;;52.0601;8.3608
33801;Gemeindeverwaltung Steinhagen;NW;52.007;8.418
33803;Steinhagen;;52;8.4
33813;Oerlinghausen;;51.9545;8.6622
33818;Leopoldshöhe;;52.0125;8.6983
33824;Werther;;52.0777;8.4179
33829;Borgholzhausen;;52.1034;8.3021
34105;Sozialversicherung für Landwirtschaft Forsten und Gartenbau (SVLFG);HE;51.2999;9.4813
34106;Landesbetrieb Hessisches Landeslabor;HE;51.3046;9.4325
34108;Versicherer im Raum der Kirchen Bruderhilfe Pax Familienfürsorge;HE;51.3183;9.4764
34109;Universität Kassel;HE;51.323;9.5084
34110;Regierungspräsidium Kassel Zentrale Bußgeldstelle, Dezernat 44;HE;51.3181;9.4988
34111;Finanzamt Kassel I;HE;51.3158;9.5062
34112;Polizeipräsidium Nordhessen;HE;51.3201;9.4899
34113;Bosch Communication Security & Imaging;HE;51.2782;9.497
34114;CVJM Gesamtverband in Deutschland e.V.;HE;51.3016;9.4141
34115;Deutsche Post AG Niederlassung BRIEF Kassel;HE;51.2745;9.5096
34117;Kassel;;51.3166;9.4912
34119;Kassel;;51.3152;9.4647
34121;Kassel;;51.3056;9.4652
34123;Kassel;;51.2988;9.5297
34125;Kassel;;51.3195;9.5163
34127;Kassel;;51.3355;9.4913
34128;Kassel;;51.336;9.4457
34130;Kassel;;51.3247;9.4466
34131;Kassel;;51.3173;9.4227
34132;Kassel;;51.3167;9.5
34134;Kassel;;51.2878;9.4705
34195;Agentur für Arbeit Kassel;HE;51.3362;9.4808
34196;Familienkasse Hessen;HE;51.3152;9.4931
34197;HUK-Coburg;HE;51.3144;9.4861
34198;Deutsche Post AG Direkt Marketing Center;HE;51.276;9.5074
34209;B. Braun Melsungen AG;HE;51.1312;9.5506
34212;Melsungen;;51.1303;9.5524
34219;Volkswagen AG Werk Kassel;HE;51.2609;9.4339
34225;Baunatal;;51.2518;9.4075
34233;Fuldatal;;51.3484;9.5256
34246;Vellmar;;51.3581;9.4797
34253;Lohfelden;;51.2667;9.5333
34260;Kaufungen;;51.2811;9.6186
34265;SMA Solar Technology AG;HE;51.3165;9.5412
34266;Niestetal;;51.3083;9.5669
34270;Schauenburg;;51.2856;9.2717
34277;Fuldabrück;;51.2667;9.4833
34281;Gudensberg;;51.1771;9.3675
34286;Spangenberg;;51.1164;9.6627
34289;Zierenberg;;51.3695;9.3016
34292;Ahnatal;;51.35;9.3833
34295;Edermünde;;51.2125;9.4208
34298;Helsa;;51.2598;9.6887
34302;Guxhagen;;51.2;9.4833
34305;Niedenstein;;51.2334;9.3103
34308;Bad Emstal;;51.2333;9.25
34311;Naumburg;;51.2482;9.1657
34314;Espenau;;51.3966;9.4702
34317;Habichtswald;;51.3285;9.3392
34320;Söhrewald;;51.2056;9.5778
34323;Malsfeld;;51.0908;9.5389
34326;Morschen;;51.05;9.6
34327;Körle;;51.1667;9.5167
34329;Nieste;;51.3167;9.6667
34346;Hannoversch Münden;;51.4151;9.6505
34355;Staufenberg;;51.35;9.6333
34359;Reinhardshagen;;51.4917;9.6083
34369;Hofgeismar;;51.4961;9.385
34376;Immenhausen;;51.4429;9.5231
34379;Calden;;51.4094;9.4019
34385;Bad Karlshafen;;51.6426;9.4548
34388;Trendelburg;;51.5741;9.4209
34393;Grebenstein;;51.4465;9.4125
34396;Liebenau;;51.497;9.2821
34399;Oberweser;;51.5833;9.5667
34414;Warburg;;51.4901;9.1464
34431;Marsberg;;51.4617;8.8495
34434;Borgentreich;;51.5692;9.2411
34439;Willebadessen;;51.6256;9.0369
34454;Bad Arolsen;;51.3798;9.0145
34466;Wolfhagen;;51.3261;9.1702
34471;Volkmarsen;;51.409;9.1181
34474;Diemelstadt;;51.4878;9.0079
34477;Twistetal;;51.3214;8.9548
34479;Breuna;;51.4157;9.185
34494;Agentur für Arbeit Korbach;HE;51.2731;8.8626
34495;Amtsgericht;HE;51.2748;8.8695
34497;Korbach;;51.2756;8.873
34508;Willingen (Upland);;51.3;8.6167
34513;Waldeck;;51.2062;9.0629
34516;Vöhl;;51.1815;8.8878
34519;Diemelsee;;51.3667;8.8
34535;Der Fürstenhof, Fachklinik;HE;51.1148;9.1094
34537;Bad Wildungen;;51.1196;9.1247
34549;Edertal;;51.159;9.0923
34558;Amtsgericht;HE;51.1325;9.2796
34560;Fritzlar;;51.1318;9.2756
34574;Schwalm-Eder-Kreis;HE;51.0303;9.4051
34576;Homberg (Efze);;51.0333;9.4
34582;Borken;;51.0638;9.22
34587;Felsberg;;51.1376;9.4214
34590;Wabern;;51.1;9.35
34593;Knüllwald;;50.9771;9.4865
34596;Bad Zwesten;;51.05;9.1833
34599;Neuental;;51;9.2167
34613;Schwalmstadt;;50.9333;9.2167
34621;Frielendorf;;50.9707;9.3227
34626;Neukirchen;;50.8691;9.3465
34628;Willingshausen;;50.85;9.2
34630;Gilserberg;;50.95;9.0667
34632;Jesberg;;51;9.15
34633;Ottrau;;50.806;9.3857
34637;Schrecksbach;;50.8333;9.2833
34639;Schwarzenborn;;50.9098;9.4466
35031;Deutsche Post AG SNL Kundentelefon Briefermittlungsstelle Marburg;HE;50.8216;8.7712
35032;Philipps-Universität;HE;50.8102;8.774
35034;Deutsche Post AG Niederlassung FILIALEN Marburg;HE;50.8216;8.7712
35035;Stadtverwaltung;HE;50.8088;8.7706
35036;Agentur für Arbeit Marburg;HE;50.8246;8.7696
35037;Marburg;;50.803;8.7625
35039;Marburg;;50.8098;8.7773
35041;Marburg;;50.8165;8.7513
35043;Marburg;;50.7765;8.7645
35066;Frankenberg (Eder);;51.0585;8.7833
35075;Gladenbach;;50.7685;8.5808
35080;Bad Endbach;;50.75;8.5
35083;Wetter;;50.9025;8.7237
35085;Ebsdorfergrund;;50.726;8.857
35088;Battenberg (Eder);;51.0136;8.6473
35091;Cölbe;;50.851;8.7809
35094;Lahntal;;50.8619;8.6976
35096;Weimar;;50.7542;8.6958
35099;Burgwald;;51;8.75
35102;Lohra;;50.7333;8.6333
35104;Lichtenfels;;51.1583;8.7958
35107;Viessmann Werke GmbH & Co KG;HE;51.03;8.6872
35108;Allendorf (Eder) Battenfeld;;51.0333;8.6667
35110;Frankenau;;51.0927;8.9345
35112;Fronhausen;;50.7;8.7
35114;Haina (Kloster);;51.0278;8.9667
35116;Hatzfeld (Eder);;51.0109;8.5866
35117;Münchhausen;;50.9608;8.7184
35119;Rosenthal;;50.9744;8.8674
35216;Biedenkopf;;50.9112;8.5302
35232;Dautphetal;;50.8417;8.5542
35236;Breidenbach;;50.8873;8.4575
35239;Steffenberg;;50.85;8.4833
35260;Stadtallendorf;;50.8226;9.0129
35274;Kirchhain;;50.8272;8.9281
35279;Neustadt (Hessen);;50.85;9.1167
35282;Rauschenberg;;50.8833;8.9186
35285;Gemünden (Wohra);;50.9667;8.9667
35287;Amöneburg;;50.796;8.9233
35288;Wohratal;;50.9375;8.9333
35305;Grünberg;;50.594;8.9587
35315;Homberg (Ohm);;50.7333;9
35321;Laubach;;50.542;8.9903
35325;Mücke;;50.6284;9.0547
35327;Ulrichstein;;50.5755;9.1927
35329;Gemünden (Felda);;50.7;9.05
35383;PASCOE Service GmbH;HE;50.5741;8.686
35384;Agentur für Arbeit Gießen;HE;50.5904;8.6772
35385;Klinikum der JLU;HE;50.5771;8.6654
35386;Deutsche Telekom AG Niederlassung Gießen;HE;50.5856;8.6472
35387;Mettler-Toledo GmbH;HE;50.612;8.7046
35388;HUK-Coburg;HE;50.5863;8.6763
35390;Gießen;;50.5849;8.6742
35392;Gießen;;50.5669;8.6538
35394;Gießen;;50.5746;8.7135
35396;Gießen;;50.6165;8.7044
35398;Gießen;;50.5833;8.65
35402;Deutsche Post AG Niederlassung BRIEF Gießen;HE;50.4923;8.6475
35410;Hungen;;50.4737;8.8933
35415;Pohlheim;;50.5167;8.7
35418;Buseck;;50.6148;8.783
35423;Lich;;50.5208;8.8157
35428;Langgöns;;50.5;8.6667
35435;Wettenberg;;50.6167;8.65
35440;Linden;;50.5374;8.6497
35444;Biebertal;;50.6182;8.6017
35447;Reiskirchen;;50.6;8.8333
35452;Heuchelheim;;50.5833;8.6333
35457;Lollar;;50.6465;8.7049
35460;Staufenberg;;50.662;8.7316
35463;Fernwald;;50.55;8.7833
35466;Rabenau;;50.6775;8.8643
35469;Allendorf (Lumda);;50.6833;8.8333
35508;Kantar Deutschland GmbH;BY;48.1449;11.485
35509;Firma Hess Natur Textilien GmbH;HE;50.4297;8.6887
35510;Butzbach;;50.4339;8.6712
35516;Münzenberg;;50.4563;8.7293
35519;Rockenberg;;50.4305;8.7369
35573;Deutsche Angestellten Krankenkasse;HE;50.5613;8.5025
35574;DAK-Gesundheit;HE;50.5513;8.4993
35576;Wetzlar;;50.5665;8.5247
35578;Wetzlar;;50.5455;8.505
35579;Wetzlar;;50.55;8.5
35580;Wetzlar;;50.55;8.5
35581;Wetzlar;;50.55;8.5
35582;Wetzlar;;50.55;8.5
35583;Wetzlar;;50.55;8.5
35584;Wetzlar;;50.55;8.5
35585;Wetzlar;;50.55;8.5
35586;Wetzlar;;50.55;8.5
35606;Solms;;50.5362;8.407
35614;Aßlar;;50.5916;8.4627
35619;Braunfels Neukirchen;;50.4843;8.4385
35625;Hüttenberg;;50.521;8.5758
35630;Ehringshausen;;50.6;8.3833
35633;Lahnau;;50.5833;8.5667
35638;Leun;;50.5513;8.3584
35641;Schöffengrund;;50.4935;8.4718
35644;Hohenahr;;50.6689;8.4896
35647;Waldsolms;;50.4167;8.5167
35649;Bischoffen;;50.7;8.45
35683;Dillenburg;;50.7369;8.2873
35684;Dillenburg;;50.7333;8.2833
35685;Dillenburg;;50.7333;8.2833
35686;Dillenburg;;50.7333;8.2833
35687;Dillenburg;;50.7333;8.2833
35688;Dillenburg;;50.7333;8.2833
35689;Dillenburg;;50.7333;8.2833
35690;Dillenburg;;50.7333;8.2833
35708;Haiger;;50.7416;8.2078
35713;Eschenburg;;50.8083;8.3583
35716;Dietzhölztal;;50.8333;8.3167
35719;Angelburg;;50.8063;8.4164
35745;Herborn;;50.6814;8.3037
35753;Greifenstein;;50.6167;8.3
35756;Mittenaar;;50.7;8.3833
35759;Driedorf;;50.6333;8.1833
35764;Sinn;;50.65;8.3333
35767;Breitscheid;;50.6851;8.1912
35768;Siegbach;;50.739;8.4179
35779;Herbert Arnold GmbH & Co. KG;HE;50.4733;8.2661
35781;Weilburg;;50.4844;8.2625
35789;Weilmünster;;50.4314;8.3767
35792;Löhnberg;;50.513;8.272
35794;Mengerskirchen;;50.5639;8.1555
35796;Weinbach;;50.4384;8.2913
35799;Merenberg;;50.5071;8.1919
36028;Agentur für Arbeit Fulda;HE;50.5478;9.676
36030;Adecco Personaldienstleistungen GmbH;HE;50.5522;9.6722
36035;Deutsche Telekom AG, NL Siegen Standort Fulda;HE;50.5518;9.6966
36036;Schwenninger BKK;HE;50.5458;9.6744
36037;Fulda;;50.5518;9.6833
36039;Fulda;;50.5732;9.6824
36041;Fulda;;50.5569;9.6431
36043;Fulda;;50.5345;9.6922
36047;Deutsche Post AG Niederlassung BRIEF Fulda;HE;50.4834;9.7171
36084;Amtsgericht;HE;50.6746;9.7648
36085;Oberlandesgericht Frankfurt am Main Sozialabteilung Hünfeld;HE;50.6698;9.7652
36086;Regierungspräsidium Kassel Dezernat 13.2 Beihilfen /Hünfeld;HE;50.6698;9.7652
36088;Hünfeld;;50.6797;9.7673
36093;Künzell;;50.5442;9.7179
36100;Petersberg;;50.5619;9.7131
36103;Flieden;;50.4239;9.5666
36110;Schlitz;;50.6742;9.561
36115;Hilders;;50.5327;9.9929
36119;Neuhof;;50.4531;9.6175
36124;Eichenzell;;50.4954;9.6967
36129;Gersfeld;;50.4514;9.9142
36132;Eiterfeld;;50.7667;9.8
36137;Großenlüder;;50.5925;9.5423
36142;Tann;;50.6428;10.0238
36145;Hofbieber;;50.5863;9.8353
36148;Kalbach;;50.4045;9.6826
36151;Burghaun;;50.6968;9.7245
36154;Hosenfeld;;50.505;9.4797
36157;Ebersburg;;50.4554;9.7863
36160;Dipperz;;50.5433;9.7959
36163;Poppenhausen;;50.4879;9.868
36166;Haunetal;;50.7667;9.6667
36167;Nüsttal;;50.6333;9.85
36169;Rasdorf;;50.7167;9.9
36179;Bebra;;50.9745;9.7956
36199;Rotenburg an der Fulda;;50.9956;9.7284
36205;Sontra;;51.0717;9.9356
36208;Wildeck;;50.95;9.9833
36211;Alheim;;51.0333;9.6667
36214;Nentershausen;;51.0167;9.9333
36217;Ronshausen;;50.95;9.85
36219;Cornberg;;51.0416;9.8605
36242;AMAZON Logistik GmbH;HE;50.8461;9.6781
36244;Libri GmbH;HE;50.8552;9.705
36246;Kreiskrankenhaus Bad Hersfeld GmbH;HE;50.8743;9.7123
36247;Rexel Germany GmbH & Co. KG;HE;50.8552;9.7166
36248;AMAZON Logistik GmbH;HE;50.8461;9.6781
36249;AMAZON Logistik GmbH;HE;50.8461;9.6781
36251;Bad Hersfeld;;50.872;9.7089
36266;Heringen (Werra);;50.8833;9.9873
36269;Philippsthal (Werra);;50.846;9.9795
36272;Niederaula;;50.8;9.6
36275;Kirchheim;;50.8333;9.5667
36277;Schenklengsfeld;;50.8167;9.85
36280;Oberaula;;50.85;9.4667
36282;Hauneck;;50.8167;9.7333
36284;Hohenroda;;50.8;9.9
36286;Neuenstein;;50.9333;9.55
36287;Breitenbach am Herzberg;;50.7752;9.516
36289;Friedewald;;50.8833;9.8667
36304;Alsfeld;;50.7518;9.2708
36318;Schwalmtal;;50.6833;9.3
36320;Kirtorf;;50.7694;9.1039
36323;Grebenau;;50.7424;9.4731
36325;Feldatal;;50.65;9.1667
36326;Antrifttal;;50.7667;9.1833
36329;Romrod;;50.7134;9.2201
36338;Campe & Ohff;HE;50.6425;9.3926
36339;Ahlbrandt System GmbH;HE;50.6375;9.387
36341;Lauterbach;;50.6356;9.3978
36355;Grebenhain;;50.4892;9.3386
36358;Herbstein;;50.536;9.3874
36364;Bad Salzschlirf;;50.6239;9.5082
36367;Wartenberg;;50.6167;9.45
36369;Lautertal;;50.5833;9.2833
36380;ENTEGA AG;HE;49.8869;8.6514
36381;Schlüchtern;;50.3655;9.5829
36391;Sinntal;;50.3127;9.6234
36396;Steinau an der Straße;;50.314;9.4633
36399;Freiensteinau;;50.4251;9.4027
36404;Oechsen;;50.7453;10.0629
36414;Unterbreizbach;;50.8167;9.9833
36419;Schleid;;50.7;9.9667
36433;Moorgrund;;50.85;10.2833
36448;Steinbach;;50.8332;10.3639
36452;Diedorf;;50.6617;10.1247
36456;Barchfeld;;50.8;10.3
36457;Urnshausen;;50.7349;10.1738
36460;Frauensee;;50.8779;10.1418
36466;Wiesenthal;;50.7;10.1667
36469;Tiefenort;;50.8395;10.166
37069;Gothaer Lebensversicherung a.G.;NI;51.5252;9.9482
37070;Tedox KG;NI;51.5614;9.9256
37073;Göttingen;;51.5364;9.939
37075;Göttingen;;51.5509;9.9328
37077;Göttingen;;51.5604;9.9319
37079;Göttingen;;51.5333;9.9333
37081;Göttingen;;51.5335;9.8993
37083;Göttingen;;51.513;9.9535
37085;Göttingen;;51.5333;9.9333
37096;Deutsche Telekom AG, NL Göttingen;NI;51.5632;9.9232
37097;Agentur für Arbeit Göttingen;NI;51.5376;9.9245
37099;Georg-August-Universität Bereich Humanmedizin Med. Fakultät;NI;51.5505;9.9423
37100;Deutsche Post AG Niederlassung BRIEF Göttingen;NI;51.5194;9.8909
37115;Duderstadt;;51.5131;10.2595
37120;Bovenden;;51.5884;9.9222
37124;Rosdorf;;51.5;9.9
37127;Dransfeld;;51.4991;9.7618
37130;Gleichen;;51.4667;10.0333
37133;Friedland;;51.4192;9.9176
37136;Waake;;51.5564;10.0571
37139;Adelebsen;;51.5827;9.7546
37154;Northeim;;51.7066;10
37170;Uslar;;51.6569;9.635
37176;Nörten-Hardenberg;;51.6288;9.9359
37181;Hardegsen;;51.6523;9.8305
37186;Moringen;;51.6992;9.8711
37191;Katlenburg-Lindau;;51.6833;10.1
37194;Bodenfelde;;51.6404;9.5557
37197;Hattorf am Harz;;51.6482;10.2386
37199;Wulften;;51.66;10.1744
37213;Witzenhausen;;51.3334;9.858
37214;Witzenhausen;;51.3333;9.8667
37215;Witzenhausen;;51.3333;9.8667
37216;Witzenhausen;;51.3333;9.8667
37217;Witzenhausen;;51.3333;9.8667
37218;Witzenhausen;;51.3333;9.8667
37235;Hessisch Lichtenau;;51.1995;9.7186
37242;Bad Sooden-Allendorf;;51.2709;9.9748
37247;Großalmerode;;51.2586;9.7845
37249;Neu-Eichenberg;;51.3833;9.8833
37267;Sparkasse Werra-Meißner;HE;51.1885;10.0518
37269;Eschwege;;51.1839;10.0533
37276;Meinhard;;51.2167;10.0667
37281;Wanfried;;51.1821;10.1728
37284;Waldkappel;;51.1384;9.9432
37287;Wehretal;;51.15;10
37290;Meißner;;51.2;9.9333
37293;Herleshausen;;51.0063;10.1673
37296;Ringgau;;51.0833;10.0667
37297;Berkatal;;51.2333;9.9167
37299;Weißenborn;;51.1251;10.116
37308;Steinbach;;51.4221;10.2187
37318;Wahlhausen;;51.3;9.9833
37327;Hausen;;51.3833;10.3667
37339;Hundeshagen;;51.4333;10.2833
37345;Neustadt;;51.4672;10.4673
37351;Dingelstädt;;51.3153;10.3174
37355;Vollenborn;;51.35;10.5
37359;Effelder;;51.2395;10.2478
37412;Elbingerode;;51.6592;10.2777
37431;Bad Lauterberg im Harz;;51.6327;10.4703
37434;Rollshausen;;51.5667;10.2167
37441;Bad Sachsa;;51.595;10.5555
37444;Sankt Andreasberg;;51.71;10.5187
37445;Walkenried;;51.5833;10.6167
37447;Wieda;;51.634;10.587
37449;Zorge;;51.6333;10.6333
37520;Osterode am Harz;;51.7269;10.2509
37534;Gittelde;;51.7984;10.1878
37539;Windhausen;;51.7854;10.2122
37547;Kreiensen;;51.8536;9.9648
37568;Deutsche Post E-POST Solutions GmbH;NI;51.8181;9.8373
37571;Deutsche Post E-POST Solutions GmbH;NI;51.8181;9.8373
37572;Deutsche Post CSC Costumer Service Center GmbH;NI;51.8138;9.8822
37574;Einbeck;;51.8202;9.8696
37581;Bad Gandersheim;;51.8717;10.0254
37586;Dassel;;51.8018;9.689
37589;Kalefeld;;51.8;10.0333
37601;Geowell Erdwärme Geschäftsführungs GmbH;NI;51.8105;9.4429
37603;Holzminden;;51.828;9.4455
37619;Hehlen;;51.9886;9.47
37620;Halle;;51.9912;9.5653
37627;Deensen;;51.8605;9.5932
37632;Eimen;;51.8833;9.7833
37633;Dielmissen;;51.9706;9.6067
37635;Lüerdissen;;51.9527;9.6245
37639;Bevern;;51.8583;9.4941
37640;Golmbach;;51.9;9.55
37642;Holenberg;;51.9167;9.5833
37643;Negenborn;;51.8833;9.5667
37647;Brevörde;;51.9167;9.4167
37649;Heinsen;;51.8833;9.4333
37669;IKK classic;NW;51.7754;9.3797
37671;Höxter;;51.775;9.3816
37688;Beverungen;;51.668;9.3742
37691;Boffzen;;51.75;9.3833
37696;Marienmünster;;51.8333;9.2167
37697;Lauenförde;;51.6594;9.3871
37699;Fürstenberg;;51.7333;9.4
38023;Braunschweig;;52.255;10.541
38083;AOK -Die Gesundheitskasse für Niedersachsen Beleglesezentrum;NI;52.2699;10.5312
38084;Agentur für Arbeit Braunschweig;NI;52.2545;10.5066
38089;ADAC Finanzservice;NI;52.2969;10.5168
38090;Alta Dienstleistungsgesellschaft;NI;52.2518;10.5184
38091;Deutsche Rentenversicherung Braunschweig - Hannover;NI;52.2554;10.5347
38092;Techn. Universität;NI;52.2806;10.5359
38093;Volkswagen Bank;NI;52.3031;10.5146
38094;Volkswagen Leasing;NI;52.3031;10.5146
38096;ÖFFENTLICHE VERSICHERUNG BRAUNSCHWEIG;NI;52.2497;10.5174
38097;MDM Münzhandelsgesellschaft mbH Deutsche Münze;NI;52.2518;10.5184
38098;MDM Münzhandelsgesellschaft mbH Deutsche Münze;NI;52.2518;10.5184
38100;Braunschweig;;52.2647;10.5233
38102;Braunschweig;;52.2575;10.5365
38104;Braunschweig;;52.2835;10.5822
38106;Braunschweig;;52.2789;10.5427
38108;Braunschweig;;52.3015;10.5688
38110;Braunschweig;;52.328;10.4761
38112;Braunschweig;;52.3022;10.4979
38114;Braunschweig;;52.2764;10.5127
38116;Braunschweig;;52.2667;10.5333
38118;Braunschweig;;52.259;10.5002
38120;Braunschweig;;52.2546;10.4879
38122;Braunschweig;;52.224;10.4989
38124;Braunschweig;;52.2258;10.5271
38126;Braunschweig;;52.2443;10.5594
38140;Deutsche Post AG Niederlassung BRIEF Braunschweig;NI;52.3182;10.4775
38142;Deutsche Post AG Direkt Marketing Center Braunschweig;NI;52.3153;10.5098
38143;Volksbank eG Braunschweig Wolfsburg;NI;52.2577;10.5346
38144;Luftfahrt-Bundesamt;NI;52.3145;10.5486
38154;Königslutter am Elm;;52.2512;10.8168
38159;Vechelde;;52.2604;10.3649
38162;Cremlingen;;52.25;10.65
38165;Lehre;;52.3333;10.6667
38170;Kneitlingen;;52.1748;10.762
38173;Dettum;;52.1725;10.6681
38176;Wendeburg;;52.3296;10.3926
38179;Schwülper;;52.3481;10.4463
38223;Salzgitter AG;NI;52.161;10.4312
38226;Salzgitter;;52.1221;10.3761
38228;Salzgitter;;52.1221;10.3761
38229;Salzgitter Gebhardshagen;;52.1075;10.3567
38236;Alstom LHB;NI;52.1431;10.4132
38237;MAN Truck & Bus GmbH;NI;52.1441;10.4182
38239;Salzgitter Bleckenstedt;;52.1778;10.4067
38259;Salzgitter;;52.1221;10.3761
38268;Lengede;;52.2049;10.3078
38271;Baddeckenstedt;;52.0833;10.2333
38272;Burgdorf;;52.1443;10.2176
38274;Elbe;;52.0833;10.2833
38275;Haverlah;;52.0541;10.3282
38277;Heere;;52.0667;10.25
38279;Sehlde;;52.0389;10.2657
38281;Wolfenbüttel;;52.159;10.535
38296;Mast-Jägermeister SE;NI;52.167;10.5467
38299;Städt. Krankenhaus;NI;52.1802;10.5354
38300;Wolfenbüttel;;52.1578;10.5579
38302;Wolfenbüttel;;52.1661;10.5514
38304;Wolfenbüttel;;52.1424;10.5484
38312;Cramme;;52.1133;10.4467
38315;Werlaburgdorf;;52.05;10.5373
38319;Remlingen;;52.1137;10.6741
38321;Denkte;;52.15;10.6083
38322;Hedeper;;52.0667;10.6833
38324;Kissenbrück;;52.1096;10.59
38325;Roklum;;52.0666;10.7409
38327;Semmenstedt;;52.0937;10.6969
38329;Wittmar;;52.1297;10.64
38346;Agentur für Arbeit Helmstedt;NI;52.2229;11.019
38350;Helmstedt;;52.2279;11.0098
38364;Schöningen;;52.138;10.9674
38367;Sport-Thieme GmbH Sportversandhaus;NI;52.3013;11.0131
38368;Rennau;;52.2959;10.912
38372;Büddenstedt;;52.1704;11.0188
38373;Süpplingen;;52.2281;10.9039
38375;Räbke;;52.196;10.8787
38376;Süpplingenburg;;52.2507;10.9101
38378;Warberg;;52.1812;10.9197
38379;Wolsdorf;;52.191;10.9388
38381;Jerxheim;;52.0817;10.8984
38382;Beierstedt;;52.0741;10.8581
38384;Gevensleben;;52.0766;10.8222
38385;Ingeleben;;52.1066;10.8734
38387;Söllingen;;52.0898;10.9252
38388;Twieflingen;;52.1248;10.9168
38432;LSW LandE Stadtwerke Wolfsburg GmbH & Co.KG;NI;52.428;10.7927
38433;BKK FTE;NI;52.4358;10.8612
38435;AUTOSTADT GmbH;NI;52.4301;10.7917
38436;Volkswagen AG;NI;52.4259;10.7974
38438;Auto 5000 GmbH;NI;52.4259;10.7974
38439;BARMER;NI;52.4269;10.7922
38440;Wolfsburg;;52.4239;10.7812
38442;Wolfsburg;;52.4204;10.7188
38444;Wolfsburg;;52.4003;10.7531
38446;Wolfsburg;;52.3808;10.8285
38448;Wolfsburg;;52.4231;10.8224
38458;Velpke;;52.408;10.9364
38459;Bahrdorf;;52.3859;11.0004
38461;Danndorf;;52.4247;10.9129
38462;Grafhorst;;52.4448;10.9451
38464;Groß Twülpstedt;;52.3736;10.9193
38465;Brome;;52.6002;10.9375
38467;Bergfeld;;52.544;10.8451
38468;Ehra-Lessien;;52.5667;10.8
38470;Parsau;;52.5347;10.8902
38471;Rühen;;52.4856;10.8864
38473;Tiddische;;52.5167;10.8
38474;Tülau;;52.5758;10.8782
38476;Barwedel;;52.5219;10.7749
38477;Jembke;;52.5;10.7667
38479;Tappenbeck;;52.4705;10.7407
38486;Immekath;;52.626;11.0815
38489;Jeeben;;52.6825;11.0913
38516;Stadt Gifhorn;NI;52.4885;10.5452
38518;Gifhorn;;52.4777;10.5511
38524;Sassenburg;;52.5167;10.6333
38526;BTN Versandhandel GmbH;NI;52.3813;10.5388
38527;Meine;;52.3849;10.5393
38528;Adenbüttel;;52.3798;10.4508
38530;Didderse;;52.3804;10.4029
38531;Rötgesbüttel;;52.4167;10.5333
38533;Vordorf;;52.3652;10.5204
38536;Meinersen;;52.4744;10.3525
38539;Müden (Aller);;52.5333;10.3667
38542;Leiferde;;52.4395;10.4346
38543;Hillerse;;52.4167;10.4
38547;Calberlah;;52.4207;10.6233
38550;Isenbüttel;;52.4333;10.5833
38551;Ribbesbüttel;;52.4344;10.51
38553;Wasbüttel;;52.4133;10.5936
38554;Weyhausen;;52.4621;10.717
38556;Bokensdorf;;52.5;10.7167
38557;Osloß;;52.4693;10.6801
38559;Wagenhoff;;52.5523;10.5234
38640;Goslar;;51.9191;10.4167
38642;Goslar;;51.9191;10.4167
38644;Goslar Jerstedt;;51.9585;10.3895
38667;Bad Harzburg Göttingerode;;51.8991;10.5182
38678;Clausthal-Zellerfeld;;51.8095;10.3382
38685;Langelsheim;;51.9238;10.3866
38690;Vienenburg;;51.9524;10.5637
38700;Braunlage;;51.7265;10.6109
38704;Liebenburg;;52.0218;10.4317
38707;Schulenberg im Oberharz;;51.8333;10.4333
38709;Wildemann;;51.8281;10.2815
38717;DVD-Logistik Center;NI;51.8787;10.155
38723;Seesen;;51.891;10.1785
38729;Hahausen;;51.95;10.2167
38817;Agentur für Arbeit Sachsen-Anhalt West;ST;51.8953;11.0594
38820;Halberstadt;;51.8956;11.0562
38822;Ströbeck;;51.9141;10.9444
38828;Wegeleben;;51.8838;11.1735
38829;Harsleben;;51.8667;11.1
38832;Borek Kommunikation GmbH;ST;51.966;10.6992
38835;Osterode;;52.0329;10.6689
38836;Rohrsheim;;52.0193;10.8319
38838;Schlanstedt;;52.0123;11.031
38845;Ascopharm GmbH;ST;51.8442;10.7661
38855;Heudeber;;51.9025;10.8432
38871;Drübeck;;51.8582;10.7184
38875;Königshütte;;51.7434;10.7652
38877;Benneckenstein;;51.6682;10.7172
38879;Schierke;;51.7639;10.6621
38889;Treseburg;;51.7161;10.9712
38895;Langenstein;;51.8555;10.9882
38899;Trautenstein;;51.6871;10.7856
38999;DHL Home Delivery GmbH Logistik Center Braunschweig;NI;52.2368;10.4916
39014;Magdeburg;;52.082;11.586
39081;STARK Deutschland GmbH;ST;52.1734;11.6705
39082;HUK-Coburg;ST;52.12;11.632
39083;Amtsgericht;ST;52.1273;11.6333
39084;AOK Sachsen-Anhalt;ST;52.1435;11.6402
39085;Agentur für Arbeit Sachsen-Anhalt Nord;ST;52.1375;11.6486
39087;Städtisches Klinikum Magdeburg;ST;52.1569;11.5821
39088;Regierungspräsidium Sachsen-Anhalt;ST;52.1329;11.6213
39091;Deutsche Versicherungs-AG;ST;52.1155;11.6113
39092;IKK gesund plus;ST;52.1533;11.6324
39093;Industrie- und Handelskammer;ST;52.1318;11.6391
39094;Landtag von Sachsen-Anhalt;ST;52.1262;11.6342
39097;Medizinische Fakultät der Otto-von-Guericke-Universität;ST;52.1012;11.62
39098;Stadtsparkasse Magdeburg;ST;52.1518;11.6385
39099;Otto-von-Guericke-Universität;ST;52.1391;11.6413
39104;Magdeburg;;52.1243;11.6322
39106;Magdeburg;;52.1469;11.6498
39108;Magdeburg;;52.1333;11.6167
39110;Magdeburg;;52.1263;11.6011
39112;Magdeburg;;52.1104;11.6011
39114;Magdeburg;;52.1333;11.6167
39116;Magdeburg;;52.0819;11.5861
39118;Magdeburg;;52.1333;11.6167
39120;Magdeburg;;52.0816;11.6212
39122;Magdeburg;;52.0891;11.6586
39124;Magdeburg;;52.1638;11.6333
39126;Magdeburg;;52.1805;11.6504
39128;Magdeburg;;52.1624;11.6165
39130;Magdeburg;;52.1561;11.5789
39148;Deutsche Post AG Rücksendezentrum Magdeburg;ST;52.0519;11.5935
39149;Deutsche Post AG Nachsendezentrum Magdeburg;ST;52.0519;11.5935
39157;Bundesagentur für Arbeit Zentrale Kindergeld-Service (ZKGS);ST;52.1288;11.6304
39164;Klein Wanzleben;;52.07;11.3659
39167;Klein Rodensleben;;52.1156;11.4387
39171;Sülzetal;;52.0167;11.55
39175;Gübs;;52.1111;11.7381
39178;E.ON Avacon AG;ST;52.1969;11.5988
39179;Barleben Ebendorf;;52.1833;11.5667
39217;Schönebeck (Elbe);;52.0183;11.724
39218;Schönebeck (Elbe);;52.0183;11.724
39221;Großmühlingen;;51.95;11.7
39240;Glöthe;;51.91;11.6747
39245;Dannigkow;;52.0704;11.8742
39249;Pömmelte;;51.9942;11.836
39258;Unfallkasse Sachsen-Anhalt;ST;51.9613;12.084
39261;Zerbst;;51.9662;12.0852
39264;Polenzko;;52.0109;12.2545
39279;Leitzkau;;52.0582;11.952
39288;Burg;;52.2667;11.8631
39291;Schermen;;52.2321;11.8138
39307;Brettin;;52.4264;12.1825
39317;Elbe-Parey;;52.3833;12.0167
39319;Redekin;;52.4678;12.0761
39326;Klein Ammensleben;;52.218;11.5203
39340;Haldensleben;;52.3006;11.4303
39343;Altenhausen;;52.262;11.2543
39345;Born;;52.3757;11.4707
39356;Behnsdorf;;52.3157;11.1522
39359;Wegenstedt;;52.3867;11.2
39365;Harbke;;52.1888;11.0462
39387;Hornhausen;;52.0451;11.171
39393;Ausleben;;52.0905;11.1119
39397;Gröningen;;51.9374;11.216
39398;Klein Oschersleben;;52.0085;11.3417
39400;Deutsche Post AG Niederlassung BRIEF Magdeburg;ST;52.0519;11.5935
39418;Staßfurt;;51.8519;11.5851
39434;Hecklingen bei Staßfurt;;51.85;11.5333
39435;Groß Börnecke;;51.8847;11.4703
39439;Rathmannsdorf;;51.8209;11.6271
39443;Hohenerxleben;;51.8519;11.6547
39444;Hecklingen;;51.847;11.5342
39446;Löderburg;;51.8761;11.5397
39448;Etgersleben;;51.9791;11.4127
39517;Mahlwinkel;;52.3941;11.7858
39524;Schönhausen (Elbe);;52.5833;12.0333
39539;Havelberg;;52.8309;12.0755
39576;Stendal;;52.6069;11.8587
39579;Hüselitz;;52.5089;11.8086
39590;Storkau (Elbe);;52.6167;12
39596;Beelitz;;52.6883;11.9536
39599;Insel;;52.5619;11.7536
39606;Sandauerholz;;52.7932;12.0053
39615;Aulosen;;52.9926;11.5822
39619;Kläden;;52.8647;11.4347
39624;Zethlingen;;52.7042;11.2905
39629;Bismark (Altmark);;52.6667;11.5667
39638;Gardelegen;;52.5252;11.3952
39646;Oebisfelde;;52.4342;10.9879
39649;Dannefeld;;52.5061;11.1401
40180;Agentur für Arbeit Düsseldorf;NW;51.2362;6.8199
40181;Kassenzahnärztliche Vereinigung Nordrhein;NW;51.2368;6.8053
40182;Kassenärztliche Vereinigung Nordrhein Hauptstelle;NW;51.2515;6.7649
40186;LeasePlan Deutschland GmbH;NW;51.1941;6.7057
40187;Deutsche Rentenversicherung Rheinland;NW;51.2176;6.7787
40188;NRW.BANK;NW;51.2174;6.7705
40189;Deutsche Bank AG;NW;51.2217;6.7782
40190;Ministerium f. Arbeit u.Soz. Qualifikation u. Technologie d. Land NRW;NW;51.2197;6.7687
40191;Henkel AG & Co. KGaA;NW;51.1756;6.8394
40192;Landesamt für Besoldung und Versorgung NRW;NW;51.2533;6.7766
40193;IT. NRW;NW;51.2445;6.7777
40194;Deutsche Rentenversicherung Rheinland;NW;51.2176;6.7787
40195;Provinzial Versicherung AG;NW;51.196;6.8122
40196;Rheinische Post;NW;51.2338;6.6991
40198;ERGO Versicherung AG;NW;51.2393;6.7846
40199;Portigon AG;NW;51.2132;6.7625
40202;HUK-Coburg;NW;51.2362;6.8209
40204;Heinrich-Heine-Universität;NW;51.193;6.7952
40210;Düsseldorf;;51.2216;6.7897
40211;Düsseldorf;;51.2278;6.7861
40212;Düsseldorf;;51.223;6.7827
40213;Düsseldorf;;51.2249;6.7743
40215;Düsseldorf;;51.2165;6.7836
40217;Düsseldorf;;51.2157;6.7767
40219;Düsseldorf;;51.2125;6.7637
40221;Düsseldorf;;51.2002;6.7564
40223;Düsseldorf;;51.1998;6.7727
40225;Düsseldorf;;51.2055;6.7885
40227;Düsseldorf;;51.2117;6.8071
40229;Düsseldorf;;51.1984;6.8415
40231;Düsseldorf;;51.217;6.8254
40233;Düsseldorf;;51.2214;6.8116
40235;Düsseldorf;;51.2301;6.8216
40237;Düsseldorf;;51.2352;6.8191
40239;Düsseldorf;;51.2167;6.7667
40250;Deutsche Post AG Niederlassung BRIEF Düsseldorf;NW;51.1238;6.9326
40251;Eurotops GVV Versand GmbH;NW;51.1218;6.9349
40252;BARMER;NW;51.2273;6.7076
40260;billbox GmbH;NW;51.1023;6.8872
40300;Commerzbank AG;NW;51.2415;6.7389
40302;Landesamt für Besoldung und Versorgung NRW;NW;51.2533;6.7766
40340;Landesamt für Besoldung und Versorgung NRW;NW;51.2533;6.7766
40463;Deutsche Glasfaser Holding GmbH;NW;51.273;6.7666
40464;ARAG;NW;51.2499;6.8007
40466;AOK Rheinland/Hamburg Die Gesundheitskasse;NW;51.2895;6.7966
40467;Daimler AG;NW;51.2545;6.7864
40468;Düsseldorf;;51.2561;6.7808
40470;Düsseldorf;;51.2517;6.8143
40472;Düsseldorf;;51.2686;6.81
40474;Düsseldorf;;51.2696;6.748
40476;Düsseldorf;;51.2465;6.7855
40477;Düsseldorf;;51.2371;6.7795
40479;Düsseldorf;;51.2167;6.7667
40489;Düsseldorf;;51.2167;6.7667
40541;BKK für Heilberufe;NW;51.2414;6.7213
40542;ZA Zahnärztliche Abrechnungsgesellschaft AG;NW;51.2281;6.7166
40543;Vodafone GmbH;NW;51.2327;6.7145
40545;Düsseldorf;;51.2167;6.7667
40547;Düsseldorf;;51.2429;6.7428
40549;Düsseldorf;;51.2302;6.7135
40589;Düsseldorf;;51.1668;6.8253
40591;Düsseldorf;;51.1953;6.8324
40593;Düsseldorf;;51.2167;6.7667
40595;Düsseldorf;;51.2167;6.7667
40597;Düsseldorf;;51.1659;6.8773
40599;Düsseldorf;;51.1809;6.8598
40625;Düsseldorf;;51.2322;6.8567
40627;Düsseldorf;;51.2167;6.7667
40629;Düsseldorf;;51.2596;6.8898
40667;Meerbusch;;51.2503;6.6899
40668;Meerbusch;;51.3042;6.6718
40670;Meerbusch;;51.2734;6.6484
40699;Erkrath;;51.2223;6.9083
40718;PB Lebensversicherung AG;NW;51.1648;6.9307
40721;Hilden;;51.1694;6.9253
40723;Hilden;;51.1578;6.939
40724;Hilden;;51.1803;6.9472
40764;Langenfeld;;51.1082;6.9483
40786;Schwarz Pharma AG;NW;51.0896;6.8941
40789;Monheim am Rhein;;51.0916;6.8922
40815;Vergiss Mein Nicht Versand GmbH;NW;51.2536;6.9514
40816;Agentur für Arbeit Mettmann;NW;51.2561;6.9857
40822;Mettmann;;51.2504;6.9754
40832;Ratingen;;51.3;6.85
40842;Esprit Europe GmbH;NW;51.2902;6.8656
40878;Ratingen;;51.2922;6.8485
40880;Ratingen;;51.3;6.85
40882;Ratingen;;51.2984;6.8585
40883;Ratingen;;51.3;6.85
40885;Ratingen;;51.3394;6.8528
41050;Stadt Mönchengladbach Der Oberbürgermeister;NW;51.1905;6.4388
41052;Santander Consumer Bank AG CC Bank AG;NW;51.1953;6.4241
41054;Agentur für Arbeit Mönchengladbach;NW;51.1951;6.4489
41061;Mönchengladbach;;51.1958;6.4387
41063;Mönchengladbach;;51.2;6.4333
41065;Mönchengladbach;;51.1911;6.4467
41066;Mönchengladbach;;51.2249;6.4838
41068;Mönchengladbach;;51.1977;6.3911
41069;Mönchengladbach;;51.1768;6.4021
41169;Mönchengladbach;;51.2;6.4333
41179;Mönchengladbach;;51.1723;6.3414
41189;Mönchengladbach;;51.139;6.4102
41199;Mönchengladbach;;51.129;6.4386
41200;MyBrands-Zalando GmbH;NW;51.1125;6.4381
41236;Mönchengladbach;;51.1666;6.4427
41238;Mönchengladbach;;51.1514;6.4703
41239;Mönchengladbach;;51.1604;6.4172
41260;Deutsche Post AG Niederlassung BRIEF Mönchengladbach;NW;51.1178;6.4405
41261;RCI Banque S.A. Niederlassung Deutschland;NW;51.1652;6.7618
41334;Nettetal;;51.3246;6.2329
41352;Korschenbroich;;51.1914;6.5135
41363;Jüchen;;51.1;6.5
41366;Schwalmtal;;51.2167;6.2667
41372;Niederkrüchten;;51.2108;6.1775
41379;Brüggen;;51.2405;6.1838
41424;Bank 11 für Privatkunden und Handel GmbH;NW;51.2033;6.7129
41452;QVC eDistribution Inc. & Co.KG;NW;51.0343;6.2557
41453;3 M Deutschland GmbH;NW;51.1974;6.715
41455;BCA Autoauktionen GmbH Dokumentenverwaltung;NW;51.2037;6.7076
41456;Rheinland Klinikum Neuss GmbH;NW;51.1921;6.6727
41457;Gebr. Finger GmbH & Co.KG Abtlg. Buchhaltung + Finanzen;NW;51.1568;6.7466
41460;Neuss;;51.2014;6.6944
41462;Neuss;;51.2154;6.6631
41464;Neuss;;51.1843;6.6821
41466;Neuss;;51.1682;6.6847
41468;Neuss;;51.1646;6.7519
41469;Neuss;;51.1576;6.7328
41470;Neuss;;51.2;6.6833
41472;Neuss;;51.2;6.6833
41513;Hydro Aluminium Purity GmbH;NW;51.0777;6.6182
41515;Grevenbroich;;51.0904;6.6067
41516;Grevenbroich;;51.1292;6.6245
41517;Grevenbroich;;51.0833;6.5833
41538;Stadt Dormagen;NW;51.093;6.8423
41539;Dormagen;;51.0964;6.84
41540;Dormagen;;51.0923;6.8114
41541;Dormagen;;51.127;6.8068
41542;Dormagen;;51.113;6.7752
41561;Gärtner Pötschke Kaarst GmbH;NW;51.222;6.6037
41564;Kaarst;;51.2293;6.6188
41569;Rommerskirchen;;51.0333;6.6833
41747;Viersen;;51.2556;6.3917
41748;Viersen;;51.25;6.3833
41749;Viersen;;51.2852;6.3871
41751;Viersen;;51.25;6.3833
41812;Erkelenz;;51.0795;6.3153
41833;QVC eDistribution Inc. & Co.KG;NW;51.0343;6.2557
41836;Hückelhoven;;51.0555;6.2266
41844;Wegberg;;51.1422;6.2844
41849;Wassenberg;;51.1001;6.1548
42093;Zentrale Paketermittlung;NW;51.214;7.0579
42094;Barmenia Krankenversicherung a.G. -Allgemeine Versicherungen-;NW;51.2514;7.1586
42095;Bau-Berufsgenossenschaft Wuppertal;NW;51.2534;7.1284
42096;Bayer AG;NW;51.2493;7.1168
42097;AOK Rheinland/Hamburg-Die Gesundheitsk. Regionaldirektion Wuppertal;NW;51.2566;7.1574
42098;Krankenversorgung der Bundesbahnbeamten;NW;51.2541;7.1543
42099;Krankenversorgung der Bundesbahnbeamten;NW;51.2541;7.1543
42101;DEVK Deutsche Eisenbahnversicherung;NW;51.2561;7.1613
42103;Wuppertal;;51.2569;7.1505
42105;Wuppertal;;51.2649;7.1307
42107;Wuppertal;;51.2619;7.1513
42109;Wuppertal;;51.2765;7.1559
42111;Wuppertal;;51.2667;7.1833
42113;Wuppertal;;51.2678;7.1285
42115;Wuppertal;;51.2497;7.103
42117;Wuppertal;;51.2498;7.1239
42119;Wuppertal;;51.2441;7.1661
42266;BARMER;NW;51.2438;7.1839
42268;Agentur für Arbeit Wuppertal;NW;51.2623;7.1704
42269;Stadtverwaltung Wuppertal;NW;51.2719;7.2001
42270;Vorwerk SE & Co. KG;NW;51.2733;7.1996
42271;Agentur für Arbeit Wuppertal;NW;51.2623;7.1704
42272;Johnson Controls Interiors GmbH;NW;51.2694;7.1697
42273;akf Bank GmbH & Co. KG;NW;51.2858;7.2253
42275;Wuppertal;;51.2718;7.204
42277;Wuppertal;;51.2742;7.2203
42279;Wuppertal;;51.3077;7.2522
42281;Wuppertal;;51.2878;7.194
42283;Wuppertal;;51.2699;7.1838
42285;Wuppertal;;51.259;7.1695
42287;Wuppertal;;51.2432;7.2066
42289;Wuppertal;;51.2667;7.1833
42300;Deutsche Post AG Direkt Marketing Center Düsseldorf;NW;51.222;6.793
42327;Wuppertal;;51.2424;7.06
42329;Wuppertal;;51.2221;7.0639
42337;Knipex-Werk Gustav Putsch KG;NW;51.2105;7.1436
42347;GEFA BANK GmbH;NW;51.2525;7.1338
42349;Wuppertal;;51.216;7.1418
42369;Wuppertal;;51.2298;7.202
42387;Einkaufsbüro Deutscher Eisenhändler GmbH;NW;51.2824;7.2645
42389;Wuppertal;;51.2732;7.235
42399;Wuppertal;;51.2667;7.1833
42409;Deutsche Post AG Niederlassung BRIEF Wuppertal;NW;51.214;7.0579
42477;Radevormwald;;51.2022;7.3603
42489;Wülfrath;;51.282;7.0382
42499;Hückeswagen;;51.1498;7.3447
42547;Finanzamt Velbert;NW;51.3391;7.0417
42549;Velbert;;51.3336;7.027
42551;Velbert;;51.3434;7.0594
42553;Velbert;;51.3005;7.0914
42555;Velbert;;51.3515;7.1302
42577;Kiekert AG;NW;51.3246;6.9561
42579;Heiligenhaus;;51.3266;6.9711
42645;cisbox GmbH c/o CISBOX 139044;NW;51.1629;7.0863
42648;AOK Rheinland/Hamburg-Die Gesundheitsk. Regionaldirektion Solingen;NW;51.1741;7.0848
42649;Avena GmbH;NW;51.1696;7.0456
42651;Solingen;;51.1728;7.094
42653;Solingen;;51.1878;7.0785
42655;Solingen;;51.176;7.0653
42657;Solingen;;51.1532;7.0595
42659;Solingen;;51.1595;7.1036
42697;Solingen;;51.1611;7.0016
42699;Solingen;;51.156;7.0152
42715;Die BERGISCHE Krankenkasse;NW;51.1921;7.0625
42717;Krups GmbH;NW;51.1945;7.0682
42719;Solingen;;51.1825;7.0454
42781;Haan;;51.1938;7.0133
42799;Leichlingen;;51.1063;7.0187
42849;Stadtsparkasse Remscheid;NW;51.1809;7.1868
42850;Vaillant GmbH;NW;51.1708;7.2111
42853;Remscheid;;51.1802;7.1872
42855;Remscheid;;51.1807;7.2066
42857;Remscheid;;51.1775;7.1661
42859;Remscheid;;51.1833;7.2
42895;PARAT-Werk Schönenbach GmbH & Co. KG;BY;48.7428;13.7527
42897;Remscheid;;51.1833;7.2556
42899;Remscheid;;51.2201;7.2407
42926;Rhombus Rollen GmbH & Co.;NW;51.1473;7.2556
42929;Wermelskirchen;;51.1397;7.2158
44111;Deutsche Post AG Direkt Marketing Center;NW;51.5195;7.4577
44112;Deutsche Post AG, Finance Operations SSC Accounting Kreditoren;NW;51.5195;7.4577
44113;DHL Freight GmbH c/o Deutsche Post AG Finance Operations Deutschland;NW;51.5195;7.4577
44115;Amtsgericht;NW;51.5157;7.4783
44116;Agentur für Arbeit Dortmund;NW;51.5202;7.459
44117;Familienkasse Nordrhein-Westfalen-Ost;NW;51.5085;7.4697
44118;Continentale Krankenversicherung;NW;51.5018;7.4676
44119;Continentale Sachversicherung;NW;51.5018;7.4676
44120;JobCenter Dortmund Wendepunkt;NW;51.4988;7.4759
44121;Signal Iduna Gruppe;NW;51.4975;7.4639
44122;Stadtverwaltung;NW;51.5117;7.4675
44123;Städtische Kliniken Dortmund;NW;51.5085;7.4575
44124;RWE Service GmbH;NW;51.4995;7.4792
44125;Versorgungsamt;NW;51.5122;7.4335
44126;HDI-Gerling Firmen- und Privat Service AG;NW;51.5153;7.469
44127;Hugo Miebach GmbH;NW;51.5095;7.4339
44128;St.-Johannes-Hospital;NW;51.511;7.4575
44129;Deutsche Telekom AG Niederlassung 1 Dortmund;NW;51.5142;7.4565
44130;Deutsche Postbank AG;NW;51.5101;7.4616
44131;Deutsche Postbank AG Niederlassung Dortmund;NW;51.5101;7.4616
44133;HUK-Coburg;NW;51.506;7.4701
44135;Dortmund;;51.5125;7.477
44137;Dortmund;;51.5097;7.4601
44139;Dortmund;;51.4995;7.4717
44141;Dortmund;;51.5044;7.4998
44143;Dortmund;;51.5208;7.5184
44145;Dortmund;;51.529;7.4802
44147;Dortmund;;51.5198;7.4378
44149;Dortmund;;51.5005;7.4063
44221;Technische Universität Dortmund;NW;51.4844;7.414
44222;Universitätsbibliothek;NW;51.4926;7.4164
44225;Dortmund;;51.4759;7.4434
44227;Dortmund;;51.444;7.4546
44229;Dortmund;;51.4455;7.4642
44261;Maschinenbau- und Metallberufsgenossenschaft;NW;51.4969;7.4975
44263;Dortmund;;51.4847;7.4996
44265;Dortmund;;51.461;7.4837
44267;Dortmund;;51.469;7.5154
44269;Dortmund;;51.4856;7.5366
44280;RTL Teleshopping;NW;51.5025;7.5694
44285;Materialprüfungsamt Nordrhein-Westfalen;NW;51.5042;7.5429
44287;Dortmund;;51.4996;7.5495
44289;Dortmund;;51.5161;7.4683
44309;Dortmund;;51.5251;7.5475
44319;Dortmund;;51.5301;7.5972
44328;Dortmund;;51.553;7.5385
44329;Dortmund;;51.5161;7.4683
44339;Dortmund;;51.5607;7.4657
44357;Dortmund;;51.5161;7.4683
44359;Dortmund;;51.5724;7.3892
44369;Dortmund;;51.5287;7.4137
44379;Dortmund;;51.525;7.3676
44388;Dortmund;;51.501;7.3371
44401;Commerzbank AG Com TS Mailservice Dortmund;NW;51.5031;7.4966
44402;IKK classic;NW;51.5176;7.4651
44530;Sparkasse an der Lippe;NW;51.6138;7.5195
44532;Lünen;;51.6067;7.5241
44534;Lünen;;51.6189;7.5222
44536;Lünen;;51.5993;7.4681
44573;Stadt Castrop-Rauxel;NW;51.5653;7.3108
44575;Castrop-Rauxel;;51.55;7.3167
44577;Castrop-Rauxel;;51.55;7.3167
44579;Castrop-Rauxel;;51.55;7.3167
44581;Castrop-Rauxel;;51.55;7.3167
44621;Marienhospital-Universitätsklinik I;NW;51.5293;7.2264
44623;Herne;;51.5426;7.219
44625;Herne;;51.5324;7.206
44627;Herne;;51.55;7.2167
44628;Herne;;51.55;7.2167
44629;Herne;;51.5493;7.2149
44647;Agentur für Arbeit Herne -Kasse-;NW;51.5327;7.1664
44649;Herne;;51.5329;7.1611
44651;Herne;;51.55;7.2167
44652;Herne;;51.5312;7.1704
44653;Herne;;51.5448;7.1691
44771;Agentur für Arbeit Bochum;NW;51.4727;7.2252
44772;Vodafone GmbH, Vodafone Shop, Kundenservice Mittelstand;NW;51.5156;7.2081
44773;Studienkreis GmbH;NW;51.4618;7.2338
44774;GLS Gemeinschaftsbank eG;NW;51.4709;7.2195
44775;VIACTIV Krankenkasse;NW;51.4707;7.2706
44776;ARAL Aktiengesellschaft;NW;51.4782;7.2283
44778;Faber GmbH;NW;51.447;7.2278
44779;FABER GmbH & Co. KG;NW;51.447;7.2278
44780;Ruhr-Universität Bochum;NW;51.4459;7.2604
44781;Deutsche Rentenversicherung Knappschaft-Bahn-See;NW;51.4714;7.2149
44782;Polizei;NW;51.4862;7.218
44784;Vonovia SE;NW;51.4694;7.2634
44785;Familienkasse Nordrhein-Westfalen-Nord;NW;51.4727;7.2252
44787;Bochum;;51.4803;7.2183
44789;Bochum;;51.4661;7.2491
44791;Bochum;;51.49;7.2493
44793;Bochum;;51.4822;7.1868
44795;Bochum;;51.4501;7.1984
44797;Bochum;;51.4285;7.2424
44799;Bochum;;51.4509;7.2388
44801;Bochum;;51.4833;7.2167
44803;Bochum;;51.4637;7.2446
44805;Bochum;;51.518;7.2722
44807;Bochum;;51.5156;7.2118
44809;Bochum;;51.4997;7.1944
44863;D & W Auto, Sport + Zubehör Handelsgesellschaft mbH & Co. KG;NW;51.4749;7.1517
44866;Bochum;;51.4808;7.1486
44867;Bochum;;51.4645;7.1418
44869;Bochum;;51.4658;7.1572
44879;Bochum;;51.4271;7.1543
44892;Bochum;;51.4745;7.311
44894;Bochum;;51.4925;7.3106
45058;RAG Aktiengesellschaft;NW;51.4864;7.0322
45060;Deutsche Rentenversicherung Rentenversicherung;NW;51.4534;7.0183
45061;Deichmann SE;NW;51.462;6.9283
45062;Commerzbank AG Regionalcenter Essen;NW;51.4536;7.0103
45063;ThyssenKrupp AG;NW;51.4619;6.9942
45064;VIACTIV Krankenkasse;NW;51.4674;7.0238
45091;Deutsche Rentenversicherung Knappschaft-Bahn-See;NW;51.4534;7.0183
45092;Medion AG;NW;51.4585;7.0593
45093;Deutsche Rentenversicherung Sozialmedizinischer Dienst SMD;NW;51.4534;7.0183
45095;Knappschaft Kranken- und Pflegeversicherung;NW;51.4534;7.0183
45097;OPTA-DATA Abrechnungs GmbH;NW;51.4568;6.9896
45098;Agentur für Arbeit Essen;NW;51.4597;7.0036
45099;DAK DigiZ Essen;NW;51.4589;7.0197
45102;Deutsche Rentenversicherung Knappschaft-Bahn-See;NW;51.4714;7.2149
45113;HUK-Coburg;NW;51.4542;7.0161
45114;GALERIA Karstadt Kaufhof GmbH Scanstelle;NW;51.4169;6.9795
45115;Deutsche Rentenversicherung Knappschaft-Bahn-See;NW;51.4534;7.0183
45116;Berufsgenossenschaft Handel und Warendistribution;NW;51.4575;7.0001
45117;Ruhrverband;NW;51.4473;7.0217
45119;GALERIA Karstadt Kaufhof GmbH Hauptverwaltung;NW;51.4169;6.9795
45120;DDG-Deutsches Dienstleistungszentrum für das Gesundheitswesen GmbH;NW;51.4729;7.0269
45121;Stadtverwaltung;NW;51.4576;7.0175
45122;Universitätsklinikum Essen;NW;51.4362;6.9898
45123;FUNKE MEDIEN GmbH NRW;NW;51.4616;7.0036
45124;Novitas BKK;NW;51.4481;7.0231
45125;Deutsche Postbank AG Niederlassung Essen;NW;51.4505;7.013
45126;Deutsche Post AG Direkt Marketing Center Essen;NW;51.452;7.0121
45127;Essen;;51.4535;7.0102
45128;Essen;;51.4457;7.0103
45130;Essen;;51.434;7.0161
45131;Essen;;51.4273;6.9967
45133;Essen;;51.4112;6.9931
45134;Essen;;51.4232;7.0298
45136;Essen;;51.4353;7.0352
45138;Essen;;51.447;7.0381
45139;Essen;;51.4602;7.0439
45141;Essen;;51.4705;7.0221
45143;Essen;;51.4631;6.9741
45144;Essen;;51.45;7.0167
45145;Essen;;51.449;6.9734
45147;Essen;;51.4408;6.9863
45149;Essen;;51.4209;6.9708
45195;Deutsche Post AG, Abt. 1U1;NW;50.7156;7.1305
45196;Deutsche Post AG, Abt. 1U1;NW;50.7156;7.1305
45219;Essen;;51.45;7.0167
45239;Essen;;51.3806;7.0169
45257;Essen;;51.3935;7.0825
45259;Essen;;51.45;7.0167
45276;Essen;;51.4467;7.0821
45277;Essen;;51.45;7.0167
45279;Essen;;51.45;7.0167
45289;Essen;;51.4159;7.1215
45307;Essen;;51.4614;7.0785
45309;Essen;;51.4804;7.0714
45326;Essen;;51.4844;7.005
45327;Essen;;51.4992;7.0488
45329;Essen;;51.5032;7.0073
45355;Essen;;51.4698;6.9517
45356;Essen;;51.4824;6.9748
45357;Essen;;51.4918;6.9402
45359;Essen;;51.4681;6.9174
45365;Deutsche Post AG Niederlassung Briefpost;NW;51.5002;6.9865
45403;Mülheim an der Ruhr;;51.4333;6.8833
45466;Amtsgericht;NW;51.4325;6.8792
45468;Mülheim an der Ruhr;;51.4268;6.8806
45470;Mülheim an der Ruhr;;51.4194;6.8937
45472;Mülheim an der Ruhr;;51.4374;6.9566
45473;Mülheim an der Ruhr;;51.4421;6.8982
45475;Mülheim an der Ruhr;;51.4587;6.8885
45476;Mülheim an der Ruhr;;51.449;6.8612
45478;Mülheim an der Ruhr;;51.4326;6.8216
45479;Mülheim an der Ruhr;;51.422;6.8566
45481;Mülheim an der Ruhr;;51.4004;6.8773
45523;Finanzamt Hattingen;NW;51.4019;7.1856
45525;Hattingen;;51.3954;7.1779
45527;Hattingen;;51.4;7.1667
45529;Hattingen;;51.4;7.1667
45549;Sprockhövel;;51.3467;7.2434
45630;Agentur für Arbeit Recklinghausen;NW;51.6184;7.2035
45655;IKK classic;NW;51.617;7.1969
45657;Recklinghausen;;51.6132;7.1956
45659;Recklinghausen;;51.6007;7.1927
45661;Recklinghausen;;51.6167;7.2
45663;Recklinghausen;;51.5794;7.2158
45665;Recklinghausen;;51.6017;7.2183
45697;Westfälisches Zentrum für Psychiatrie und Psychotherapie Herten;NW;51.5915;7.1273
45699;Herten;;51.5964;7.1439
45701;Herten;;51.5996;7.0962
45711;Datteln;;51.656;7.3453
45721;Haltern am See;;51.7287;7.1666
45729;Manufactum GmbH;NW;51.6182;7.4196
45731;Waltrop;;51.6213;7.4024
45739;Oer-Erkenschwick;;51.642;7.2645
45765;Finanzamt;NW;51.667;7.0782
45768;Marl;;51.6484;7.0845
45770;Marl;;51.6566;7.1101
45772;Marl;;51.6744;7.1343
45801;BTS Drahtseile GmbH;NW;51.5239;7.0915
45833;Sirius Inkasso GmbH;NW;51.2171;6.8042
45835;Agentur für Arbeit Gelsenkirchen;NW;51.5109;7.0913
45875;Stadtverwaltung;NW;51.5086;7.1076
45876;Veba Oel AG;NW;51.6076;7.0465
45877;Barmer Ersatzkasse -Buer;NW;51.5757;7.0587
45879;Gelsenkirchen;;51.5087;7.0968
45881;Gelsenkirchen;;51.5213;7.0747
45883;Gelsenkirchen;;51.5221;7.0575
45884;Gelsenkirchen;;51.4866;7.0835
45886;Gelsenkirchen;;51.4967;7.1136
45888;Gelsenkirchen;;51.5185;7.1222
45889;Gelsenkirchen;;51.5305;7.1143
45891;Gelsenkirchen;;51.5592;7.0841
45892;Gelsenkirchen;;51.5748;7.1165
45894;Gelsenkirchen;;51.579;7.0579
45896;Gelsenkirchen;;51.6071;7.0488
45897;Gelsenkirchen;;51.5717;7.0471
45899;Gelsenkirchen;;51.533;7.0234
45964;Gladbeck;;51.5713;6.9827
45966;Gladbeck;;51.5842;6.9746
45968;Gladbeck;;51.5566;7.0025
46020;Jobcenter Oberhausen;NW;51.4803;6.8641
46040;Agentur für Arbeit Oberhausen;NW;51.4803;6.8641
46042;Stadt Oberhausen;NW;51.4737;6.8603
46045;Oberhausen;;51.4706;6.8568
46047;Oberhausen;;51.4834;6.8798
46049;Oberhausen;;51.4773;6.8413
46117;Oberhausen;;51.5005;6.8859
46119;Oberhausen;;51.4667;6.85
46142;MAN Gutehoffnungshütte AG;NW;51.5154;6.8495
46145;Oberhausen;;51.5256;6.8517
46147;Oberhausen;;51.5355;6.8116
46149;Oberhausen;;51.5175;6.8332
46236;Bottrop;;51.5232;6.9253
46238;Bottrop;;51.5303;6.9681
46240;Bottrop;;51.5167;6.9167
46242;Bottrop;;51.5214;6.9071
46244;Bottrop;;51.6061;6.9154
46282;Dorsten;;51.6566;6.9657
46284;Dorsten;;51.6812;6.963
46286;Dorsten;;51.7377;7.0067
46322;Kreissparkasse Borken;NW;51.8454;6.8597
46325;Borken;;51.8438;6.8577
46342;Velen;;51.8945;6.9881
46348;Raesfeld;;51.7667;6.85
46354;Südlohn;;51.9333;6.8667
46359;Heiden;;51.8333;6.9333
46393;Stadt Bocholt;NW;51.8292;6.6154
46395;Bocholt;;51.8208;6.6063
46397;Bocholt;;51.8413;6.6242
46399;Bocholt;;51.8453;6.6035
46414;Rhede;;51.8354;6.696
46419;Isselburg;;51.8323;6.4643
46444;Volksbank Emmerich-Rees eG;NW;51.8318;6.2467
46446;Emmerich;;51.8393;6.2479
46459;Rees;;51.8097;6.4004
46480;Agentur für Arbeit Wesel;NW;51.6668;6.6088
46482;Rechenzentrum für Heilberufe GmbH;NW;51.6634;6.6963
46483;Wesel;;51.6669;6.6204
46485;Wesel;;51.6637;6.6824
46487;Wesel;;51.6833;6.5762
46499;Hamminkeln;;51.7326;6.5903
46509;Xanten;;51.6588;6.453
46514;Schermbeck;;51.6833;6.8667
46519;Alpen;;51.5833;6.5167
46535;Dinslaken;;51.559;6.7357
46537;Dinslaken;;51.5774;6.7465
46539;Dinslaken;;51.5675;6.7625
46562;Voerde;;51.6251;6.6525
46569;Hünxe;;51.65;6.7833
47044;Agentur für Arbeit Duisburg;NW;51.4394;6.7844
47048;Universität Duisburg-Essen Campus Duisburg;NW;51.4286;6.7995
47049;Stadtverwaltung Duisburg;NW;51.431;6.7593
47050;NOVITAS BKK;NW;51.4396;6.7631
47051;Duisburg;;51.4294;6.7744
47053;Duisburg;;51.4216;6.7553
47055;Duisburg;;51.4034;6.7703
47057;Duisburg;;51.4216;6.7957
47058;Duisburg;;51.4346;6.7858
47059;Duisburg;;51.4375;6.7428
47118;Amtsgericht Duisburg-Ruhrort;NW;51.4545;6.7398
47119;Duisburg;;51.4632;6.7328
47137;Duisburg;;51.468;6.7715
47138;Duisburg;;51.4333;6.75
47139;Duisburg;;51.4784;6.7334
47161;ThyssenKrupp Steel Europe AG;NW;51.4915;6.7421
47163;Evang. u. Johann. Krankenanstalt Duisburg-Nord / Oberhausen GmbH;NW;51.5193;6.7657
47166;Duisburg;;51.4913;6.7741
47167;Duisburg;;51.507;6.7963
47169;Duisburg;;51.5044;6.7538
47178;Duisburg;;51.4333;6.75
47179;Duisburg;;51.4333;6.75
47198;Duisburg;;51.4499;6.6901
47199;Duisburg;;51.4333;6.75
47226;Duisburg;;51.4076;6.7215
47228;Duisburg;;51.4134;6.6963
47229;Duisburg;;51.391;6.7071
47239;Duisburg;;51.3926;6.6564
47249;Duisburg;;51.3831;6.7521
47259;Duisburg;;51.3614;6.7246
47269;Duisburg;;51.3601;6.7793
47279;Duisburg;;51.3929;6.7981
47299;Deutsche Post AG Niederlassung BRIEF Duisburg;NW;51.4299;6.6924
47300;Daimler AG Niederlassung Rhein-Ruhr;NW;51.4789;6.7942
47303;HUK-Coburg;NW;51.4314;6.7633
47305;Targobank AG Zahlungsverkehr;NW;51.4321;6.7757
47439;Stadt Moers;NW;51.4535;6.6267
47441;Moers;;51.4463;6.6396
47443;Moers;;51.4542;6.6679
47445;Moers;;51.45;6.65
47447;Moers;;51.45;6.65
47475;Kamp-Lintfort;;51.5047;6.5459
47493;Sparkasse Rheinberg;NW;51.5437;6.5969
47495;Rheinberg;;51.5465;6.5952
47504;TROX GmbH;NW;51.4387;6.542
47506;Neukirchen-Vluyn;;51.45;6.55
47509;Rheurdt;;51.4667;6.4667
47526;Bau-und Liegenschaftsbetrieb NRW Zentrale;NW;51.2511;6.7961
47533;Kleve;;51.7883;6.1386
47546;Kalkar;;51.7391;6.291
47551;Bedburg-Hau;;51.7667;6.1667
47559;Kranenburg;;51.7833;6.0167
47574;Goch;;51.6787;6.159
47589;Uedem;;51.6652;6.2737
47608;Geldern;;51.5191;6.3236
47623;Kevelaer;;51.5829;6.2414
47624;Kevelaer;;51.5833;6.25
47625;Kevelaer;;51.5833;6.25
47626;Kevelaer;;51.5833;6.25
47627;Kevelaer;;51.5833;6.25
47638;Straelen;;51.4419;6.2664
47647;Kerken;;51.45;6.3667
47652;Weeze;;51.6268;6.1979
47661;Issum;;51.5333;6.4333
47665;Sonsbeck;;51.6074;6.3792
47669;Wachtendonk;;51.3974;6.2919
47789;Versa Distanzhandel GmbH;SH;54.7684;9.4416
47791;Reklame Center;NW;51.292;6.5199
47792;Amtsgericht Krefeld;NW;51.335;6.5516
47795;Helios Klinikum Krefeld;NW;51.3209;6.5661
47796;Agentur für Arbeit Krefeld;NW;51.3286;6.5737
47798;Krefeld;;51.3311;6.5616
47799;Krefeld;;51.3319;6.5717
47800;Krefeld;;51.3428;6.5951
47802;Krefeld;;51.3333;6.5683
47803;Krefeld;;51.3516;6.5496
47804;Krefeld;;51.3037;6.5032
47805;Krefeld;;51.3251;6.5805
47807;Krefeld;;51.304;6.5899
47809;Krefeld;;51.3281;6.616
47829;Krefeld;;51.3553;6.6366
47839;Krefeld;;51.3755;6.5091
47875;Stadt Willich;NW;51.2498;6.4778
47877;Willich;;51.2637;6.5473
47904;PORTICA GmbH Marketing Support;NW;51.3629;6.4294
47906;Kempen;;51.3643;6.4186
47918;Tönisvorst;;51.3209;6.4941
47929;Grefrath;;51.3363;6.3407
48079;Münster;;51.96;7.631
48084;Landwirtschaftsverlag GmbH;NW;51.9056;7.6518
48108;Landwirtschaftskammer Westfalen-Lippe Institutszentrum;NW;51.9873;7.6339
48119;Westdeutsche Lotterie GmbH&Co OHG;NW;51.9533;7.6195
48121;innogy SE;NW;51.9312;7.5913
48122;HUK-Coburg;NW;51.9543;7.6312
48123;Bahn-BKK PostCenter;NW;51.9551;7.6308
48124;Oberfinanzdirektion;NW;51.9484;7.6408
48125;Deutsche Rentenversicherung Westfalen;NW;51.978;7.6375
48126;LVM Versicherungen;NW;51.9491;7.6143
48127;Stadt Münster;NW;51.9611;7.6292
48128;Bezirksregierung Münster;NW;51.9612;7.625
48129;UKM Universitätsklinikum Münster;NW;51.9612;7.6007
48130;Westdeutsche Landesbausparkasse;NW;51.9592;7.6136
48131;Westfälische Provinzial Versicherung der Sparkassen;NW;51.9911;7.6207
48132;Westdeutsche Blindenhörbücherei e.V.;NW;51.9241;7.562
48133;Landschaftsverband Westfalen-Lippe;NW;51.9625;7.6359
48134;NRW.Bank;NW;51.9615;7.6365
48135;Agentur für Arbeit Münster;NW;51.9347;7.6526
48136;Amtsgericht Münster;NW;51.9617;7.616
48137;Deutsche Post AG Direkt Marketing Center Münster;NW;51.9391;7.6241
48138;Agentur für Arbeit Münster;NW;51.9347;7.6526
48139;Volksbank im Münsterland eG;NW;51.9644;7.6285
48140;Deutsche Post AG Niederlassung BRIEF Münster;NW;52.137;7.5579
48141;Landesbetrieb NRW Straßenbau NL Münster;NW;51.9671;7.6348
48143;Münster;;51.9597;7.6314
48145;Münster;;51.9667;7.6333
48147;Münster;;51.9858;7.648
48149;Münster;;51.9716;7.6068
48151;Münster;;51.951;7.6181
48153;Münster;;51.9268;7.6313
48155;Münster;;51.9597;7.6349
48157;Münster;;52.0003;7.6893
48159;Münster;;51.9915;7.6124
48161;Münster;;51.9471;7.5446
48163;Münster;;51.9176;7.5725
48165;Münster;;51.903;7.6395
48167;Münster;;51.9162;7.7108
48172;DB Regionalbahn Westfalen RAN Team Westfalen;NW;51.9592;7.6352
48229;Deutsche Reiterliche Vereinigung e.V.;NW;51.9736;7.9915
48231;Warendorf;;51.9511;7.9876
48249;Dülmen;;51.8315;7.2808
48268;Greven;;52.0936;7.594
48282;Emsdetten;;52.1734;7.5278
48291;Telgte;;51.98;7.7829
48301;Nottuln;;51.9333;7.35
48308;Senden;;51.8564;7.4833
48317;Drensteinfurt;;51.7953;7.7382
48324;Sendenhorst;;51.8559;7.7884
48329;Havixbeck;;51.9833;7.4167
48336;Sassenberg;;51.9922;8.0407
48341;Altenberge;;52.05;7.4667
48346;Ostbevern;;52.0402;7.8423
48351;Everswinkel;;51.9259;7.8469
48356;Nordwalde;;52.0833;7.4833
48361;Beelen;;51.9291;8.1112
48366;Laer;;52.0556;7.3577
48369;Saerbeck;;52.1737;7.634
48416;Agentur für Arbeit Rheine;NW;52.2694;7.4164
48427;Stadt Rheine;NW;52.2776;7.4372
48429;Rheine;;52.2868;7.4437
48431;Rheine;;52.2772;7.432
48432;Rheine;;52.2672;7.4443
48455;Bad Bentheim;;52.3007;7.1576
48465;Quendorf;;52.3333;7.1833
48477;Hörstel;;52.2976;7.5838
48480;Lünne;;52.4296;7.4265
48485;Neuenkirchen;;52.2447;7.3718
48488;Emsbüren;;52.4;7.3
48493;Wettringen;;52.2094;7.319
48496;Hopsten;;52.3817;7.6016
48499;Salzbergen;;52.3256;7.4305
48522;Agentur für Arbeit Nordhorn;NI;52.4325;7.0611
48525;Agentur für Arbeit Nordhorn;NI;52.4325;7.0611
48527;Nordhorn;;52.4491;7.0518
48529;Nordhorn;;52.4149;7.0766
48531;Nordhorn;;52.4517;7.1065
48563;Sparkasse;NW;52.1494;7.3352
48565;Steinfurt;;52.1504;7.3366
48596;Gethke Glas Gronau GmbH & Co. KG;NW;52.2058;7.0632
48599;Gronau (Westfalen);;52.2012;7.0409
48607;Ochtrup;;52.208;7.1899
48612;Horstmar;;52.081;7.3054
48619;Heek;;52.1167;7.1
48624;Schöppingen;;52.1;7.2333
48629;Metelen;;52.1443;7.2127
48649;Agentur für Arbeit Coesfeld;NW;51.9491;7.1677
48651;Agentur für Arbeit Coesfeld;NW;51.9491;7.1677
48653;Coesfeld;;51.9435;7.1681
48681;Pietsch GmbH & Co. KG;NW;52.0707;7.0209
48683;Ahaus;;52.092;6.9739
48691;Vreden;;52.0379;6.828
48702;Maschinenfabrik Kemper GmbH & Co. KG;NW;51.9904;6.9329
48703;Stadtlohn;;51.994;6.9192
48712;Gescher;;51.954;7.0048
48720;Rosendahl;;52.0167;7.2167
48727;Billerbeck;;51.9783;7.2926
48734;Reken;;51.8324;7.0347
48739;Legden;;52.0333;7.1
49068;Agentur für Arbeit Osnabrück;NI;52.2675;8.0464
49070;Intan Media-Service GmbH;NI;52.2659;8.0171
49074;Osnabrück;;52.2738;8.0521
49076;Osnabrück;;52.2832;7.9485
49078;Osnabrück;;52.2651;8.0096
49080;Osnabrück;;52.2491;8.0367
49082;Osnabrück;;52.244;8.0613
49084;Osnabrück;;52.2667;8.0725
49086;Osnabrück;;52.2887;8.0892
49088;Osnabrück;;52.2667;8.05
49090;Osnabrück;;52.2983;8.0131
49101;Bridgetec GmbH & Co. KG;NI;52.2649;8.0597
49124;Georgsmarienhütte;;52.203;8.0448
49134;Wallenhorst;;52.35;8.0167
49143;Bissendorf;;52.2333;8.1667
49152;Bad Essen;;52.3175;8.413
49163;Bohmte;;52.3667;8.3167
49170;Hagen am Teutoburger Wald;;52.2094;7.9206
49176;Hilter am Teutoburger Wald;;52.1644;8.1468
49179;Ostercappeln;;52.35;8.2333
49186;Bad Iburg;;52.1549;8.0422
49191;Belm;;52.3;8.1333
49195;Sanicare-Apotheke BS-Apotheken OHG;NI;52.0981;8.0974
49196;Bad Laer;;52.1;8.0833
49201;Dissen am Teutoburger Wald;;52.1167;8.2
49205;Hasbergen;;52.2375;7.9611
49213;Ultra Pharm;NI;52.0904;8.1739
49214;Bad Rothenfelde;;52.1167;8.1667
49219;Glandorf;;52.0847;7.9994
49324;Melle;;52.1977;8.3389
49326;Melle;;52.2;8.35
49328;Melle;;52.2;8.35
49356;Diepholz;;52.6078;8.3701
49374;Agentur für Arbeit Vechta;NI;52.7208;8.2769
49375;Justizvollzugsanstalt Vechta Fachbereich Finanzen;NI;52.7245;8.2914
49377;Vechta;;52.7263;8.286
49393;Lohne (Oldenburg);;52.6589;8.225
49401;Damme;;52.5216;8.1979
49406;Barnstorf;;52.7101;8.5026
49413;Dinklage;;52.6622;8.1244
49419;Wagenfeld;;52.55;8.5833
49424;Goldenstedt;;52.7883;8.432
49429;Visbek;;52.8333;8.3167
49434;Neuenkirchen-Vörden;;52.5167;8.0667
49439;Steinfeld (Oldenburg);;52.5864;8.2157
49447;ZF Lemförder GmbH;NW;52.4415;8.3363
49448;Marl;;52.4833;8.3667
49451;Holdorf;;52.5833;8.1167
49453;Dickel;;52.6449;8.4717
49456;Bakum;;52.7412;8.1955
49457;Drebber;;52.65;8.4333
49459;Lembruch;;52.5333;8.35
49475;Deutsche Telekom AG;NW;52.2705;7.7364
49477;Ibbenbüren;;52.2601;7.7135
49479;Ibbenbüren;;52.2667;7.7333
49492;Westerkappeln;;52.3167;7.8833
49497;Mettingen;;52.3167;7.7833
49504;Lotte;;52.2833;7.9167
49509;Recke;;52.3689;7.7212
49523;Stadtsparkasse Lengerich;NW;52.189;7.8511
49525;Lengerich;;52.1866;7.8604
49536;Lienen;;52.15;7.9833
49541;Berg-Apotheke Apotheker P.-Christoph Dörr e. K.;NW;52.2627;7.7812
49545;Tecklenburg;;52.2196;7.8136
49549;Ladbergen;;52.1333;7.75
49562;Duni GmbH;NI;52.3886;7.9371
49565;Bramsche;;52.4088;7.9729
49577;Eggermühlen;;52.5667;7.8167
49584;Fürstenau;;52.5167;7.6767
49586;Neuenkirchen;;52.4171;7.8389
49593;Bersenbrück;;52.5516;7.9484
49594;Alfhausen;;52.5;7.95
49596;Gehrde;;52.5768;8.0034
49597;Rieste;;52.4833;8.0167
49599;Voltlage;;52.4333;7.75
49609;Deutsche Post AG Filialbezirksleitung Quakenbrück;NI;52.6737;7.9546
49610;Quakenbrück;;52.675;7.9498
49624;Löningen;;52.7368;7.7581
49626;Berge;;52.6233;7.7455
49632;Essen (Oldenburg);;52.7;7.9167
49635;Badbergen;;52.6333;7.9833
49637;Menslage;;52.6833;7.8167
49638;Nortrup;;52.615;7.8607
49659;Stadt;NI;52.8448;8.043
49661;Cloppenburg;;52.8475;8.045
49681;Garrel;;52.95;8.0167
49685;Emstek;;52.8333;8.15
49688;Lastrup;;52.7947;7.8671
49691;Beckermann Küchen GmbH;NI;52.8026;8.1203
49692;Cappeln (Oldenburg);;52.8167;8.1167
49696;Molbergen;;52.8512;7.9716
49699;Lindern (Oldenburg);;52.85;7.7833
49716;Meppen;;52.6906;7.291
49733;Haren;;52.7886;7.1841
49740;Haselünne;;52.6741;7.4846
49744;Geeste;;52.6;7.2667
49751;Spahnharrenstätte;;52.8703;7.6032
49757;Werlte;;52.85;7.6833
49762;Lathen;;52.8667;7.3167
49767;Twist;;52.6561;7.1057
49770;Herzlake;;52.6853;7.5995
49774;Lähden;;52.7455;7.5704
49777;Stavern;;52.7833;7.4167
49779;Niederlangen;;52.8571;7.282
49801;EMP Merchandising Handelsgesellschaft;NI;52.4884;7.325
49803;Bundeswehr;NI;52.5167;7.3021
49808;Lingen;;52.5138;7.3133
49809;Lingen;;52.5223;7.3284
49811;Lingen;;52.5167;7.3167
49824;Emlichheim;;52.6167;6.85
49828;Georgsdorf;;52.5667;7.0833
49832;Thuine;;52.5;7.4833
49835;Wietmarschen;;52.5181;7.1341
49838;Handrup;;52.5646;7.5768
49843;Wielen;;52.55;6.7167
49844;Bawinkel;;52.6;7.4
49846;Hoogstede;;52.5833;6.95
49847;Itterbeck;;52.5062;6.8035
49849;Wilsum;;52.5333;6.85
50123;Deutsche Rentenversicherung Knappschaft Bahn-See GST Bergheim;NW;50.9497;6.641
50124;Erftkreis Der Landrat;NW;50.9513;6.6317
50126;Bergheim;;50.9562;6.6349
50127;Bergheim;;50.9412;6.6631
50129;Bergheim;;50.9741;6.6794
50169;Kerpen;;50.8748;6.7435
50170;Kerpen;;50.8964;6.6829
50171;Kerpen;;50.8791;6.6939
50181;Bedburg;;50.9926;6.5713
50189;Elsdorf;;50.9374;6.5683
50226;Frechen;;50.9149;6.8118
50259;Pulheim;;50.9996;6.8063
50318;Agentur für Arbeit Brühl;NW;50.8285;6.8954
50319;Mauser-Werke GmbH;NW;50.8345;6.9131
50321;Brühl;;50.8293;6.905
50351;BRUNATA METRONA GmbH;NW;50.8815;6.8983
50354;Hürth;;50.8708;6.8676
50374;Erftstadt;;50.8148;6.7939
50387;KÃ¶ln-Wesselinger-Eisenbau mbH;NW;50.8196;6.989
50389;Wesseling;;50.8271;6.9747
50399;Großannahmestelle BZ Köln West;NW;50.9212;6.8361
50411;AachenMünchener Versicherung AG;NW;50.947;6.9465
50412;Generali Deutschland Versicherung AG;NW;50.947;6.9465
50413;Land Rover Financial Services Niederlassung der FCE Bank plc.;NW;50.9445;6.8871
50414;AachenMünchener Lebensversicherung AG;NW;50.947;6.9465
50415;Wahl Finance;NW;50.9155;6.8649
50416;RWE Power AG;NW;50.9228;6.8767
50417;Deutsche Post AG Niederl. Rentenservice;NW;50.9409;6.8899
50418;Deutsche Post AG Niederlassung Köln (Paket);NW;50.886;6.9225
50419;Deutsche Post AG Niederlassung BRIEF Köln West;NW;50.9212;6.8361
50421;HUK-Coburg;NW;50.9424;6.9469
50422;Daihatsu Versicherungsdienst;NW;50.9155;6.8649
50423;AdvoCard Rechtschutzversicherung Aktiengesellschaft;HH;53.6012;10.0265
50424;COSMOS Lebensversicherungs-AG;SL;49.232;7.0073
50425;Generali Deutschland Holding AG;NW;50.9417;6.9526
50426;Apotheke LUX 99 Abt. Deutsche Internet Apotheke;NW;50.8694;6.8791
50427;Zurich Service GmbH;NW;50.9354;6.9777
50428;REWE Zentralfinanz eG;NW;50.9459;6.959
50569;Lanxess AG;NW;50.9354;6.9777
50574;Familienkasse Nordrhein-Westfalen-Nord;NW;50.922;6.9346
50575;Agentur für Arbeit Köln;NW;50.9821;6.8964
50576;Generali Schadenservice-Center Köln;NW;50.9345;6.9396
50579;Generali Versicherung;NW;50.9345;6.9396
50580;HDI AG;NW;50.9435;6.9728
50581;Generali Deutschland Schadenmanagement GmbH;NW;50.947;6.9498
50582;DHL Freight GmbH SSC Accounting Kreditorenbuchhaltung;NW;51.5195;7.4577
50583;ENVIVAS Krankenversicherung AG;NW;50.947;6.9498
50585;Atradius Kreditversicherung;NW;50.939;6.9777
50586;BERLIN-KÖLNISCHE VERSICHERUNGEN;NW;50.9165;6.9385
50587;Deutsche Bank AG;NW;50.9425;6.9551
50588;Deutsche Post AG, SSC Accouting Kreditorenbuchhaltung;NW;50.944;6.954
50589;Deutsche Post AG SSC Acc Abt. Faktura / Reklamationsmanagement;NW;50.944;6.954
50590;EXPRESS;NW;50.9648;6.9686
50591;Allianz ONE-Business Solutions GmbH O-RE-KL-GEBS;NW;50.9438;6.942
50592;AXA Colonia Krankenversicherung AG;NW;50.9645;7.053
50593;Central Krankenversicherung AG;NW;50.947;6.9465
50594;DKV AG;NW;50.9379;6.8723
50595;Europa Versicherungen AG;NW;50.9372;6.9223
50596;AKB Autobörse AG;NW;50.941;6.9383
50598;Gothaer Versicherungen;NW;50.9154;6.9398
50600;Westdeutscher Rundfunk Köln;NW;50.94;6.9513
50602;Kreissparkasse KSK KÃ¶ln;NW;50.9366;6.947
50603;Rewe-Zentral-AG;NW;50.9459;6.959
50604;Sparkasse Köln Bonn;NW;50.9355;6.9408
50605;Stadt Köln Stadthaus;NW;50.939;6.9817
50606;VPV Lebensversicherung-AG;BW;48.8202;9.0937
50607;Deutsche Postbank AG Niederlassung Köln;NW;50.9438;6.9545
50657;Zürich-Agrippina AG;NW;50.9552;6.968
50658;Finanzamt Köln-Nord;NW;50.9561;6.9531
50661;AMB Generali Pensionskasse AG;NW;50.947;6.9465
50662;OVB Vermögensberatung AG;NW;50.935;6.9601
50663;Landschaftsverband Rheinland;NW;50.9265;6.982
50664;ROLAND Rechtsschutz-Vers. AG Chartis Servieceteam My Hammer Schutzbf.;NW;50.9372;6.9822
50667;Köln;;50.9387;6.9547
50668;Köln;;50.9499;6.9628
50670;Köln;;50.9504;6.9502
50672;Köln;;50.9439;6.9363
50674;Köln;;50.9326;6.9342
50676;Köln;;50.9314;6.9526
50677;Köln;;50.9214;6.9507
50678;Köln;;50.9233;6.9635
50679;Köln;;50.9365;6.9781
50725;Ford Werke GmbH;NW;51.0054;6.9596
50726;Kaufhof AG;NW;50.9742;6.9506
50727;bauer druck Köln KG;NW;51.0011;6.95
50728;Bundesverwaltungsamt;NW;50.9696;6.9707
50729;DEVK Versicherungen;NW;50.9581;6.9753
50730;Versorgungsamt Köln;NW;50.9649;6.9839
50733;Köln;;50.9643;6.9537
50735;Köln;;50.9896;6.9622
50737;Köln;;50.9923;6.9334
50739;Köln;;50.9807;6.9212
50765;Köln;;51.0198;6.8684
50767;Köln;;51.0033;6.8847
50769;Köln;;51.0458;6.876
50819;Smyths Toys Deutschland SE & Co. KG;NW;50.9748;6.899
50820;A. Nattermann & Cie. GmbH;NW;50.9766;6.8587
50823;Köln;;50.9511;6.9264
50825;Köln;;50.9541;6.9103
50827;Köln;;50.9667;6.9
50829;Köln;;50.9746;6.8713
50855;Deutsches Ärzteblatt;NW;50.9494;6.8404
50858;Köln;;50.9243;6.8565
50859;Köln;;50.9535;6.8328
50919;Deutsche Post AG Direkt Marketing Center;NW;50.9409;6.8899
50922;Landgericht KÃ¶ln;NW;50.9225;6.9356
50924;Medizinische Einrichtungen der Universität zu Köln;NW;50.9248;6.9197
50925;Finanzamt Köln-West;NW;50.9387;6.9238
50926;KÃ¶lner Studentenwerk AÃ¶R;NW;50.9242;6.9312
50927;Pfeifer & Langen;NW;50.9413;6.886
50928;Handelsvertretung der GUS;NW;50.9061;6.9149
50931;Köln;;50.9323;6.9183
50933;Köln;;50.9427;6.8763
50935;Köln;;50.9225;6.8956
50937;Köln;;50.9124;6.9108
50939;Köln;;50.9078;6.9247
50960;BG Energie Textil Elektro Medienerzeugnisse ( BG ETEM);NW;50.9086;6.9751
50962;BG Energie Textil Elektro Medienerzeugnisse ( BG ETEM);NW;50.9086;6.9751
50963;Deutschlandfunk Gemeinnützige Anstalt des öffentlichen Rechts;NW;50.9032;6.959
50964;Bundesamt für Familie und zivilgesellschaftliche Aufgaben;NW;50.9419;6.9821
50965;UNICEF Deutschland;NW;50.9158;6.9411
50966;BARMER;NW;50.9362;6.9494
50968;Köln;;50.9033;6.9647
50969;Köln;;50.9036;6.9385
50996;Köln;;50.8834;6.9902
50997;Köln;;50.864;6.9512
50999;Köln;;50.8753;7.0202
51057;Deutz AG;NW;50.9538;6.9909
51058;Kliniken der Stadt KÃ¶ln Zentralverwaltung;NW;50.9671;7.055
51059;AXA Versicherung AG;NW;50.9645;7.053
51061;Köln;;50.994;7.003
51063;Köln;;50.9685;7.0054
51065;Köln;;50.9549;7.0121
51067;Köln;;50.9656;7.042
51069;Köln;;50.9925;7.0537
51101;Madaus AG Arzneimittel;NW;50.9652;7.0533
51103;Köln;;50.942;7.0166
51105;Köln;;50.9188;6.9972
51107;Köln;;50.9236;7.0905
51109;Köln;;50.9447;7.0699
51139;Finanzamt Köln-Porz;NW;50.8834;7.0615
51140;BDK-Bücherdienst GmbH;NW;50.9038;7.022
51141;Kaufhof Warenhaus AG ZAL/DL Porz;NW;50.9136;7.0675
51143;Köln;;50.8598;7.036
51145;Köln;;50.8824;7.0804
51147;Köln;;50.8686;7.1073
51149;Köln;;50.9055;7.0414
51169;Deutsche Post AG Nachsendezentrum Köln Ost;NW;50.9106;7.0472
51170;Deutsche Post AG Niederlassung BRIEF Köln Ost;NW;50.9106;7.0472
51171;AXA Versicherung AG (Colonia);NW;50.9645;7.053
51172;Axa Lebensversicherung AG;NW;50.9645;7.053
51173;AXA Service AG (Corona GmbH);NW;50.9645;7.053
51174;Postbank Easy Trade AG;NW;50.9126;7.0528
51175;ASSTEL ProKunde Versicherungskonzepte GmbH;NW;50.9165;6.9385
51178;Deutsche Post AG Rücksendezentrum Köln;NW;50.9106;7.0472
51221;AdmiralDirekt.de GmbH;NW;50.9172;7.0504
51222;Postbank Niederlassung Köln;NW;50.9126;7.0528
51365;Covestro AG;NW;51.0141;6.9881
51366;Bayer HealthCare Deutschland AG;NW;51.0141;6.9881
51367;Amtsgericht Leverkusen;NW;51.0674;7.0046
51369;LANXESS AG;NW;51.0141;6.9881
51370;Finanzamt Leverkusen;NW;51.0335;7.0172
51371;Leverkusen;;51.0645;6.9592
51373;Leverkusen;;51.0307;6.9898
51375;Leverkusen;;51.0331;7.052
51377;Leverkusen;;51.0509;7.0633
51379;Leverkusen;;51.0665;7.004
51381;Leverkusen;;51.05;7.0167
51399;Burscheid;;51.0847;7.1139
51424;TechnologiePark Bergisch Gladbach Verwaltungs GmbH;NW;50.9612;7.1838
51425;Amtsgericht;NW;50.9667;7.159
51427;Bergisch Gladbach;;50.952;7.1114
51429;Bergisch Gladbach;;50.9655;7.1823
51462;Agentur für Arbeit Bergisch Gladbach;NW;50.9858;7.1338
51463;Agentur für Arbeit Bergisch Gladbach;NW;50.9858;7.1338
51465;Bergisch Gladbach;;50.9891;7.129
51467;Bergisch Gladbach;;51.0089;7.1052
51469;Bergisch Gladbach;;50.9854;7.1141
51489;Soennecken eG;NW;50.9652;7.3284
51491;Overath;;50.9327;7.2839
51503;Rösrath;;50.8956;7.1818
51515;Kürten;;51.05;7.2667
51519;Odenthal;;51.0333;7.1167
51545;Waldbröl;;50.8758;7.6169
51570;Windeck;;50.7909;7.5676
51578;Kierdorf-Inkasso;NW;50.9292;7.7605
51580;Reichshof;;50.9284;7.6432
51588;Nümbrecht;;50.9043;7.5406
51597;Morsbach;;50.8666;7.7279
51598;Friesenhagen;;50.9038;7.8096
51641;Kreisverwaltung Oberbergischer Kreis;NW;51.0299;7.57
51643;Gummersbach;;51.0143;7.5724
51645;Gummersbach;;51.0006;7.5693
51647;Gummersbach;;51.0333;7.55
51674;Wiehl;;50.9495;7.5506
51688;Wipperfürth;;51.1161;7.3986
51700;Stiftung Missionswerk Werner Heukelbach;NW;51.0274;7.6904
51702;Bergneustadt;;51.025;7.656
51709;Marienheide;;51.0832;7.5309
51766;Engelskirchen;;50.9885;7.4139
51777;Christkindspostamt;NW;50.9838;7.4098
51789;Lindlar;;51.0196;7.3776
52028;Agentur für Arbeit Aachen;NW;50.8116;6.0605
52045;HUK-Coburg;NW;50.7717;6.0851
52046;Chocoladefabriken Lindt & Sprüngli GmbH;NW;50.7846;6.0677
52047;BIG direkt gesund;NW;50.7773;6.1306
52049;Allianz Vers. AG;NW;50.7722;6.0887
52053;Pro-Idee GmbH & Co. KG;NW;50.7808;6.1332
52054;AachenMünchener Versicherung Aktiengesellschaft Direktion;NW;50.7705;6.0864
52055;Junghans Wollversand GmbH & Co. KG;NW;50.7808;6.1332
52056;RWTH Aachen;NW;50.7771;6.0778
52057;Universitätsklinikum der RWTH Aachen;NW;50.7765;6.0424
52058;Stadtverwaltung;NW;50.7757;6.0833
52059;Sparkasse Aachen;NW;50.7744;6.0879
52060;Technische Schule Landsysteme Lützow Kaserne;NW;50.7506;6.1618
52062;Aachen;;50.776;6.0872
52064;Aachen;;50.7683;6.076
52066;Aachen;;50.7564;6.0914
52068;Aachen;;50.7787;6.1085
52070;Aachen;;50.7884;6.1044
52072;Aachen;;50.8034;6.0627
52074;Aachen;;50.7479;6.0485
52076;Aachen;;50.7167;6.1481
52078;Aachen;;50.7624;6.138
52080;Aachen;;50.7793;6.1642
52081;Elegance GmbH & Co. KG;NW;50.7917;6.1067
52084;AMB Generali Schadenmanagement GmbH;NW;50.7711;6.0891
52090;StädteRegion Aachen;NW;50.7685;6.0981
52099;Grünenthal GmbH;NW;50.7667;6.1486
52101;Deutsche Post AG Direkt Marketing Center Aachen;NW;50.7913;6.0624
52115;knpbmedia b.v.;NW;50.8614;6.0814
52134;Herzogenrath;;50.8687;6.0932
52146;Würselen;;50.8181;6.1347
52152;Simmerath;;50.6;6.3
52156;Monschau;;50.5546;6.24
52159;Roetgen;;50.65;6.2
52220;Stadtverwaltung;NW;50.772;6.2275
52222;Stolberg (Rheinland);;50.7775;6.2209
52223;Stolberg (Rheinland);;50.7318;6.2104
52224;Stolberg (Rheinland);;50.74;6.2877
52249;Eschweiler;;50.8185;6.2718
52348;Deutsche Post AG Zustellstützpunkt Düren 2;NW;50.8106;6.4723
52349;Düren;;50.8009;6.4788
52351;Düren;;50.8086;6.4982
52353;Düren;;50.8294;6.462
52355;Düren;;50.7907;6.4659
52372;Kreuzau;;50.747;6.4907
52379;Langerwehe;;50.8167;6.35
52382;Niederzier;;50.8833;6.4667
52385;Nideggen;;50.6927;6.4844
52388;Nörvenich;;50.806;6.6395
52391;Vettweiß;;50.7333;6.6
52393;Hürtgenwald;;50.7167;6.3667
52396;Heimbach;;50.6369;6.469
52399;Merzenich;;50.8268;6.5249
52425;Forschungszentrum Jülich GmbH;NW;50.9013;6.3974
52426;Medizinische Einrichtungen der Heinrich-Heine-Universität Düsseld.;NW;50.9038;6.3884
52428;Jülich;;50.9215;6.3627
52441;Linnich;;50.98;6.2705
52445;Titz;;51.0062;6.4248
52457;Aldenhoven;;50.9;6.2833
52459;Inden;;50.8431;6.36
52475;Trommsdorff GmbH & Co. KG;NW;50.8814;6.1829
52477;Alsdorf;;50.8767;6.164
52499;Baesweiler;;50.9096;6.1887
52509;Wilh. Jansen - Eisenjansen GmbH & Co. KG;NW;50.978;6.098
52511;Geilenkirchen;;50.9675;6.1176
52523;lekker Energie GmbH;NW;51.0585;6.1415
52525;Heinsberg;;51.0636;6.0998
52531;Übach-Palenberg;;50.9177;6.1234
52538;Gangelt;;50.9925;5.998
53094;Bundesamt für Justiz;NW;50.726;7.1114
53095;Verlag Norman Rentrop;NW;50.6791;7.16
53096;Zurich Gruppe Deutschland;NW;50.728;7.0955
53099;Bundesministerium der Verteidigung;NW;50.7053;7.0463
53100;General-Anzeiger Bonn GmbH;NW;50.7393;7.0559
53102;Berufsgenossenschaft Handel und Warenlogistik (BGHW);NW;50.7083;7.1129
53103;Stadtverwaltung;NW;50.7366;7.0951
53104;Agentur für Arbeit Bonn;NW;50.7122;7.0601
53105;STOTaX GmbH & Co. KG;NW;50.7428;7.0756
53106;Bundesverband der Volks- und Raiffeisenbanken;NW;50.7169;7.1229
53107;Bundesministerium für Ernährung, Landw. und Forsten;NW;50.72;7.0598
53108;Laborbedarf GmbH Peter Fastnacht;NW;50.7446;7.0511
53109;Finanzamt für Groß- und Konzernbetriebsprüfung;NW;50.7394;7.1002
53110;Deutsche Welle;NW;50.716;7.1284
53111;Bonn;;50.7362;7.1002
53113;Bonn;;50.7231;7.1068
53115;Bonn;;50.7272;7.0851
53117;Bonn;;50.761;7.063
53119;Bonn;;50.7431;7.059
53121;Bonn;;50.7317;7.0575
53123;Bonn;;50.711;7.0489
53125;Bonn;;50.7333;7.1
53127;Bonn;;50.7112;7.0668
53129;Bonn;;50.7207;7.107
53160;Aktion Mensch;NW;50.7048;7.1409
53168;Bundesanstalt für Landwirtschaft und Ernährung;NW;50.6733;7.1828
53169;Telekom Deutschland GmbH Segment Geschäftskunden;NW;50.7351;7.0717
53170;Vorwärts Verlag;NW;50.6993;7.1375
53171;Deutsche Telekom Kundenservice GmbH;NW;50.7114;7.1264
53173;Bonn;;50.6902;7.1666
53175;Bonn;;50.6975;7.1417
53177;Bonn;;50.6813;7.1546
53179;Bonn;;50.6653;7.1822
53221;Bundeszentralamt für Steuern;NW;50.745;7.1247
53222;Kreiswehrersatzamt;NW;50.7219;7.1546
53223;SER Solutions Deutschland GmbH;NW;50.7191;7.1519
53225;Bonn;;50.7462;7.1294
53227;Bonn;;50.7248;7.1555
53229;Bonn;;50.7323;7.1847
53241;Postbank eine Niederlassung der Deutsche Bank AG;NW;50.7191;7.117
53243;Postbank eine Niederlassung der Deutsche Bank AG;NW;50.7191;7.117
53245;Postbank eine Niederlassung der Deutsche Bank AG;NW;50.7191;7.117
53247;Deutsche Post AG Kundenservice;NW;50.7156;7.1305
53248;Kundenservice Paket;NW;50.7123;7.1346
53249;HUK-Coburg;NW;50.7241;7.0645
53250;Deutsche Post AG Zentrale;NW;50.7156;7.1305
53251;Deutsche Post AG Bewerberservice;NW;50.7156;7.1305
53252;Volksbank Köln Bonn eG;NW;50.7048;7.1409
53253;Deutsche Post AG Niederlassung Betrieb Bonn;NW;50.8277;7.0993
53254;Deutsche Post EuroExpress Deutschland GmbH & Co. OHG;NW;50.7156;7.1305
53255;Deutsche Bank 24;NW;50.7565;7.0908
53262;Deutsche Telekom AG;NW;50.7114;7.1264
53284;Infas-Institut fÃ¼r angewandte Sozialwissenschaft GmbH;NW;50.716;7.1284
53285;Zurich Service GmbH;NW;50.728;7.0955
53286;Zurich Service GmbH;NW;50.728;7.0955
53287;Zurich Service GmbH;NW;50.728;7.0955
53288;Zurich Service GmbH;NW;50.728;7.0955
53289;ADAC Autoversicherungs AG c/o Allianz Deutschland AG;BY;48.1544;11.5886
53330;Stadtverwaltung;NW;50.7577;7.0046
53332;Bornheim;;50.7631;6.9909
53338;Stadtverwaltung Meckenheim;NW;50.6263;7.0171
53340;Meckenheim;;50.6239;7.0294
53343;Wachtberg;;50.6333;7.1
53347;Alfter;;50.7333;7.0167
53357;Raiffeisenbank eG;NW;50.6258;6.9485
53359;Rheinbach;;50.6256;6.9491
53423;H.J. JÃ¤ger GmbH;RP;50.5433;7.2706
53424;Remagen;;50.5788;7.227
53426;Schalkenbach;;50.4949;7.1464
53455;HARIBO GmbH & Co. KG;RP;50.5714;7.0935
53470;Norizia-Kellereien GmbH;RP;50.5719;7.0301
53474;Bad Neuenahr-Ahrweiler;;50.5432;7.1113
53489;Sinzig;;50.5438;7.2464
53498;Waldorf;;50.4833;7.2333
53501;Grafschaft;;50.5833;7.0667
53505;Kirchsahr;;50.5225;6.8998
53506;Heckenbach;;50.4667;7.05
53507;Dernau;;50.5333;7.05
53508;Mayschoß;;50.5208;7.0169
53518;Adenau;;50.3824;6.9329
53520;Drees;;50.35;7
53533;Antweiler;;50.4;6.8333
53534;Bauler;;50.3333;6.8833
53539;Bongard;;50.3;6.8333
53545;Ockenfels;;50.5761;7.2754
53547;Dattenberg;;50.5536;7.2939
53557;Bad Hönningen;;50.5169;7.312
53560;Vettelschoß;;50.6167;7.35
53562;Sankt Katharinen;;50.5833;7.3833
53567;Buchholz (Westerwald);;50.6867;7.3952
53572;Unkel;;50.5965;7.2189
53577;Neustadt (Wied);;50.6209;7.4325
53578;Windhagen;;50.6412;7.3535
53579;Erpel;;50.5833;7.2333
53602;Bundesverband Garten-, Landschafts- und Sportplatzbau e.V.;NW;50.6438;7.2207
53604;Bad Honnef;;50.6434;7.2278
53619;Rheinbreitbach;;50.6167;7.2333
53637;Dritte Welt-Shop;NW;50.6965;7.2759
53639;Königswinter;;50.7026;7.2584
53717;VR-Bank Rhein-Sieg;NW;50.7949;7.2041
53718;Ahrens + Sieberz;NW;50.7941;7.2758
53719;Kreisverwaltung;NW;50.7931;7.2071
53721;Siegburg;;50.8002;7.2077
53754;Bundeswehr;NW;50.7677;7.1892
53757;Sankt Augustin;;50.7754;7.197
53773;Hennef;;50.7756;7.2831
53783;Eitorf;;50.7667;7.45
53797;Lohmar;;50.8387;7.214
53804;Much;;50.8747;7.3537
53809;Ruppichteroth;;50.8437;7.4841
53819;Neunkirchen-Seelscheid;;50.8667;7.325
53839;DYNAenergetics GmbH + Co. KG;NW;50.8185;7.1486
53840;Troisdorf;;50.8152;7.172
53842;Troisdorf;;50.8189;7.1189
53844;Troisdorf;;50.8015;7.1271
53859;Niederkassel;;50.815;7.0378
53877;AOK Rheinland Die Gesundheitskasse Regionaldirektion Kreis Euskirchen;NW;50.659;6.7931
53879;Euskirchen;;50.6606;6.7872
53881;Euskirchen;;50.6272;6.8478
53884;Feldpostleitstelle Mechernich;NW;50.587;6.6505
53894;Mechernich;;50.6399;6.7042
53902;Bad Münstereifel;;50.5567;6.7642
53909;Zülpich;;50.7;6.65
53913;Swisttal;;50.7;6.9167
53919;Weilerswist;;50.7529;6.8458
53925;Kall;;50.5422;6.563
53937;Schleiden;;50.529;6.4769
53940;Hellenthal;;50.4412;6.4361
53945;Blankenheim;;50.4333;6.65
53947;Nettersheim;;50.4937;6.629
53949;Dahlem;;50.3861;6.5477
54187;Agentur für Arbeit Trier;RP;49.7708;6.6704
54189;Westnetz GmbH Zentraler Rechnungseingang;RP;49.7487;6.6187
54190;Deutsche Post AG Niederlassung BRIEF Trier;RP;49.7986;6.693
54286;Universität Trier;RP;49.7457;6.6884
54287;Deutsche Post AG SNL IT-Systeme EXPRESS AE Marketing, Vertrieb EXPRESS;RP;49.759;6.65
54290;Trier;;49.7537;6.6393
54292;Trier;;49.7728;6.6645
54293;Trier;;49.75;6.6333
54294;Trier;;49.744;6.6188
54295;Trier;;49.75;6.6333
54296;Trier;;49.75;6.6333
54298;Igel;;49.7103;6.555
54306;Kordel;;49.8333;6.6333
54308;Langsur;;49.7244;6.4991
54309;Newel;;49.8124;6.583
54310;Menningen;;49.8333;6.4833
54311;Trierweiler;;49.7623;6.5599
54313;Zemmer;;49.9;6.7
54314;Hentern;;49.6167;6.7
54316;Hinzenburg;;49.6667;6.7333
54317;Kasel;;49.7617;6.7322
54318;Mertesdorf;;49.7721;6.7329
54320;Waldrach;;49.7462;6.7454
54329;Konz;;49.7005;6.5765
54331;Pellingen;;49.6755;6.6708
54332;Wasserliesch;;49.7074;6.5394
54338;Schweich;;49.8221;6.7526
54340;Detzem;;49.8167;6.85
54341;Fell;;49.7667;6.7833
54343;Föhren;;49.8593;6.7648
54344;Kenn;;49.8;6.7167
54346;Mehring;;49.8;6.8333
54347;Neumagen-Dhron;;49.8555;6.8978
54349;Trittenheim;;49.8247;6.8993
54411;Rorodt;;49.7667;7.05
54413;Damflos;;49.6667;6.9833
54421;Reinsfeld;;49.6833;6.8833
54422;Börfink;;49.6833;7.0833
54424;Etgert;;49.7788;7.0212
54426;Hilscheid;;49.7333;7
54427;Kell am See;;49.6331;6.8222
54429;Schillingen;;49.6333;6.7833
54439;Palzem;;49.5667;6.3667
54441;Kastel-Staadt;;49.5667;6.5667
54450;Freudenburg;;49.5435;6.5329
54451;Irsch;;49.6049;6.5955
54453;Nittel;;49.65;6.45
54455;Serrig;;49.5752;6.5745
54456;Tawern;;49.6667;6.5167
54457;Wincheringen;;49.609;6.426
54459;Wiltingen;;49.6592;6.5926
54469;Moselland eG;RP;49.9296;7.0591
54470;Bernkastel-Kues;;49.916;7.0766
54472;Veldenz;;49.8887;7.0221
54483;Kleinich;;49.9;7.1833
54484;Maring-Noviand;;49.9333;7
54486;Mülheim;;49.9125;7.0195
54487;Wintrich;;49.8833;6.95
54492;Lösnich;;49.9667;7.0333
54497;Horath;;49.8109;6.9859
54498;Piesport;;49.8864;6.9165
54516;Flußbach;;50.0167;6.9333
54518;Minderlittgen;;50.0167;6.8333
54523;Dierscheid;;49.9;6.75
54524;Klausen;;49.9;6.8833
54526;Landscheid;;49.9833;6.7667
54528;Salmtal;;49.9333;6.85
54529;Spangdahlem;;49.9833;6.6833
54531;Wallscheid;;50.1;6.8833
54533;Oberkail;;50.0333;6.6833
54534;Musweiler;;50.0167;6.8
54536;Kröv;;49.9833;7.0833
54538;Kinheim;;49.9667;7.05
54539;Ürzig;;49.9794;7.0061
54550;Daun;;50.1972;6.8294
54552;Dockweiler;;50.25;6.7833
54558;Mückeln;;50.0833;6.9167
54567;Rocky Venture Capital GmbH;RP;50.2409;6.66
54568;Gerolstein;;50.2222;6.6598
54570;Kalenborn-Scheuern;;50.25;6.6
54574;Birresborn;;50.1833;6.6333
54576;Dohm-Lammersdorf;;50.2667;6.6667
54578;Wiesbaum;;50.3406;6.6733
54579;Üxheim;;50.35;6.75
54584;Gönnersdorf;;50.3333;6.6
54585;Esch;;50.3667;6.6167
54586;Schüller;;50.3333;6.5833
54587;Lissendorf;;50.3167;6.6
54589;Kerschenbach;;50.35;6.5
54595;Prüm;;50.2078;6.4202
54597;Neuheilenbach;;50.1167;6.5667
54608;Oberlascheid;;50.25;6.3
54610;Büdesheim;;50.2167;6.55
54611;Hallschlag;;50.3544;6.4382
54612;Wawern;;50.1167;6.4833
54614;Oberlauch;;50.1667;6.4167
54616;Winterspelt;;50.2167;6.2167
54617;Lützkampen;;50.15;6.1833
54619;Sengerich;;50.1167;6.2167
54634;Bitburg;;49.9679;6.5273
54636;Hamm;;50.0167;6.4167
54646;Halsdorf;;49.9333;6.3667
54647;Dudeldorf;;49.9749;6.6372
54649;Dackscheid;;50.1167;6.3833
54655;Etteldorf;;50.0333;6.5667
54657;Neidenbach;;50.1;6.55
54662;Philippsheim;;49.95;6.6333
54664;Hosten;;49.9;6.6167
54666;Irrel;;49.8454;6.457
54668;Echternacherbrück;;49.8167;6.4333
54669;Bollendorf;;49.8527;6.3579
54673;Muxerath;;49.9833;6.2667
54675;Gentingen;;49.9;6.2333
54687;Arzfeld;;50.0896;6.2707
54689;Olmscheid;;50.0667;6.2167
55097;HUK-Coburg;RP;49.9818;8.2902
55098;Landesbank Baden-WÃ¼rttemberg / Rheinland-Pfalz;RP;50.0161;8.2541
55099;Johannes-Gutenberg-UniversitÃ¤t;RP;49.9958;8.2464
55100;ZDF Sendezentrum;RP;49.9639;8.2059
55101;Universitätsmedizin der Johannes-Gutenberg-Universität Mainz;RP;49.993;8.2592
55116;Mainz;;50.001;8.2688
55118;Mainz;;50;8.2711
55120;Mainz;;50.0196;8.2321
55122;Mainz;;49.995;8.237
55124;Mainz;;50.0025;8.2148
55126;Mainz;;49.9836;8.1767
55127;Mainz;;50;8.2711
55128;Mainz;;49.9808;8.2422
55129;Mainz;;49.9661;8.2663
55130;Mainz;;49.9873;8.2965
55131;Mainz;;49.9823;8.2609
55146;Südwestrundfunk;RP;50.0039;8.2467
55147;Agentur für Arbeit Mainz;RP;49.997;8.2546
55148;Deutsche Bundesbank Servicezentrum Außenwirtschaftsstatistik;RP;49.9949;8.228
55149;Familienkasse Rheinland-Pfalz-Saarland;RP;49.997;8.2546
55150;Deutsche Post AG Niederlassung BRIEF Mainz;RP;49.9609;8.2532
55218;Ingelheim am Rhein;;49.9708;8.0588
55232;Alzey;;49.7466;8.1151
55234;Freimersheim;;49.7083;8.0892
55237;Bornheim;;49.7831;8.0603
55239;Gau-Odernheim;;49.7847;8.1942
55246;Mainz-Kostheim;;50.0051;8.3134
55252;Mainz-Kastel;;50.0102;8.2844
55257;Budenheim;;50.0167;8.1667
55262;Heidesheim am Rhein;;50;8.1261
55263;Wackernheim;;49.9744;8.1167
55266;Mariacron zu Oppenheim am Rhein GmbH Oppenheim;RP;49.9048;8.2036
55268;Nieder-Olm;;49.9117;8.2053
55270;Ober-Olm;;49.9372;8.1889
55271;Stadecken-Elsheim;;49.9122;8.1253
55276;Oppenheim;;49.8547;8.3597
55278;Dexheim;;49.8472;8.3167
55283;Nierstein;;49.87;8.3365
55286;Sulzheim;;49.8431;8.0917
55288;Schornsheim;;49.8261;8.1315
55291;Saulheim;;49.8774;8.1363
55294;Bodenheim;;49.9353;8.32
55296;Lörzweiler;;49.8983;8.2947
55299;Nackenheim;;49.9153;8.3389
55408;Alfa Metalcraft Corporation Handelsgesellschaft mbH;RP;49.9692;7.9362
55409;Edeka;RP;49.9692;7.9362
55411;Bingen am Rhein;;49.9667;7.8992
55413;Oberheimbach;;50.0167;7.7833
55422;Breitscheid;;50.05;7.7
55424;Münster-Sarmsheim;;49.9434;7.8943
55425;Waldalgesheim;;49.95;7.8333
55430;Oberwesel;;50.1078;7.7252
55432;Niederburg;;50.1167;7.7
55435;Gau-Algesheim;;49.9567;8.0157
55437;Ober-Hilbersheim;;49.9;8.0289
55442;Roth;;49.9333;7.8
55444;Seibersbach;;49.9667;7.7167
55450;Langenlonsheim;;49.9;7.9
55452;Hergenfeld;;49.9;7.7667
55457;Horrweiler;;49.9;7.9667
55459;Aspisheim;;49.9;7.9833
55469;Belgweiler;;49.95;7.4833
55471;Wüschheim;;50.0167;7.4167
55481;Metzenhausen;;49.9667;7.3667
55483;Heinzenbach;;49.9667;7.4167
55487;Niedersohren;;49.9333;7.3333
55490;Woppenroth;;49.8667;7.4167
55491;Niederweiler;;49.9;7.2833
55494;Liebshausen;;50.0333;7.6333
55496;Argenthal;;49.9667;7.6
55497;Schnorbach;;49.9833;7.6167
55499;Riesweiler;;49.959;7.5567
55538;Agentur für Arbeit Bad Kreuznach;RP;49.8412;7.8667
55540;AVENA GmbH;RP;49.839;7.8586
55541;DEG Deutsche Elektro-Gruppe Elektrogroßgruppe GmbH;BY;49.427;11.1332
55543;Bad Kreuznach;;49.8368;7.8647
55545;Bad Kreuznach;;49.8484;7.8378
55546;Neu-Bamberg;;49.7986;7.9239
55559;Bretzenheim;;49.878;7.8965
55566;Kirschroth;;49.7667;7.5667
55568;Staudernheim;;49.7767;7.6889
55569;Langenthal;;49.8333;7.5667
55571;Odernheim am Glan;;49.7648;7.7061
55576;Badenheim;;49.8333;7.9667
55578;Wallertheim;;49.8356;8.0514
55583;Bad Münster am Stein-Ebernburg;;49.8116;7.8452
55585;Niederhausen;;49.8;7.7833
55590;Meisenheim;;49.7072;7.6677
55592;Raumbach;;49.7167;7.65
55593;Rüdesheim;;49.85;7.8167
55595;Sommerloch;;49.8773;7.76
55596;Waldböckelheim;;49.8167;7.7167
55597;Wöllstein;;49.8167;7.9667
55599;Gau-Bickelheim;;49.8353;8.0206
55606;Heinzenberg;;49.8167;7.4833
55608;Hausen;;49.8667;7.3667
55618;Simmertal;;49.8098;7.5228
55619;Hennweiler;;49.8167;7.4333
55621;Hundsbach;;49.7167;7.55
55624;Oberkirn;;49.8833;7.3667
55626;Bundenbach;;49.8428;7.3783
55627;Merxheim;;49.793;7.5601
55629;Schwarzerden;;49.85;7.5167
55743;Gerach;;49.75;7.3333
55756;Herrstein;;49.7833;7.3333
55758;Sonnschied;;49.8167;7.3833
55765;Dienstweiler;;49.6333;7.1833
55767;Hattgenstein;;49.7;7.15
55768;Hoppstädten-Weiersbach;;49.6167;7.2
55774;Baumholder;;49.6489;7.3975
55776;Berglangenbach;;49.6;7.25
55777;Eckersweiler;;49.5667;7.2833
55779;Heimbach;;49.6167;7.25
56037;Deutsche Post AG Niederlassung BRIEF Koblenz;RP;50.3887;7.5829
56040;AOK Rheinland-Pfalz / Saarland Die Gesundheitskasse;RP;50.3769;7.5836
56048;Debeka BKK;RP;50.3727;7.5551
56053;HUK-Coburg;RP;50.3593;7.5858
56054;Debeka Bausparkasse;RP;50.3372;7.5584
56055;Mittelrhein-Verlag GmbH;RP;50.3477;7.495
56056;Struktur- und Genehmigungsdirektion Nord;RP;50.3573;7.6026
56057;Bundesamt für Ausrüstung, Informationst. u. Nutzung d. Bundeswehr (BAAINBw);RP;50.3615;7.5721
56058;Debeka Lebensversicherung AG, Hauptverwaltung;RP;50.3372;7.5584
56059;EVM AG Privat- u. Geschäftskundenvertrieb;RP;50.3416;7.5855
56060;Finanzamt Koblenz;RP;50.359;7.5682
56062;Landesamt fÃ¼r Finanzen;RP;50.3574;7.5796
56063;Agentur für Arbeit Koblenz;RP;50.3589;7.5718
56064;Bundeswehrzentralkrankenhaus;RP;50.3698;7.5421
56065;Deutscher Gewerkschaftsbund;RP;50.3538;7.5937
56066;Agentur für Arbeit Koblenz;RP;50.3589;7.5718
56068;Koblenz;;50.3567;7.5932
56070;Koblenz;;50.3849;7.5741
56072;Koblenz;;50.3578;7.5251
56073;Koblenz;;50.3586;7.5812
56075;Koblenz;;50.3201;7.5682
56076;Koblenz;;50.35;7.6
56077;Koblenz;;50.35;7.6
56078;Debeka Krankenversicherung Leistungszentrum;RP;50.3805;7.5649
56079;CompuGroup Holding AG;RP;50.3874;7.5789
56080;Deutsche Post AG Direkt Marketing Center;RP;50.3887;7.5829
56112;Lahnstein;;50.3;7.6167
56128;Statistisches Landesamt;RP;50.3293;7.7287
56129;Kreisverwaltung des Rhein-Lahn-Kreises;RP;50.3349;7.7206
56130;Bad Ems;;50.3354;7.7137
56132;Becheln;;50.2928;7.718
56133;Fachbach;;50.3333;7.6833
56154;Boppard;;50.2308;7.5899
56170;Bendorf;;50.4229;7.5792
56179;Vallendar;;50.3959;7.6243
56182;Urbar;;50.3833;7.6333
56191;Weitersburg;;50.4167;7.6
56203;Höhr-Grenzhausen;;50.4347;7.669
56204;Hillscheid;;50.4064;7.6986
56206;Hilgert;;50.4563;7.6873
56218;Mülheim-Kärlich;;50.3851;7.4989
56220;Bassenheim;;50.3582;7.4596
56235;Ransbach-Baumbach;;50.465;7.7283
56237;Wirscheid;;50.4667;7.6667
56242;Marienrachdorf;;50.55;7.7167
56244;Ewighausen;;50.535;7.8278
56249;Herschbach;;50.5833;7.7333
56253;Treis-Karden;;50.1717;7.3022
56254;Müden;;50.185;7.3395
56269;Marienhausen;;50.5639;7.6928
56271;Isenburg;;50.4833;7.6
56276;Großmaischeid;;50.5;7.6333
56281;Hungenroth;;50.1333;7.6
56283;Halsenbach;;50.1717;7.5567
56288;Bubach;;50.0667;7.55
56290;Macken;;50.1833;7.4
56291;Bickenbach;;50.1256;7.5279
56294;Wierschem;;50.2256;7.3516
56295;Lonnig;;50.31;7.4051
56299;Ochtendung;;50.35;7.3833
56305;Puderbach;;50.6044;7.574
56307;Harschbach;;50.5833;7.6
56316;Niederhofen;;50.5667;7.6
56317;Linkenbach;;50.5833;7.55
56321;Rhens;;50.2813;7.6175
56322;Spay;;50.2588;7.6484
56323;Waldesch;;50.2833;7.55
56329;Sankt Goar;;50.1488;7.7072
56330;Kobern-Gondorf;;50.3023;7.4561
56332;Kattenes;;50.2519;7.4416
56333;Winningen;;50.3167;7.5167
56335;Neuhäusel;;50.3836;7.7096
56337;Simmern;;50.3891;7.674
56338;Braubach;;50.2736;7.6451
56340;Dachsenhausen;;50.2434;7.6809
56341;Kamp-Bornhofen;;50.2228;7.6236
56346;Lykershausen;;50.2;7.6667
56348;Patersberg;;50.15;7.7333
56349;Kaub;;50.0883;7.7607
56355;Winterwerb;;50.2364;7.739
56357;Ruppertshofen;;50.2009;7.8055
56368;Niedertiefenbach;;50.2554;7.897
56370;Eisighofen;;50.2333;8.0167
56377;Seelbach;;50.3167;7.8667
56379;Horhausen;;50.3667;7.9
56407;Agentur für Arbeit Montabaur;RP;50.4378;7.8353
56409;Agentur für Arbeit Montabaur;RP;50.4378;7.8353
56410;Montabaur;;50.4359;7.8232
56412;Nomborn;;50.4333;7.9167
56414;Herschbach (Oberwesterwald);;50.5;7.9333
56422;Wirges;;50.4719;7.7984
56424;Ebernhahn;;50.4728;7.77
56427;Siershahn;;50.4864;7.7797
56428;Dernbach (Westerwald);;50.4667;7.7833
56456;G. Koch GmbH & Co.;RP;50.5585;7.9849
56457;Halbs;;50.5908;7.9647
56459;Brandscheid;;50.5608;7.9203
56462;Höhn;;50.6167;7.9833
56469;Sparkasse Westerwald-Sieg;RP;50.6448;7.9319
56470;Bad Marienberg;;50.6495;7.9496
56472;Hardt;;50.6333;7.9167
56476;AMAZON Logistik GmbH;HE;50.8461;9.6781
56477;Rennerod;;50.6082;8.067
56479;Bretthausen;;50.6667;8.0667
56560;Agentur für Arbeit Neuwied;RP;50.428;7.4664
56562;AOK-Die Gesundheitskasse Regionaldirektion Neuwied;RP;50.4284;7.4642
56564;Neuwied;;50.4326;7.463
56566;Neuwied;;50.4369;7.5452
56567;Neuwied;;50.4565;7.4693
56575;Weißenthurm;;50.4172;7.4507
56578;Berge & Meer Touristik GmbH;RP;50.5053;7.487
56579;Hardert;;50.5167;7.5167
56581;Melsbach;;50.4833;7.4833
56584;Rüscheid;;50.5333;7.5667
56587;Oberraden;;50.55;7.5333
56588;Waldbreitbach;;50.55;7.4167
56589;Niederbreitbach;;50.5305;7.421
56593;Krunkel;;50.5833;7.5
56594;Willroth;;50.5691;7.5275
56598;Rheinbrohl;;50.5;7.3333
56599;Leutesdorf;;50.45;7.3833
56624;Landesversicherungsanstalt Rheinland-Pfalz ZwSt. Andernach;RP;50.4375;7.3969
56626;Andernach;;50.4311;7.4042
56630;Kretz;;50.3957;7.3625
56637;Plaidt;;50.3926;7.3925
56642;Kruft;;50.3833;7.3333
56645;Nickenich;;50.4142;7.3273
56647;E.ON Real Estate GmbH;RP;50.388;7.404
56648;Saffig;;50.3833;7.4167
56651;Niederdürenbach;;50.45;7.1833
56653;Wassenach;;50.4333;7.2833
56656;Brohl-Lützing;;50.483;7.3291
56659;Burgbrohl;;50.4546;7.2772
56723;Mahnstelle Amtsgericht Mayen;RP;50.3287;7.2311
56724;Moritz J. Weig GmbH & Co. KG;RP;50.3199;7.2336
56725;Deutsche Post AG Filialbezirksleitung Mayen;RP;50.3266;7.2249
56727;Reudelsterz;;50.3167;7.15
56729;Münk;;50.3;7.0333
56736;Kottenheim;;50.35;7.25
56743;Mendig;;50.3667;7.2833
56745;Weibern;;50.4081;7.1467
56746;Hohenleimbach;;50.4167;7.0667
56751;Kollig;;50.2667;7.2833
56753;Mertloch;;50.2695;7.3081
56754;Brohl;;50.2191;7.2795
56759;Laubach;;50.2328;7.0733
56761;Masburg;;50.2407;7.1174
56766;Horperath;;50.25;6.95
56767;Kötterichen;;50.2401;6.9843
56769;Mannebach;;50.2833;6.9833
56812;Dohr;;50.1293;7.1215
56814;Landkern;;50.1939;7.1537
56818;Klotten;;50.1667;7.2
56820;Mesenich;;50.1;7.2
56821;Ellenz-Poltersdorf;;50.1;7.2333
56823;Büchel;;50.1729;7.0832
56825;Gevenich;;50.15;7.0833
56826;Lutzerath;;50.1269;7.0074
56828;Alflen;;50.1768;7.0395
56829;Pommern;;50.1667;7.2833
56841;Traben-Trarbach;;49.9508;7.1156
56843;Starkenburg;;49.9667;7.1333
56850;Enkirch;;49.9843;7.13
56856;Zell;;50.0292;7.1823
56858;Altstrimmig;;50.1;7.3
56859;Alf;;50.0545;7.1234
56861;Reil;;50.0167;7.1167
56862;Pünderich;;50.04;7.128
56864;Bad Bertrich;;50.0667;7.0333
56865;Moritzheim;;50.05;7.2667
56867;Briedel;;50.0167;7.15
56869;Mastershausen;;50.0667;7.35
57068;Universität;NW;50.9063;8.0277
57069;Sparkasse Siegen;NW;50.8744;8.0177
57070;Agentur für Arbeit Siegen;NW;50.8778;8.0278
57072;Siegen;;50.8734;8.0104
57074;Siegen;;50.8625;8.0338
57076;Siegen;;50.8994;8.031
57078;Siegen;;50.9116;8.008
57080;Siegen;;50.834;8.0219
57110;Deutsche Post AG Direkt Marketing Center Siegen;NW;50.9122;7.9109
57223;Kreuztal;;50.9678;7.9885
57234;Wilnsdorf;;50.8167;8.1
57250;Netphen;;50.8998;8.1513
57258;Freudenberg;;50.8974;7.8741
57271;Hilchenbach;;50.9969;8.1106
57289;Volksbank in Südwestfalen eG;NW;50.7834;7.9728
57290;Neunkirchen;;50.8;8
57299;Burbach;;50.7511;8.0794
57319;Bad Berleburg Wingeshausen;;51.0709;8.2944
57334;Bad Laasphe;;50.9409;8.3302
57339;Erndtebrück;;50.9893;8.2529
57368;Lennestadt;;51.1172;8.0671
57392;Schmallenberg;;51.1547;8.285
57399;Kirchhundem;;51.0856;8.0889
57413;Finnentrop;;51.168;7.973
57437;Viega GmbH & Co.KG;NW;51.1293;7.9006
57439;Attendorn;;51.1264;7.9033
57462;Olpe;;51.029;7.8514
57482;Wenden;;50.9667;7.8667
57489;Drolshagen;;51.0236;7.7736
57517;Amtsgericht;RP;50.7881;7.8753
57518;Alsdorf;;50.7774;7.8856
57520;Rosenheim;;50.7124;7.8511
57537;Forst;;50.8;7.6833
57539;Etzbach;;50.7783;7.688
57548;Kirchen;;50.8085;7.8863
57555;Brachbach;;50.8167;7.9333
57562;Herdorf;;50.777;7.9537
57567;Daaden;;50.7333;7.9667
57572;Harbach;;50.85;7.8333
57577;Hamm;;50.7653;7.6776
57578;Elkenroth;;50.7333;7.8833
57580;Gebhardshain;;50.75;7.8167
57581;Katzwinkel;;50.8147;7.8224
57583;Mörlen;;50.6981;7.8844
57584;Wallmenroth;;50.8;7.8333
57586;Weitefeld;;50.7254;7.9281
57587;Birken-Honigsessen;;50.8167;7.7333
57589;Niederirsen;;50.75;7.6
57609;Amtsgericht;RP;50.689;7.6499
57610;Altenkirchen;;50.6859;7.6418
57612;Giesenhausen;;50.7;7.7167
57614;Mudenbach;;50.6667;7.7333
57626;Nassauische Sparkasse;RP;50.6624;7.8201
57627;Gehlert;;50.6417;7.8294
57629;Lochum;;50.6056;7.866
57632;Orfgen;;50.6667;7.5333
57635;Weyerbusch;;50.7167;7.55
57636;Mammelzen;;50.7;7.6667
57638;Neitersen;;50.6685;7.5851
57639;Oberdreis;;50.6257;7.6659
57641;Oberlahr;;50.623;7.5169
57642;Alpenrod;;50.6333;7.8667
57644;Welkenbach;;50.6333;7.7264
57645;Nister;;50.6758;7.8383
57647;Enspel;;50.6167;7.8833
57648;Unnau;;50.6488;7.9083
58079;AOK NordWest;NW;51.3624;7.469
58080;Agentur für Arbeit Hagen;NW;51.3508;7.4415
58081;Amtsgericht Hagen -Mahnabteilung-;NW;51.3848;7.4793
58082;Westfalia Werkzeugcompany GmbH & Co.KG;NW;51.381;7.5132
58083;Westfalia Technica GmbH;NW;51.3824;7.5183
58084;FernUniversität in Hagen;NW;51.3775;7.4909
58085;DAK Hagen;NW;51.3591;7.468
58086;Amtsgericht Hagen;NW;51.3634;7.4802
58089;Hagen;;51.3801;7.4394
58091;Hagen;;51.3201;7.508
58093;Hagen;;51.3657;7.5207
58095;Hagen;;51.3606;7.4785
58097;Hagen;;51.3668;7.4776
58099;Hagen;;51.3987;7.4901
58117;Thyssenkrupp Hohenlimburg GmbH;NW;51.3461;7.5921
58119;Hagen;;51.3529;7.563
58133;Erich Kalthoff GmbH & Co.;NW;51.338;7.4097
58135;Hagen;;51.3474;7.4274
58147;Deutsche Post AG Niederlassung Hagen (Paket);NW;51.3924;7.5087
58237;Fleischhacker KG Laboreinrichtungen Medizintechnik;NW;51.4588;7.6217
58239;Schwerte;;51.4439;7.5675
58256;Ennepetal;;51.2985;7.3629
58283;EUROPART industrieservice GmbH;NW;51.315;7.3088
58285;Gevelsberg;;51.3197;7.3392
58292;C. & W. Sichelschmidt GmbH & Co. KG;NW;51.3679;7.3672
58298;Stadtverwaltung Wetter (Ruhr);NW;51.387;7.3988
58300;Wetter (Ruhr);;51.3875;7.3928
58311;Med-Pharm GmbH;NW;51.4232;7.4369
58313;Herdecke;;51.4;7.4358
58330;HELIOS Klinikum Schwelm;NW;51.2942;7.3118
58332;Schwelm;;51.2863;7.2939
58339;Breckerfeld;;51.2593;7.4681
58448;Private Universität Witten/Herdecke;NW;51.4524;7.3572
58449;J. D. Neuhaus GmbH & Co. KG;NW;51.4376;7.2953
58452;Witten;;51.4315;7.334
58453;Witten;;51.4434;7.3633
58454;Witten;;51.4644;7.3739
58455;Witten;;51.4452;7.3303
58456;Witten;;51.4046;7.2583
58505;HASCO-Normalien, Hasenclever GmbH + Co;NW;51.2492;7.5995
58507;Lüdenscheid;;51.2258;7.6342
58509;Lüdenscheid;;51.2269;7.613
58511;Lüdenscheid;;51.2169;7.6457
58513;Lüdenscheid;;51.2462;7.6201
58515;Lüdenscheid;;51.2012;7.6258
58540;Meinerzhagen;;51.1074;7.6484
58553;Halver;;51.1861;7.4982
58566;Kierspe;;51.134;7.5908
58579;Schalksmühle;;51.2412;7.5279
58603;Agentur für Arbeit Iserlohn;NW;51.3728;7.7057
58634;Sparkasse Iserlohn;NW;51.3753;7.701
58636;Iserlohn;;51.38;7.7032
58638;Iserlohn;;51.3743;7.6961
58640;Iserlohn;;51.3667;7.7
58642;Iserlohn;;51.3708;7.6109
58644;Iserlohn;;51.3246;7.6968
58675;Hemer;;51.3871;7.7702
58706;Menden;;51.4408;7.7887
58708;Menden;;51.4553;7.7764
58710;Menden;;51.4187;7.8259
58730;Fröndenberg;;51.4756;7.7695
58739;Wickede;;51.4964;7.8659
58762;Altena;;51.2947;7.6734
58769;Nachrodt-Wiblingwerde;;51.3167;7.6167
58791;Werdohl;;51.2601;7.7661
58802;Balve;;51.3315;7.8642
58809;Neuenrade;;51.2828;7.7825
58840;Plettenberg;;51.2095;7.8726
58849;Herscheid;;51.1923;7.8063
59056;Agentur für Arbeit Hamm;NW;51.6775;7.8202
59057;Commerzbank AG;NW;51.6767;7.8059
59059;Commerzbank AG;NW;51.6767;7.8059
59060;Commerzbank AG ComTs West GmbH;NW;51.6785;7.8152
59061;Oberlandesgericht;NW;51.6794;7.8271
59062;HUK-Coburg;NW;51.6788;7.8139
59063;Hamm;;51.6747;7.8407
59065;Hamm;;51.6802;7.8134
59067;Hamm;;51.6742;7.7799
59069;Hamm;;51.645;7.8608
59071;Hamm;;51.691;7.8704
59073;Hamm;;51.6833;7.8
59075;Hamm;;51.6866;7.7359
59077;Hamm;;51.6425;7.7343
59089;Standard-Metallwerke GmbH;NW;51.5609;7.9074
59090;Deutsche Post AG Niederlassung BRIEF Hamm;NW;51.5602;7.8936
59172;Amtsgericht;NW;51.5891;7.6657
59174;Kamen;;51.5923;7.6638
59192;Bergkamen;;51.6163;7.6445
59199;Bönen;;51.6;7.7667
59215;LR Health & Beauty Systems GmbH;NW;51.773;7.9453
59225;Stadtverwaltung Ahlen;NW;51.7615;7.8867
59227;Ahlen;;51.7602;7.8845
59229;Ahlen;;51.7502;7.8968
59267;Beumer Maschinenfabrik GmbH & Co KG;NW;51.7625;8.046
59269;Beckum;;51.7557;8.0407
59299;Ventilatorenfabrik Oelde GmbH;NW;51.8281;8.124
59302;Oelde;;51.8289;8.1472
59320;Ennigerloh;;51.8384;8.0309
59329;Wadersloh;;51.7333;8.25
59348;Lüdinghausen;;51.7683;7.4438
59366;Volksbank Kamen-Werne eG;NW;51.6639;7.6353
59368;Werne;;51.6645;7.6342
59379;Selm;;51.6969;7.4681
59385;Compass Yachtzubehör Handels-GmbH;NW;51.7907;7.6088
59387;Ascheberg;;51.7833;7.6167
59394;Nordkirchen;;51.7383;7.522
59399;Olfen;;51.7079;7.3789
59423;Unna;;51.5302;7.676
59425;Unna;;51.5485;7.6849
59427;Unna;;51.5393;7.7283
59438;V.W. WERKE WIEDERHOLT;NW;51.506;7.6005
59439;Holzwickede;;51.5;7.6333
59455;Mariannenhospital;NW;51.5509;7.9072
59457;Werl;;51.5549;7.914
59469;Ense;;51.5133;7.9494
59490;Agentur für Arbeit Soest;NW;51.573;8.0986
59491;Agentur für Arbeit Soest;NW;51.573;8.0986
59494;Soest;;51.5756;8.1062
59495;Kreis Soest;NW;51.5728;8.1141
59505;Bad Sassendorf;;51.5833;8.1667
59510;Lippetal;;51.6766;8.1224
59514;Welver;;51.6167;7.9667
59519;Möhnesee;;51.5;8.1333
59552;Hella KG Hueck & Co.;NW;51.6722;8.3595
59553;Zeitungsverlag Der Patriot GmbH;NW;51.6548;8.3669
59555;Lippstadt;;51.6767;8.3411
59556;Lippstadt;;51.6667;8.35
59557;Lippstadt;;51.6574;8.3435
59558;Lippstadt;;51.6667;8.35
59578;Westf. Klinik für Psychiatrie und Psychotherapie;NW;51.4508;8.3563
59581;Warstein;;51.4662;8.3108
59590;Geseke;;51.6409;8.5109
59597;Erwitte;;51.6034;8.2908
59602;Rüthen;;51.4909;8.436
59609;Anröchte;;51.5667;8.3333
59753;TRILUX GmbH & Co. KG;NW;51.4324;7.9758
59755;Arnsberg;;51.3833;8.0833
59757;Arnsberg;;51.3833;8.0833
59759;Arnsberg;;51.4263;7.9913
59817;Bezirksregierung Arnsberg;NW;51.3996;8.074
59818;Finanzamt Arnsberg Geschäftsstelle;NW;51.3971;8.0752
59821;Arnsberg;;51.3997;8.0627
59823;Arnsberg;;51.3833;8.0833
59844;Rohe-Germany GmbH;NW;51.325;8.0045
59846;Sundern;;51.3281;8.0037
59870;Hochsauerlandkreis Der Landrat in Meschede;NW;51.3429;8.2835
59872;Meschede;;51.3502;8.2833
59889;Eslohe;;51.2673;8.2351
59909;Bestwig;;51.3608;8.4008
59929;Brilon;;51.3946;8.5715
59939;Olsberg;;51.3561;8.489
59955;Winterberg;;51.1925;8.5347
59964;Medebach;;51.1971;8.7063
59969;Bromskirchen;;51.0936;8.6264
60060;PricewaterhouseCoopers AG Wirtschaftsprüfungsgesellschaft;HE;50.1125;8.6535
60185;Tower 185 Immobilien GmbH & Co. KG;HE;50.1125;8.6535
60222;Hessischer Rundfunk;HE;50.1361;8.6755
60223;Gontard & Metallbank AG;HE;50.1118;8.6597
60252;Zürich Beteiligungs-AG;HE;50.1111;8.6551
60254;Deutsche Bank AG Filiale;HE;50.1124;8.6758
60255;Frankfurter Sparkasse;HE;50.1074;8.74
60256;Amtsgericht Frankfurt am Main;HE;50.1164;8.6896
60257;Allianz Versicherungen;HE;50.0992;8.667
60259;Agentur für Arbeit Frankfurt am Main;HE;50.1105;8.6908
60261;Commerzbank AG;HE;50.1109;8.6829
60262;Deutsche Bank AG;HE;50.1138;8.6684
60263;Deutsche Bundesbank;HE;50.1362;8.6496
60264;Deutscher Fachverlag GmbH;HE;50.1036;8.6465
60265;DZ Bank AG;HE;50.1097;8.6607
60267;Frankfurter Allgemeine Zeitung GmbH;HE;50.1086;8.6297
60270;Agentur für Arbeit Frankfurt am Main;HE;50.1105;8.6908
60274;DZ Bank AG;HE;50.11;8.6608
60275;Stadt Frankfurt am Main -Der Magistrat-;HE;50.1105;8.6826
60276;Stadtwerke Frankfurt am Main GmbH;HE;50.1109;8.6883
60277;Avaya GmbH & Co. KG;HE;50.1162;8.6298
60278;Commerzbank AG;HE;50.1109;8.6829
60279;Commerzbank AG;HE;50.1109;8.6829
60280;Commerzbank AG;HE;50.1109;8.6829
60281;Commerzbank AG;HE;50.1109;8.6829
60282;Commerzbank AG;HE;50.1109;8.6829
60284;Wolfgang Metzner GmbH & Co KG;HE;50.1122;8.718
60285;Deutsche Post Transport GmbH Frankfurt am Main;HE;50.1139;8.6532
60286;American Express Reisescheck;HE;50.1162;8.6298
60287;Commerzbank AG;HE;50.1109;8.6829
60289;Commerzbank AG Cobranding Kreditkartenservice;HE;50.1109;8.6829
60290;Postbank Frankfurt;HE;50.1338;8.5733
60291;DAK -Sozialversicherungswahlen-;HE;50.1045;8.6822
60296;American Express Europe S.A (Germany branch);HE;50.1162;8.6298
60297;Landesbank Hessen-Thüringen;HE;50.1119;8.6725
60298;First Data Deutschland GmbH;HE;50.2219;8.6212
60300;Stadt Frankfurt am Main -Ordnungsamt-;HE;50.099;8.6337
60301;Commerzbank AG Dresdner Corporate Card Service;HE;50.1087;8.672
60304;GZS Gesellschaft für Zahlungssysteme mbH;HE;50.2219;8.6212
60305;Finanzamt Frankfurt am Main I;HE;50.1028;8.6592
60306;Frankfurt am Main;;50.1159;8.6702
60307;Stadt- und Universitätsbibliothek;HE;50.1201;8.6552
60308;Frankfurt am Main;;50.1125;8.6529
60309;Volksfürsorge Schadenzentrum;HE;50.1291;8.6834
60310;Frankfurt am Main;;50.1107;8.673
60311;Frankfurt am Main;;50.1112;8.6831
60313;Frankfurt am Main;;50.1153;8.6823
60314;Frankfurt am Main;;50.1137;8.7119
60316;Frankfurt am Main;;50.1209;8.6966
60318;Frankfurt am Main;;50.1252;8.6865
60320;Frankfurt am Main;;50.139;8.6725
60322;Frankfurt am Main;;50.125;8.6762
60323;Frankfurt am Main;;50.1219;8.6655
60325;Frankfurt am Main;;50.1155;8.6596
60326;Frankfurt am Main;;50.1025;8.6299
60327;Frankfurt am Main;;50.1038;8.6522
60329;Frankfurt am Main;;50.1074;8.6663
60377;Generali Schadenbüro;HE;50.1291;8.6834
60379;DAK-Gesundheit;HE;50.128;8.7677
60380;Deutsche Post AG Zustellstützpunkt Frankfurt 60;HE;50.1253;8.712
60382;Allessa GmbH;HE;50.128;8.7677
60385;Frankfurt am Main;;50.1253;8.7108
60386;Frankfurt am Main;;50.1268;8.7554
60388;Frankfurt am Main;;50.1506;8.7537
60389;Frankfurt am Main;;50.1383;8.7116
60422;DIFA Deutsche Immobilien Fonds AG;HE;50.1171;8.6724
60423;Deutsche Post AG Zustellstützpunkt Frankfurt 50;HE;50.1459;8.6609
60424;DER Touristik Online GmbH;HE;50.1698;8.6368
60428;Sage Software GmbH & Co. KG;HE;50.1674;8.6344
60429;Presse-Vertriebs-Gesellschaft KG;HE;50.1901;8.6544
60431;Frankfurt am Main;;50.1457;8.6549
60433;Frankfurt am Main;;50.1605;8.6684
60435;Frankfurt am Main;;50.1544;8.6912
60437;Frankfurt am Main;;50.1924;8.6753
60438;Frankfurt am Main;;50.1787;8.632
60439;Frankfurt am Main;;50.1605;8.6337
60482;R+V Versicherung Frankfurt;HE;50.1172;8.6295
60484;Informationsdienst Zentrum für alternative Medien;HE;50.115;8.6474
60485;Deutsche Börse AG;HE;50.1357;8.5695
60486;Frankfurt am Main;;50.1162;8.6365
60487;Frankfurt am Main;;50.1257;8.6414
60488;Frankfurt am Main;;50.1416;8.6155
60489;Frankfurt am Main;;50.1252;8.6088
60490;THA Immo Verwaltungs GmbH;HE;50.1175;8.6284
60519;IG Metall Vorstand;HE;50.1037;8.6665
60521;ADAC Hessen-Thüringen e.V.;HE;50.0851;8.6294
60523;Nestle Deutschland AG;HE;50.0851;8.6294
60524;HUK-Coburg Geschäfts- und Schadenaußenstelle;HE;50.0851;8.6294
60525;AvD Automobilclub von Deutschland e.V.;HE;50.0847;8.6339
60528;Frankfurt am Main;;50.0837;8.644
60529;Frankfurt am Main;;50.0841;8.5916
60544;Deutsche Post AG NL internationale Produktion BRIEF Frankfurt am Main;HE;50.0302;8.5683
60546;Lufthansa Group Taste & More GmbH;HE;50.0302;8.5683
60547;Flughafen Frankfurt Main AG;HE;50.0302;8.5683
60549;Frankfurt am Main;;50.0413;8.5702
60589;Mc Cann Erickson GmbH;HE;50.0986;8.6565
60590;Universitätsklinikum Frankfurt;HE;50.0964;8.6611
60591;Deutsche Angestellten-Krankenkasse;HE;50.1068;8.6873
60594;Frankfurt am Main;;50.1039;8.6886
60596;Frankfurt am Main;;50.0974;8.6735
60598;Frankfurt am Main;;50.09;8.6816
60599;Frankfurt am Main;;50.096;8.7111
60600;PATRIZIA THE SQUAIRE 18;HE;50.0462;8.5793
60607;Deutsche Telekom AG Niederlassung 2 Frankfurt am Main;HE;50.1422;8.6573
60608;1822 direkt Gesellschaft der Frankfurter Sparkasse mbH;HE;50.1367;8.743
60609;BHW Bausparkasse AG;HE;50.1264;8.5857
60610;Deutsche Post AG Niederlassung BRIEF Frankfurt am Main;HE;50.092;8.6314
60611;Deutsche Post AG c/o Customer Service Center GmbH Kundenservice int.;HE;50.1139;8.6532
60612;Deutsche Asset & Wealth Management Investment GmbH;HE;50.1087;8.6589
60613;Commerzbank AG Dresdner Corporate Card Service;HE;50.1087;8.672
60614;Mediapolis Horizons Media GmbH;HE;50.1013;8.6404
60615;MorgenFund GmbH;HE;50.1161;8.6346
60620;Hessischer Rundfunk Werbung GmbH;HE;50.1361;8.6755
60621;Union Investment Service Bank AG;HE;50.1094;8.6772
60622;UniCredit Bank AG;HE;50.1106;8.6728
60623;MAINOVA AG;HE;50.1189;8.634
60624;Ferrero Management Services & Consulting GmbH & Co. KG;HE;50.0958;8.6952
60625;DekaBank, Deutsche Girozentrale;HE;50.1125;8.667
60626;Commerzbank AG Group Banking Operations Credit;HE;50.1109;8.6829
60627;Allianz Shared Infrastructure Services GmbH (ASIC);HE;50.1058;8.6698
60628;ING-DiBa AG;HE;50.114;8.6485
60629;Johann Wolfgang Goethe-Universität;HE;50.1235;8.6627
60630;Xchanging Transaction Bank GmbH;HE;50.1264;8.5857
60631;Bundesanstalt für Landwirtschaft und Ernährung;HE;50.1325;8.6774
60632;FIFA Fußballweltmeisterschaft 2006 Organisationskomitee Deutschland;HE;50.0672;8.6396
60633;Deutsche Bank AG Geschäfts- und Privatkunden AG Qualitätsmanagement;HE;50.1147;8.6416
60634;Deutsche Vermögensberatung Aktiengesellschaft;HE;50.1036;8.6663
60637;Commerzbank AG Group Banking Operations Credit;HE;50.1109;8.6829
60638;Lufthansa Group Taste & More GmbH;HE;50.0302;8.5683
60639;Deutsche Bank AG Zahlungsverkehr;HE;50.1138;8.6684
60640;Europäische Zentralbank;HE;50.1098;8.7028
60643;DB Fernverkehr AG Bahn Card;HE;50.1069;8.6399
60644;DB Fernverkehr AG Bahn Card;HE;50.1069;8.6399
60645;DB Fernverkehr AG Bahn Card;HE;50.1069;8.6399
60647;Servicecenter Fahrgastrechte;BE;52.5159;13.328
60651;Deutsche Post AG, Abt. 1U1;NW;50.7156;7.1305
60652;Deutsche Post AG, Abt. 1U1;NW;50.7156;7.1305
60699;Deutsche Post AG GB V B GWK Direkt Marketing Center Frankfurt;HE;50.1139;8.6532
61116;harmony.fm;HE;50.1883;8.7462
61118;Bad Vilbel;;50.1787;8.7376
61130;Nidderau;;50.2381;8.867
61137;Schöneck;;50.2056;8.8333
61138;Niederdorfelden;;50.1942;8.8
61167;Kreisausschuß des Wetteraukreises und Landrat des Wetteraukreises;HE;50.3334;8.7528
61169;Friedberg;;50.3374;8.7559
61182;König & Neurath KG;HE;50.2322;8.762
61184;Karben;;50.2302;8.7716
61191;Rosbach vor der Höhe;;50.3033;8.6898
61194;Niddatal;;50.2833;8.8333
61197;Florstadt;;50.3287;8.9167
61200;Wölfersheim;;50.4;8.8167
61203;Reichelsheim;;50.3564;8.8745
61206;Wöllstadt;;50.2833;8.7667
61209;Echzell;;50.3889;8.8861
61229;Kaiserberg-Klinik Pitzer KG;HE;50.3714;8.7362
61231;Bad Nauheim;;50.3646;8.7386
61239;Ober-Mörlen;;50.3735;8.6909
61250;Usingen;;50.3355;8.5369
61267;Neu-Anspach;;50.3167;8.5
61273;Wehrheim;;50.3;8.5667
61276;Weilrod;;50.3333;8.4167
61279;Grävenwiesbach;;50.3902;8.4569
61300;Bundesverwaltungsamt;HE;50.2387;8.5884
61341;Start Amadeus GmbH;HE;50.2188;8.6167
61342;Agentur für Arbeit Bad Homburg;HE;50.2128;8.655
61343;Amtsgericht;HE;50.225;8.6351
61344;Meda Pharma GmbH & Co. KG;HE;50.2175;8.6171
61345;Baloise Sachversicherung AG Deutschland;HE;50.2211;8.6242
61346;Nephrocare Deutschland GmbH;HE;50.2153;8.6235
61348;Bad Homburg vor der Höhe;;50.2265;8.612
61350;Bad Homburg vor der Höhe;;50.2377;8.6024
61352;Bad Homburg vor der Höhe;;50.2167;8.6167
61378;Steigenberger Hotels GmbH;HE;50.0851;8.6294
61381;Friedrichsdorf;;50.2496;8.6428
61389;Schmitten;;50.2667;8.45
61434;DA Deutsche Allgemeine Versicherung AG;HE;50.1111;8.6551
61435;Alte Leipziger;HE;50.212;8.5742
61437;Auto Direkt Versicherungs AG;HE;50.211;8.5745
61440;Oberursel;;50.2073;8.5775
61449;Steinbach (Taunus);;50.1648;8.5706
61462;Königstein im Taunus;;50.1794;8.4713
61474;Magistrat der Stadt Kronberg;HE;50.1785;8.5079
61476;Kronberg im Taunus;;50.1789;8.5134
61479;Glashütten;;50.2167;8.4
63057;Agentur für Arbeit Offenbach;HE;50.1066;8.7538
63059;AXA / DBV Krankenversicherung AG;HE;50.1053;8.7418
63060;AOK - Die Gesundheitskasse in Hessen;HE;50.1348;8.9215
63061;Stadtverwaltung;HE;50.1057;8.7611
63063;Sana Klinikum Offenbach GmbH;HE;50.0957;8.7557
63064;Deutsche Post AG Bewerberservice;HE;50.0833;8.7451
63065;Offenbach;;50.1054;8.762
63067;Offenbach;;50.1069;8.7344
63069;Offenbach;;50.0894;8.7494
63071;Offenbach;;50.0993;8.7852
63073;Offenbach;;50.1;8.7667
63075;Offenbach;;50.123;8.7921
63106;MEWA Textil-Service SE & Co. Deutschland OHG Standort Rodgau;HE;50.0241;8.9006
63110;Rodgau;;50.0263;8.8859
63126;Stadtverwaltung;HE;50.0185;8.7834
63128;Dietzenbach;;50.0098;8.7778
63147;BMI Steildach, GmbH;HE;50.0574;8.819
63150;Heusenstamm;;50.0555;8.8008
63165;Mühlheim;;50.1078;8.8318
63177;KARL MAYER STOLL Textilmaschinenfabrik GmbH;HE;50.0698;8.8543
63179;Obertshausen;;50.0714;8.8512
63222;Amtsgericht;HE;49.9866;8.668
63223;SAG GmbH;HE;49.997;8.6533
63225;Langen;;49.9896;8.6685
63256;Philipp Holzmann AG;HE;50.053;8.6563
63257;Banque PSA Finance S.A.;HE;50.0442;8.6779
63258;Lufthansa AirPlus Servicekarten GmbH Servicekarten;HE;50.0452;8.686
63259;Mobil Krankenkasse;HE;50.0483;8.7126
63263;Neu-Isenburg;;50.0583;8.6918
63299;Stadtverwaltung;HE;50.0183;8.6962
63303;Dreieich;;50.02;8.6961
63317;The Bradford Exchange, Ltd.;HE;49.9644;8.8231
63318;Der Magistrat der Stadt Rödermark;HE;49.9776;8.8279
63322;Rödermark;;49.974;8.8282
63328;Trützschler Nonwovens GmbH;HE;49.9696;8.6521
63329;Egelsbach;;49.9679;8.6634
63405;Hanau;;50.1333;8.9167
63438;Deutsche Bank Privat- und Geschäftskunden Service AG;HE;50.1147;8.6416
63441;Deutsche Bank AG;HE;50.1147;8.6416
63442;Agentur für Arbeit Hanau;HE;50.1221;8.9313
63443;sheego GmbH;HE;50.1227;8.92
63446;Goodyear Germany GmbH;HE;50.1239;8.9389
63447;Flexa GmbH & Co. KG;HE;50.0964;8.9004
63450;Hanau;;50.1316;8.9208
63452;Hanau;;50.1442;8.9169
63454;Hanau;;50.1391;8.8864
63456;Hanau;;50.1139;8.9107
63457;Hanau;;50.1063;8.9495
63475;SSL Healthcare Deutschland GmbH;BW;49.4775;8.5024
63477;Maintal;;50.15;8.8333
63486;Bruchköbel;;50.1785;8.9232
63499;Schneider Electric GmbH;HE;50.0547;8.9752
63500;Seligenstadt;;50.0432;8.9739
63505;Langenselbold;;50.1766;9.04
63512;Hainburg;;50.0833;8.9333
63517;Rodenbach;;50.15;9.0333
63526;Erlensee;;50.163;8.9782
63532;anwr Ariston-Nord-West-Ring eG;HE;50.016;9.0016
63533;Mainhausen;;50.0127;8.9901
63538;Großkrotzenburg;;50.0833;8.9833
63543;Neuberg;;50.2;8.9833
63546;Hammersbach;;50.2167;8.9833
63549;Ronneburg;;50.2278;9.0556
63569;Amtsgericht;HE;50.2016;9.1859
63571;Gelnhausen;;50.2016;9.1874
63579;Freigericht;;50.1323;9.1346
63584;Gründau;;50.2064;9.1388
63589;Linsengericht;;50.1667;9.2167
63594;Hasselroth;;50.1667;9.1
63599;Biebergemünd;;50.1806;9.2861
63607;Wächtersbach;;50.2551;9.2956
63619;Bad Orb;;50.2279;9.3478
63628;Bad Soden-Salmünster;;50.2757;9.367
63633;Birstein;;50.35;9.3
63636;Brachttal;;50.3167;9.2833
63637;Jossgrund;;50.1792;9.4583
63639;Flörsbachtal;;50.1208;9.4375
63652;Amtsgericht;HE;50.2889;9.1114
63654;Büdingen;;50.2901;9.1114
63667;Nidda;;50.4133;9.0064
63674;Altenstadt;;50.2875;8.9437
63679;Schotten;;50.5035;9.1252
63683;Ortenberg;;50.3558;9.056
63688;Gedern;;50.4248;9.1984
63691;Ranstadt;;50.3574;8.9837
63694;Limeshain;;50.2591;8.9776
63695;Glauburg;;50.3167;9
63697;Hirzenhain;;50.4;9.1333
63699;Kefenrod;;50.3448;9.2114
63715;Agentur für Arbeit Aschaffenburg;BY;49.9787;9.1579
63735;HMK GmbH;BY;49.9815;9.2761
63736;Stadt Aschaffenburg;BY;49.9735;9.1453
63739;Aschaffenburg;;49.9757;9.1478
63741;Aschaffenburg;;49.9751;9.1314
63743;Aschaffenburg;;49.9648;9.1647
63754;Wellpappe Alzenau;BY;50.0842;9.0652
63755;Alzenau in Unterfranken;;50.0888;9.0646
63762;Großostheim;;49.9199;9.076
63768;Hösbach;;50.0065;9.2076
63773;Goldbach;;49.9995;9.1844
63776;Mömbris;;50.0692;9.1637
63784;Mainsite GmbH & Co. KG;BY;49.829;9.1536
63785;Obernburg am Main;;49.8358;9.131
63791;Karlstein am Main;;50.0487;9.0287
63796;Kahl am Main;;50.0698;9.0055
63801;Kleinostheim;;50;9.0667
63806;Adler Modemärkte GmbH;BY;49.9636;9.19
63808;Haibach;;49.9644;9.2072
63811;Stockstadt am Main;;49.97;9.0715
63814;Mainaschaff;;49.9817;9.09
63820;Elsenfeld;;49.8429;9.1636
63825;Sommerkahl;;50.0696;9.2568
63826;Geiselbach;;50.1233;9.1966
63828;Kleinkahl;;50.1167;9.2667
63829;Krombach;;50.0832;9.2061
63831;Wiesen;;50.1167;9.3667
63834;Sulzbach am Main;;49.9115;9.1532
63839;Kleinwallstadt;;49.8746;9.1693
63840;Hausen;;49.8697;9.2103
63843;Niedernberg;;49.9122;9.1369
63846;Laufach;;50.0167;9.3
63849;Leidersbach;;49.9014;9.2217
63853;Mömlingen;;49.8597;9.0833
63856;Bessenbach;;49.9694;9.2686
63857;Waldaschaff;;49.9753;9.3019
63860;Rothenbuch;;49.9653;9.3939
63863;Eschau;;49.8189;9.2592
63864;Glattbach;;50;9.15
63867;Johannesberg;;50.0316;9.1425
63868;Großwallstadt;;49.8794;9.1534
63869;Heigenbrücken;;50.0282;9.3712
63871;Heinrichsthal;;50.0711;9.343
63872;Heimbuchenthal;;49.8892;9.2956
63874;Dammbach;;49.8577;9.3276
63875;Mespelbrunn;;49.9144;9.2919
63877;Sailauf;;50.0246;9.2593
63879;Weibersbrunn;;49.9308;9.3661
63897;Miltenberg;;49.7045;9.2673
63906;Erlenbach am Main;;49.8034;9.1631
63911;Klingenberg am Main;;49.7851;9.1803
63916;Amorbach;;49.6444;9.2218
63920;Großheubach;;49.7283;9.2228
63924;Kleinheubach;;49.7211;9.2135
63925;Laudenbach;;49.7458;9.1761
63927;Bürgstadt;;49.7148;9.2692
63928;Eichenbühl;;49.7056;9.3292
63930;Neunkirchen;;49.7072;9.4025
63931;Kirchzell;;49.618;9.1779
63933;Mönchberg;;49.7933;9.2686
63934;Röllbach;;49.7731;9.2461
63936;Schneeberg;;49.6402;9.2506
63937;Weilbach;;49.6681;9.2164
63939;Wörth am Main;;49.7972;9.1539
64271;Merck KGaA;HE;49.8981;8.6544
64272;Agentur für Arbeit Darmstadt;HE;49.8627;8.6398
64273;Carl Schenck AG;HE;49.8788;8.6399
64275;Röhm GmbH Chemische Fabrik;HE;49.8785;8.6356
64276;REFA Verband f. Arbeitsstudien und Betriebsorganisation e.V.;HE;49.8632;8.6285
64277;Technische Universität Darmstadt Der Präsident;HE;49.8754;8.6559
64278;Staatskasse Darmstadt;HE;49.8711;8.6444
64279;Merck Accounting Solutions & Services Europe GmbH;HE;49.8914;8.611
64280;Goldwell Vertriebs-GmbH;HE;49.8162;8.6316
64283;Darmstadt;;49.8719;8.6484
64285;Darmstadt;;49.8591;8.6486
64287;Darmstadt;;49.8676;8.6644
64289;Darmstadt;;49.8972;8.6809
64291;Darmstadt;;49.9111;8.6573
64293;Darmstadt;;49.8875;8.6446
64295;Darmstadt;;49.8611;8.6373
64297;Darmstadt;;49.8192;8.6449
64304;Agentur für Arbeit Darmstadt;HE;49.8627;8.6398
64305;Deutsche Post AG Niederlassung BRIEF Darmstadt;HE;49.8588;8.622
64306;Transgourmet Deutschland GmbH & Co. OHG;HE;49.855;8.4872
64307;Power & Air Solutions GmbH;HE;49.8681;8.6273
64308;KAO Germany GmbH;HE;49.8162;8.6316
64319;Pfungstadt;;49.8056;8.6031
64331;Weiterstadt;;49.9039;8.5887
64342;Seeheim-Jugenheim;;49.765;8.6519
64346;Intermail Direktmarketing GmbH;HE;49.8613;8.5898
64347;Griesheim;;49.8609;8.5725
64354;Reinheim;;49.8292;8.8357
64367;Mühltal;;49.8156;8.7081
64372;Ober-Ramstadt;;49.8308;8.7489
64380;Roßdorf;;49.8597;8.7617
64385;Reichelsheim;;49.7121;8.839
64390;Erzhausen;;49.9553;8.6475
64395;Brensbach;;49.7739;8.8844
64397;Modautal;;49.7606;8.7208
64401;Groß-Bieberau;;49.8006;8.8243
64404;Bickenbach;;49.7592;8.6175
64405;Fischbachtal;;49.7647;8.785
64407;Fränkisch-Crumbach;;49.7461;8.8586
64409;Messel;;49.9383;8.7406
64517;Betrix Cosmetic GmbH;HE;49.9304;8.4976
64518;Fagro Press- und Stanzwerk GmbH;BW;49.4527;8.5182
64520;AOK Die Gesundheitskasse in Hessen;HE;49.9134;8.4855
64521;Groß-Gerau;;49.9214;8.4825
64542;das inserat Verlag GmbH;HE;49.9818;8.5815
64543;Der Magistrat der Stadt Mörfelden-Walldorf;HE;49.9752;8.5675
64545;Gesipa Blindniettechnik GmbH;HE;50.0146;8.5805
64546;Mörfelden-Walldorf;;49.9947;8.5836
64560;Riedstadt;;49.8341;8.4962
64569;Nauheim;;49.9508;8.4633
64572;Büttelborn;;49.9033;8.5233
64579;Gernsheim;;49.7531;8.4886
64584;Biebesheim am Rhein;;49.7836;8.4744
64589;Stockstadt am Rhein;;49.8094;8.4728
64623;Magistrat der Stadt Bensheim;HE;49.6884;8.62
64624;Sirona Dental Systems Beteiligungs- und Verwaltungs GmbH;HE;49.6694;8.6183
64625;Bensheim;;49.6837;8.6184
64646;Heppenheim (Bergstraße);;49.6407;8.6367
64653;Lorsch;;49.65;8.5667
64658;Fürth;;49.6508;8.7847
64665;Alsbach-Hähnlein;;49.7386;8.5958
64668;Rimbach;;49.625;8.7631
64673;Zwingenberg;;49.7239;8.6108
64678;Lindenfels;;49.6837;8.7815
64683;Einhausen;;49.6767;8.5483
64686;Lautertal;;49.7258;8.7033
64689;Grasellenbach;;49.63;8.8822
64711;Erbach;;49.6615;8.994
64720;Michelstadt;;49.6757;9.0037
64732;Bad König;;49.7432;9.0075
64738;Hübbe Reisen OHG;HE;49.8015;9.0042
64739;Höchst im Odenwald;;49.7997;8.9994
64743;Beerfelden;;49.5686;8.9744
64747;Breuberg;;49.8;9.0667
64750;Lützelbach;;49.7883;9.0753
64753;Brombachtal;;49.7325;8.9622
64754;Hesseneck;;49.5699;9.0629
64756;Mossautal;;49.6533;8.9289
64757;Rothenberg;;49.4992;8.9192
64807;Dieburg;;49.8974;8.8461
64823;Groß-Umstadt;;49.869;8.9321
64832;Babenhausen;;49.9652;8.9513
64839;Münster;;49.9228;8.8678
64846;Groß-Zimmern;;49.8758;8.8344
64850;Schaafheim;;49.9242;9.0094
64853;Otzberg;;49.8261;8.9225
64859;Eppertshausen;;49.9506;8.8539
65164;AXA Versicherung AG (Colonia);NW;50.9645;7.053
65166;Agentur für Arbeit Wiesbaden;HE;50.081;8.2194
65169;DBV-Winterthur Lebensversicherung AG;HE;50.0741;8.2553
65170;DBV-Winterthur Lebensversicherung Aktiengesellschaft;HE;50.0632;8.2721
65171;DBV Deutsche Beamten-Versicherung AG;HE;50.0741;8.2553
65172;DBV-Winterthur Krankenversicherung AG;HE;50.0741;8.2553
65173;Athora Deutschland Service GmbH;HE;50.0452;8.1929
65174;Landeswohlfahrtsverband Hess. Zweigverwaltung Wiesbaden;HE;50.0741;8.2553
65175;Landeshauptstadt Wiesbaden Der Magistrat;HE;50.0819;8.2419
65176;ITT Rheinhütte Pumpen GmbH;HE;50.0401;8.2225
65177;BK-Stahlhandel GmbH;HE;50.046;8.207
65178;DBV-Winterthur Holding Aktiengesellschaft;HE;50.0632;8.2721
65179;Zusatzversorgungskasse des Baugewerbes;HE;50.07;8.2534
65180;Statistisches Bundesamt;HE;50.0714;8.2523
65181;R+V Versicherung;HE;50.0863;8.2439
65182;HUK-Coburg;HE;50.0679;8.25
65183;Wiesbaden;;50.0817;8.2389
65185;Wiesbaden;;50.0773;8.2424
65187;Wiesbaden;;50.0691;8.2254
65189;Wiesbaden;;50.071;8.2565
65191;Wiesbaden;;50.0876;8.2797
65193;Wiesbaden;;50.0896;8.2428
65195;Wiesbaden;;50.1095;8.1967
65197;Wiesbaden;;50.0794;8.2157
65199;Wiesbaden;;50.0734;8.196
65201;Wiesbaden;;50.0441;8.2036
65203;Wiesbaden;;50.045;8.2453
65205;Wiesbaden;;50.0613;8.3442
65207;Wiesbaden;;50.123;8.3018
65209;VR Smart Finanz AG;HE;50.1456;8.5583
65212;Deutsche Post AG Niederlassung BRIEF Wiesbaden;HE;50.0291;8.2754
65215;R+V Betriebskrankenkasse;HE;50.0557;8.2905
65216;PS-Team;HE;50.0445;8.1617
65218;MCE Bank GmbH;HE;50.0072;8.4136
65219;Taunusstein;;50.15;8.15
65220;Taunusstein;;50.15;8.15
65221;Taunusstein;;50.15;8.15
65222;Taunusstein;;50.15;8.15
65223;Taunusstein;;50.15;8.15
65224;Taunusstein;;50.15;8.15
65232;Taunusstein;;50.1377;8.1337
65239;Hochheim am Main;;50.0144;8.3522
65307;Bad Schwalbach;;50.142;8.0696
65321;Heidenrod;;50.1649;7.9535
65326;Aarbergen;;50.25;8.0667
65329;Hohenstein;;50.2;8.0667
65341;Vertriebsunion Meynen GmbH & Co. KG;HE;50.0463;8.1248
65343;Eltville am Rhein;;50.0333;8.1167
65344;Eltville am Rhein;;50.0333;8.1167
65345;Eltville am Rhein;;50.0333;8.1167
65346;Eltville am Rhein;;50.0333;8.1167
65347;Eltville am Rhein;;50.0132;8.0615
65366;Geisenheim;;49.9847;7.9684
65375;Oestrich-Winkel;;50;8
65385;Rüdesheim am Rhein;;49.9821;7.9296
65388;Schlangenbad;;50.0932;8.1031
65391;Lorch;;50.0462;7.8042
65396;Walluf;;50.04;8.1554
65399;Kiedrich;;50.0396;8.0853
65423;Opel Automobile GmbH;HE;49.9918;8.4129
65424;Opel Bank GmbH;HE;49.9924;8.391
65428;Rüsselsheim;;49.9896;8.4225
65438;Deutsche Shell;HE;50.0052;8.4146
65439;Flörsheim;;50.0131;8.4278
65450;DHL Danzas + Ocean Germany GmbH;HE;50.0494;8.5418
65451;Kelsterbach;;50.0613;8.5292
65462;Ginsheim-Gustavsburg;;49.9711;8.3453
65468;Trebur;;49.9264;8.4073
65473;büroshop24 GmbH;HE;49.9868;8.359
65474;Bischofsheim;;49.9939;8.3672
65479;Raunheim;;50.0132;8.4525
65509;Stanley Black & Decker Deutschland GmbH;HE;50.2098;8.2574
65510;Idstein;;50.2177;8.2668
65520;Bad Camberg;;50.297;8.269
65527;Niedernhausen;;50.1631;8.3134
65529;Waldems;;50.25;8.3333
65546;Agentur für Arbeit Limburg an der Lahn;HE;50.3904;8.0534
65547;Bischöfliches Ordinariat;HE;50.3873;8.0666
65549;Limburg an der Lahn;;50.383;8.0611
65550;Limburg an der Lahn;;50.3833;8.05
65551;Limburg an der Lahn;;50.3833;8.05
65552;Limburg an der Lahn;;50.3833;8.05
65553;Limburg an der Lahn;;50.3833;8.05
65554;Limburg an der Lahn;;50.3833;8.05
65555;Limburg an der Lahn;;50.3833;8.05
65556;Limburg an der Lahn;;50.3833;8.05
65558;Gückingen;;50.3909;8.0073
65580;Straßenbauamt Diez;RP;50.3697;8.0328
65582;Hambach;;50.4;7.9833
65589;Hadamar;;50.4459;8.0425
65594;Runkel;;50.4057;8.1546
65597;Hünfelden;;50.3286;8.1476
65599;Dornburg;;50.5167;8.0167
65604;Elz;;50.4167;8.0333
65606;Villmar;;50.3929;8.1931
65611;Brechen;;50.3556;8.1778
65614;Beselich;;50.4583;8.1458
65617;Wachtturm Bibel- und Traktat- Gesellschaft e.V.;HE;50.3364;8.2437
65618;Selters (Taunus);;50.35;8.2667
65620;Waldbrunn (Westerwald);;50.5167;8.1167
65623;Hahnstätten;;50.3;8.0667
65624;Altendiez;;50.3667;7.9833
65626;Birlenbach;;50.3581;8.0027
65627;Elbtal;;50.5;8.05
65629;Niederneisen;;50.3333;8.05
65717;Main-Taunus-Kreis Kreisausschuß;HE;50.0799;8.4464
65719;Hofheim am Taunus;;50.0902;8.4493
65754;Bundesamt für Wirtschaft und Ausfuhrkontrolle (BAFA);HE;50.1346;8.5699
65755;Deutsche Bank AG;HE;50.1338;8.5733
65756;PSD Bank Frankfurt am Main eG;HE;50.1349;8.5661
65757;Samsung C&T Deutschland GmbH;HE;50.1619;8.5336
65758;Eurohypo Aktiengesellschaft;HE;50.1382;8.5816
65760;Eschborn;;50.1433;8.5711
65779;Kelkheim (Taunus);;50.137;8.4502
65784;TASSO;HE;50.0706;8.4911
65795;Hattersheim;;50.0785;8.4755
65810;Barmer Ersatzkasse;HE;50.1582;8.488
65812;Bad Soden am Taunus;;50.1408;8.5045
65817;Eppstein;;50.1428;8.3923
65823;Procter & Gamble GmbH;HE;50.144;8.5313
65824;Schwalbach am Taunus;;50.15;8.5333
65830;Kriftel;;50.0841;8.4698
65835;Liederbach am Taunus;;50.1185;8.4885
65840;Clariant GmbH;HE;50.1288;8.5212
65842;Guerbet GmbH;HE;50.1313;8.5176
65843;Sulzbach;;50.134;8.528
65844;Ticona GmbH;HE;50.1288;8.5212
65925;Bärsch Nachf. GmbH;HE;50.1017;8.5458
65927;Sanofi-Aventis Deutschland GmbH;HE;50.0961;8.538
65929;Frankfurt am Main;;50.1045;8.5389
65931;Frankfurt am Main;;50.091;8.5044
65933;Frankfurt am Main;;50.0979;8.5999
65934;Frankfurt am Main;;50.1027;8.5749
65936;Frankfurt am Main;;50.1207;8.5663
66087;Union Reiseversicherung AG ( URV );SL;49.232;7.0312
66088;Agentur für Arbeit Saarbrücken;SL;49.2392;6.9858
66090;Mercedes-Benz Banking Service GmbH;SL;49.2275;7.0251
66094;MediServ GmbH;SL;49.2251;7.0421
66097;Deutsche Post AG Direkt Marketing Center Saarbrücken;SL;49.2397;6.9558
66098;Innungskrankenkasse Südwest;SL;49.2359;6.9923
66099;UKV ( Union Krankenversicherung AG);SL;49.232;7.0312
66100;Saarländischer Rundfunk Funkhaus Halberg;SL;49.2205;7.0351
66101;Cosmos Direkt Versicherung;SL;49.232;7.0073
66102;Staatl. Lotterie Ein. M. Weber KG;SL;49.2397;6.9798
66103;Saarbrücker Media Verkaufsgesellschaft;SL;49.235;6.9898
66104;Deutsche Post AG Service Niederlassung Immobilien;SL;49.2408;6.9896
66106;reha GmbH;SL;49.2398;6.9993
66108;Deutsche Rentenversicherung Saarland;SL;49.2407;7.0064
66109;HUK Coburg;SL;49.233;7.002
66111;Saarbrücken;;49.2461;7.0022
66113;Saarbrücken;;49.2431;6.9757
66115;Saarbrücken;;49.2399;6.9696
66117;Saarbrücken;;49.2146;6.9682
66119;Saarbrücken;;49.2087;7.0202
66121;Saarbrücken;;49.229;7.0124
66123;Saarbrücken;;49.2333;7
66125;Saarbrücken;;49.2718;7.0325
66126;Saarbrücken;;49.2333;7
66127;Saarbrücken;;49.2333;7
66128;Saarbrücken;;49.2333;7
66129;Saarbrücken;;49.2333;7
66130;Saarbrücken;;49.247;6.9105
66131;Saarbrücken;;49.2333;7
66132;Saarbrücken;;49.2333;7
66133;Saarbrücken;;49.2333;7
66150;Deutsche Post AG Niederlassung BRIEF Saarbrücken;SL;49.2136;6.9681
66265;Heusweiler;;49.3363;6.9304
66271;Kleinblittersdorf;;49.1578;7.0373
66280;Sulzbach/Saar;;49.3;7.0667
66287;Quierschied;;49.3167;7.05
66292;Riegelsberg;;49.3;6.9333
66299;Friedrichsthal;;49.3279;7.0962
66330;Saarstahl AG;SL;49.2525;6.8511
66333;Völklingen;;49.2516;6.8587
66346;Püttlingen;;49.2855;6.8872
66352;Großrosseln;;49.203;6.8415
66359;Bous;;49.2773;6.8013
66386;Sankt Ingbert;;49.277;7.1167
66399;Mandelbachtal;;49.1833;7.1667
66421;Universität des Saarlandes Medizinische Fakultät;SL;49.3153;7.3428
66424;Homburg;;49.3264;7.3387
66440;Blieskastel;;49.2372;7.2562
66450;Bexbach;;49.3462;7.2553
66453;Gersheim;;49.15;7.2
66458;Praktiker;SL;49.2867;7.2161
66459;Kirkel;;49.2833;7.2333
66482;Zweibrücken;;49.2469;7.3698
66484;Walshausen;;49.2167;7.4833
66497;Contwig;;49.25;7.4333
66500;Mauschbach;;49.1833;7.4
66501;Kleinbundenbach;;49.3167;7.4333
66503;Dellfeld;;49.234;7.474
66504;Bottenbach;;49.1833;7.5
66506;Maßweiler;;49.2667;7.5333
66507;Reifenberg;;49.2828;7.5096
66509;Rieschweiler-Mühlbach;;49.2333;7.5
66538;Neunkirchen/Saar;;49.3448;7.1799
66539;Neunkirchen/Saar;;49.3366;7.2191
66540;Neunkirchen/Saar;;49.367;7.1841
66557;Illingen;;49.3736;7.0476
66564;Ottweiler;;49.4013;7.1642
66571;Eppelborn;;49.4;6.9667
66578;Schiffweiler;;49.3667;7.1333
66583;Spiesen-Elversberg;;49.3167;7.1333
66589;Merchweiler;;49.35;7.05
66606;Sankt Wendel;;49.4663;7.1681
66620;Nonnweiler;;49.6076;6.9699
66625;Nohfelden;;49.5759;7.0808
66629;Freisen;;49.55;7.25
66636;Tholey;;49.4837;7.0369
66640;Namborn;;49.5217;7.1407
66646;Marpingen;;49.4523;7.0582
66649;Oberthal;;49.5126;7.0838
66661;Assist Heimpflege-Bedarf GmbH;SL;49.4651;6.6151
66663;Merzig;;49.4433;6.6387
66679;Losheim am See;;49.5181;6.735
66687;Wadern;;49.5412;6.8877
66693;Mettlach;;49.4936;6.5969
66701;Beckingen;;49.4;6.7
66706;Perl;;49.4717;6.3813
66709;Weiskirchen;;49.55;6.8167
66738;Bundeszentralamt für Steuern Dienstsitz Saarlouis;SL;49.3257;6.7483
66740;Saarlouis;;49.3137;6.7515
66763;Dillingen;;49.3556;6.7278
66773;Schwalbach;;49.3;6.8167
66780;Rehlingen-Siersburg;;49.3756;6.6844
66787;Wadgassen;;49.2667;6.7833
66793;Saarwellingen;;49.3543;6.8049
66798;Wallerfangen;;49.3275;6.711
66802;Überherrn;;49.2419;6.6984
66806;Ensdorf;;49.3;6.7833
66809;Nalbach;;49.3833;6.7833
66822;Lebach;;49.4112;6.9099
66839;Schmelz;;49.4333;6.85
66849;Landstuhl;;49.4131;7.5702
66851;Steinalben;;49.3167;7.65
66862;Kindsbach;;49.4167;7.6167
66869;Blaubach;;49.5667;7.4
66871;Oberalben;;49.5833;7.4
66877;Ramstein-Miesenbach;;49.4445;7.5553
66879;Reichenbach-Steegen;;49.5;7.55
66882;Hütschenhausen;;49.4167;7.4833
66885;Bedesbach;;49.5685;7.4579
66887;Glanbrücken;;49.6167;7.5333
66892;Bruchmühlbach-Miesau;;49.3833;7.4333
66894;Bechhofen;;49.35;7.4
66901;Schönenberg-Kübelberg;;49.4074;7.3723
66903;Frohnhofen;;49.4538;7.2994
66904;Brücken;;49.4317;7.36
66907;Glan-Münchweiler;;49.4722;7.442
66909;Nanzdietschweiler;;49.45;7.45
66914;Waldmohr;;49.3833;7.3333
66916;Dunzweiler;;49.4159;7.3055
66917;Knopp-Labach;;49.3333;7.5
66919;Herschberg;;49.305;7.5482
66950;Finanzamt Pirmasens;RP;49.1943;7.608
66951;Münzenversandhaus Reppa GmbH;RP;49.2055;7.593
66953;Pirmasens;;49.2149;7.629
66954;Pirmasens;;49.2071;7.5911
66955;Pirmasens;;49.1839;7.6134
66957;Schweix;;49.1333;7.5167
66969;Lemberg;;49.1731;7.6511
66976;Rodalben;;49.2394;7.6396
66978;Merzalben;;49.2447;7.7308
66981;Münchweiler an der Rodalb;;49.2167;7.7
66986;Reno Versandhandel GmbH;RP;49.2612;7.5624
66987;Thaleischweiler-Fröschen;;49.2667;7.5833
66989;Petersberg;;49.2333;7.5667
66994;Dahn;;49.151;7.7784
66996;Schönau;;49.0606;7.7479
66999;Hinterweidenthal;;49.2;7.75
67055;Agentur für Arbeit Ludwigshafen am Rhein;RP;49.48;8.4441
67056;BASF SE;RP;49.4949;8.434
67057;Postbank Niederlassung Ludwigshafen;RP;49.474;8.4251
67059;Ludwigshafen am Rhein;;49.4828;8.4376
67061;Ludwigshafen am Rhein;;49.4705;8.4454
67063;Ludwigshafen am Rhein;;49.499;8.4109
67065;Ludwigshafen am Rhein;;49.4603;8.4162
67067;Ludwigshafen am Rhein;;49.4811;8.4353
67069;Ludwigshafen am Rhein;;49.5235;8.4022
67071;Ludwigshafen am Rhein;;49.489;8.3791
67075;Joseph Vögele AG;RP;49.4436;8.4034
67076;Deutsche Postbank AG Niederlassung Ludwigshafen;RP;49.474;8.4251
67077;Deutsche Post AG Niederlassung BRIEF Ludwigshafen;RP;49.4748;8.4265
67078;Deutsche Post AG NL Brief Mainz Personaladministration Filial GmbH;RP;49.4748;8.4265
67082;pronova BKK;RP;49.476;8.4556
67098;Bad Dürkheim;;49.4563;8.0814
67105;Schifferstadt;;49.3842;8.3775
67112;Mutterstadt;;49.4414;8.3561
67117;Limburgerhof;;49.4244;8.3919
67122;Altrip;;49.4356;8.4947
67125;Dannstadt-Schauernheim;;49.4403;8.3086
67126;Hochdorf-Assenheim;;49.4194;8.2817
67127;Rödersheim-Gronau;;49.43;8.2614
67133;Maxdorf;;49.4881;8.2917
67134;Birkenheide;;49.4814;8.2619
67136;Fußgönheim;;49.4611;8.2922
67141;Neuhofen;;49.4278;8.4247
67146;Deidesheim;;49.4078;8.1844
67147;Forst an der Weinstraße;;49.4258;8.1911
67149;Meckenheim;;49.4044;8.2392
67150;Niederkirchen bei Deidesheim;;49.415;8.21
67152;Ruppertsberg;;49.4003;8.1961
67157;Wachenheim an der Weinstraße;;49.448;8.1712
67158;Ellerstadt;;49.4617;8.2594
67159;Friedelsheim;;49.4469;8.2231
67161;Gönnheim;;49.4481;8.2386
67165;Waldsee;;49.3953;8.4403
67166;Otterstadt;;49.3722;8.4478
67167;Erpolzheim;;49.4892;8.2247
67169;Kallstadt;;49.4908;8.1761
67225;Justizvollzugsanstalt;RP;49.5413;8.3752
67227;Frankenthal (Pfalz);;49.5386;8.354
67229;Großkarlbach;;49.5383;8.2247
67240;Bobenheim-Roxheim;;49.5875;8.3578
67245;Lambsheim;;49.5136;8.2878
67246;Dirmstein;;49.5633;8.2447
67251;Freinsheim;;49.5065;8.2119
67256;Weisenheim am Sand;;49.5181;8.2478
67258;Heßheim;;49.5458;8.3078
67259;Beindersheim;;49.5606;8.3194
67269;Grünstadt;;49.563;8.1628
67271;Mertesheim;;49.5717;8.1356
67273;Herxheim am Berg;;49.5092;8.1792
67278;Bockenheim;;49.6067;8.1849
67280;Quirnheim;;49.5844;8.1264
67281;Bissersheim;;49.5358;8.2042
67283;Obrigheim;;49.5442;8.2044
67292;Kirchheimbolanden;;49.6625;8.0151
67294;Morschheim;;49.6967;8.0261
67295;Bolanden;;49.6392;8.0119
67297;Marnheim;;49.6328;8.04
67304;Kerzenheim;;49.5764;8.0597
67305;Ramsen;;49.5369;8.0133
67307;Göllheim;;49.595;8.0508
67308;Albisheim (Pfrimm);;49.6494;8.0967
67310;Hettenleidelheim;;49.5356;8.0736
67311;Tiefenthal;;49.5386;8.1039
67316;Carlsberg;;49.5039;8.0417
67317;Altleiningen;;49.5075;8.0733
67319;Wattenheim;;49.5217;8.0617
67340;Deutsche Rentenversicherung Rheinland-Pfalz;RP;49.3199;8.4208
67342;Deutsche Rentenversicherung Rheinland-Pfalz;RP;49.3199;8.4208
67343;Evangelische Kirche der Pfalz Landeskirchenrat;RP;49.3158;8.4419
67346;Speyer;;49.3208;8.4311
67354;Römerberg;;49.2954;8.407
67360;Lingenfeld;;49.2539;8.3386
67361;Freisbach;;49.2717;8.2719
67363;Lustadt;;49.2448;8.2741
67365;Schwegenheim;;49.27;8.3286
67366;Weingarten;;49.2595;8.2862
67368;Westheim;;49.2464;8.3236
67373;Dudenhofen;;49.3186;8.3886
67374;Hanhofen;;49.3167;8.3408
67376;Harthausen;;49.2942;8.345
67377;Gommersheim;;49.2911;8.2658
67378;Zeiskam;;49.2328;8.2472
67429;Stadtverwaltung;RP;49.3536;8.1357
67433;Neustadt an der Weinstraße;;49.3465;8.1491
67434;Neustadt an der Weinstraße;;49.3505;8.1363
67435;Neustadt an der Weinstraße;;49.3567;8.1378
67454;Haßloch;;49.3628;8.2581
67459;Böhl-Iggelheim;;49.3806;8.3039
67466;Lambrecht;;49.3705;8.0726
67468;Frankenstein;;49.4401;7.9774
67471;Elmstein;;49.3667;7.9333
67472;Esthal;;49.3833;7.9833
67473;Lindenberg;;49.3803;8.0986
67475;Weidenthal;;49.4167;8
67480;Edenkoben;;49.2839;8.1271
67482;Böbingen;;49.2844;8.2367
67483;Edesheim;;49.2633;8.135
67487;Maikammer;;49.3053;8.1317
67489;Kirrweiler (Pfalz);;49.3019;8.1656
67545;EWR AG;RP;49.6305;8.3571
67547;Worms;;49.6326;8.3619
67549;Worms;;49.6356;8.3338
67550;Worms;;49.6356;8.3597
67551;Worms;;49.6163;8.2753
67574;Osthofen;;49.7038;8.3242
67575;Eich;;49.75;8.3989
67577;Alsheim;;49.7681;8.3403
67578;Gimbsheim;;49.7778;8.375
67580;Hamm;;49.7323;8.4327
67582;Mettenheim;;49.74;8.3258
67583;Guntersblum;;49.7975;8.3456
67585;Dorn-Dürkheim;;49.7686;8.2697
67586;Hillesheim;;49.7764;8.2561
67587;Wintersheim;;49.7786;8.2803
67590;Monsheim;;49.6372;8.2119
67591;Offstein;;49.6061;8.2381
67592;Flörsheim-Dalsheim;;49.6755;8.2089
67593;Bermersheim;;49.6819;8.2236
67595;Bechtheim;;49.7278;8.2922
67596;Dittelsheim-Heßloch;;49.7439;8.2369
67598;Gundersheim;;49.6961;8.2025
67599;Gundheim;;49.6758;8.2378
67650;Agentur für Arbeit Kaiserslautern;RP;49.439;7.7743
67653;ARGE Landkreis Kaiserslautern;RP;49.4369;7.7669
67655;Kaiserslautern;;49.4425;7.7659
67657;Kaiserslautern;;49.4495;7.7948
67659;Kaiserslautern;;49.4467;7.7609
67661;Kaiserslautern;;49.4126;7.7107
67663;Kaiserslautern;;49.436;7.7503
67677;Enkenbach-Alsenborn;;49.4833;7.9
67678;Mehlingen;;49.4914;7.8547
67680;Neuhemsbach;;49.5167;7.9167
67681;Wartenberg-Rohrbach;;49.5276;7.8526
67685;Weilerbach;;49.4833;7.6333
67686;Mackenbach;;49.4667;7.5833
67688;Rodenbach;;49.4728;7.6579
67691;Hochspeyer;;49.4421;7.895
67693;Fischbach;;49.45;7.9167
67697;Otterberg;;49.503;7.7699
67699;Heiligenmoschel;;49.55;7.7667
67700;Niederkirchen;;49.5833;7.7
67701;Schallodenbach;;49.55;7.7167
67705;Trippstadt;;49.3593;7.7748
67706;Krickenbach;;49.3667;7.6667
67707;Schopp;;49.35;7.6833
67714;Waldfischbach-Burgalben;;49.2833;7.6667
67715;Geiselberg;;49.3261;7.6971
67716;Heltersberg;;49.3167;7.7167
67718;Schmalenberg;;49.3333;7.7333
67722;Potzbach;;49.5397;7.8217
67724;Gehrweiler;;49.5833;7.7667
67725;Breunigweiler;;49.5667;7.9667
67727;Lohnsfeld;;49.55;7.85
67728;Münchweiler an der Alsenz;;49.55;7.8833
67729;Sippersfeld;;49.55;7.9333
67731;Otterbach;;49.4855;7.7345
67732;Hirschhorn;;49.5197;7.6788
67734;Katzweiler;;49.5;7.7
67735;Mehlbach;;49.5167;7.7167
67737;Olsbrücken;;49.5388;7.6586
67742;Hausweiler;;49.65;7.5667
67744;Löllbach;;49.6833;7.5833
67745;Grumbach;;49.65;7.5667
67746;Unterjeckenbach;;49.6667;7.4833
67748;Odenbach;;49.6833;7.65
67749;Offenbach-Hundheim;;49.6173;7.5512
67752;Wolfstein;;49.5841;7.605
67753;Rothselberg;;49.55;7.6
67754;Eßweiler;;49.5582;7.5642
67756;Hinzweiler;;49.5833;7.55
67757;Kreimbach-Kaulbach;;49.55;7.6333
67759;Reichsthal;;49.6;7.7333
67806;Katzenbach;;49.6452;7.8089
67808;Weitersweiler;;49.6167;8
67811;Dielkirchen;;49.6667;7.8167
67813;Sankt Alban;;49.6833;7.8667
67814;Jakobsweiler;;49.6167;7.95
67816;Dreisen;;49.6033;8.0106
67817;Imsbach;;49.5833;7.8833
67819;Kriegsfeld;;49.7099;7.9169
67821;Alsenz;;49.7167;7.8167
67822;Niedermoschel;;49.7333;7.8
67823;Schiersfeld;;49.7;7.7667
67824;Feilbingert;;49.7667;7.8
67826;Hallgarten;;49.7593;7.7888
67827;Becherbach;;49.65;7.6833
67829;Reiffelbach;;49.6833;7.6833
68051;EOS KSI Inkasso Deutschland GmbH;BW;49.4526;8.5191
68112;Commerzbank AG Mannheim;BW;49.4875;8.4688
68122;HUK-Coburg;BW;49.4799;8.473
68123;Deutsche Telekom AG Niederlassung Mannheim;BW;49.449;8.5051
68124;Stadtverwaltung, Verkehrsüberwachung u. Ordnungswidrigkeiten;BW;49.4941;8.4566
68126;Imtech Deutschland GmbH Co. KG;BW;49.4808;8.4831
68127;Mannheimer Versicherung;BW;49.4776;8.491
68128;ALSTOM Power Generation Aktiengesellschaft;BW;49.5057;8.5069
68130;Deutsche Post AG Direkt Marketing Center;BW;49.5043;8.4732
68131;Universität;BW;49.4822;8.4666
68132;Bauhaus;BW;49.4971;8.4985
68133;Stadt Mannheim -Technischer Bereich-;BW;49.4756;8.4712
68134;Victoria Versicherung AG;BW;49.4784;8.4679
68135;Klinikum Mannheim Gmbh;BW;49.4912;8.487
68136;Berufsgenossenschaft Nahrungsmittel und Gastgewerbe;BW;49.4744;8.4934
68138;Deutsche Post AG Niederlassung BRIEF Mannheim;BW;49.5117;8.4989
68139;AOK - Die Gesundheitskasse Rhein-Neckar-Odenwald;BW;49.4893;8.4801
68140;Johnson Controls Systems & Services GmbH;BW;49.4757;8.4938
68141;AXA Versicherung AG;BW;49.4783;8.4758
68142;Mercedes Benz AG;BW;49.4748;8.495
68143;Berrang SE;BW;49.4539;8.5127
68144;Diako Mannheim gGmbH;BW;49.4645;8.4691
68145;Fuchs Lubricants Germany GmbH;BW;49.5153;8.4593
68146;Vögele AG;BW;49.4662;8.4868
68147;SV Sparkassen-Versicherung Baden-Württemberg Holding AG;BW;49.4756;8.4712
68148;Südwestrundfunk;BW;49.4932;8.4812
68149;Staatliche Rhein-Neckar Hafengesellschaft Mannheim mbH;BW;49.4845;8.4549
68150;Finanzamt Mannheim Stadt;BW;49.451;8.5022
68151;Schneider Electric GmbH;BW;49.4751;8.4929
68156;Agentur für Arbeit Mannheim;BW;49.4853;8.4664
68159;Mannheim;;49.4934;8.4653
68161;Mannheim;;49.4873;8.4695
68163;Mannheim;;49.4883;8.4647
68165;Mannheim;;49.4772;8.4818
68167;Mannheim;;49.4996;8.4939
68169;Mannheim;;49.503;8.4693
68197;FDT Flachdach Technologie GmbH;BW;49.4598;8.4947
68199;Mannheim;;49.4598;8.4881
68219;Mannheim;;49.4883;8.4647
68229;Mannheim;;49.4883;8.4647
68239;Mannheim;;49.4883;8.4647
68259;Mannheim;;49.4903;8.5339
68298;Roche Diagnostics GmbH;BW;49.5287;8.4692
68299;Daimler AG Mercedes-Benz Werk Mannheim;BW;49.5167;8.478
68300;Asea Brown Boveri (ABB);BW;49.5057;8.5069
68301;Bopp & Reuther Sicherheits- und Regelarmaturen GmbH;BW;49.5264;8.4852
68302;IKK classic Regionaldirektion Mannheim;BW;49.5034;8.4963
68305;Mannheim;;49.5257;8.4965
68307;Mannheim;;49.5461;8.4488
68309;Mannheim;;49.5121;8.5316
68517;Viernheimer Tageblatt;HE;49.5371;8.5784
68519;Viernheim;;49.5403;8.5782
68526;Ladenburg;;49.4731;8.609
68535;Edingen-Neckarhausen;;49.4572;8.6064
68542;Heddesheim;;49.5056;8.6036
68549;Ilvesheim;;49.474;8.5674
68619;IXYS Semiconductor GmbH;HE;49.6;8.4817
68623;Lampertheim;;49.5979;8.4725
68642;Bürstadt;;49.6427;8.4594
68647;Biblis;;49.6917;8.4586
68649;Groß-Rohrheim;;49.7211;8.4828
68721;Frankl & Kirchner GmbH & Co. KG;BW;49.3787;8.5855
68723;Oftersheim;;49.3653;8.5831
68753;Waghäusel;;49.2499;8.5126
68764;Krämer Pferdesport GmbH & Co. KG;BW;49.333;8.5364
68766;Hockenheim;;49.3233;8.5519
68775;Ketsch;;49.3678;8.5311
68782;Brühl;;49.3972;8.5336
68789;Sankt Leon-Rot;;49.2659;8.618
68794;Oberhausen-Rheinhausen;;49.2739;8.4717
68799;Reilingen;;49.2983;8.5642
68804;Altlußheim;;49.3017;8.4992
68809;Neulußheim;;49.2981;8.5183
69108;Agentur für Arbeit Heidelberg;BW;49.4034;8.6835
69110;Verivox GmbH;BW;49.401;8.6724
69111;Volksbank Kurpfalz H+G Bank eG Organisation;BW;49.4104;8.6975
69112;Schindler, Staatliche Lotterie-Einnahme;BW;49.4007;8.6819
69113;SRH Shared Services GmbH;BW;49.4052;8.6762
69115;Heidelberg;;49.4062;8.6868
69117;Heidelberg;;49.4095;8.6935
69118;Heidelberg;;49.4194;8.7345
69120;Heidelberg;;49.4169;8.6764
69121;Heidelberg;;49.4322;8.6824
69123;Heidelberg;;49.4167;8.7
69124;Heidelberg;;49.3829;8.6656
69126;Heidelberg;;49.3757;8.6911
69151;Neckargemünd;;49.389;8.7959
69159;Heidelberger Druckmaschinen AG Werk Wiesloch;BW;49.2882;8.6601
69168;Wiesloch;;49.295;8.6985
69181;Leimen;;49.3474;8.6873
69189;SAP AG Walldorf;BW;49.2934;8.6417
69190;Walldorf;;49.3064;8.6424
69198;Schriesheim;;49.4737;8.6636
69207;Sandhausen;;49.3428;8.6592
69214;Eppelheim;;49.4019;8.6364
69221;Dossenheim;;49.4503;8.6747
69226;Nußloch;;49.3239;8.6956
69231;Rauenberg;;49.2694;8.7034
69234;Dielheim;;49.2842;8.7381
69239;Neckarsteinach;;49.4074;8.8434
69242;Mühlhausen;;49.2486;8.7267
69245;Bammental;;49.3561;8.7794
69250;Schönau;;49.4366;8.8088
69251;Gaiberg;;49.3664;8.7497
69253;Heiligkreuzsteinach;;49.4833;8.795
69254;Malsch;;49.2472;8.6828
69256;Mauer;;49.3408;8.8003
69257;Wiesenbach;;49.3614;8.8036
69259;Wilhelmsfeld;;49.4706;8.7536
69412;Eberbach;;49.4668;8.9902
69427;Mudau;;49.5344;9.2044
69429;Waldbrunn;;49.4592;9.0919
69434;Heddesbach;;49.4803;8.8281
69436;Schönbrunn;;49.4111;8.9278
69437;Neckargerach;;49.4;9.0667
69439;Zwingenberg;;49.4192;9.0406
69465;Freudenberg & Co.;BW;49.5541;8.6637
69469;Weinheim;;49.5489;8.667
69483;Wald-Michelbach;;49.57;8.8317
69488;Birkenau;;49.5625;8.7069
69493;Hirschberg an der Bergstraße;;49.5062;8.6657
69502;Hemsbach;;49.5907;8.6478
69509;Mörlenbach;;49.5992;8.7347
69514;Laudenbach;;49.6133;8.6539
69517;Gorxheimertal;;49.5325;8.7295
69518;Abtsteinach;;49.5367;8.7875
70131;LBS Süd Landesbausparkasse Süd;BW;48.7855;9.176
70134;Generali Deutschland Versicherung AG;BW;48.772;9.1642
70135;Stuttgarter Lebensversicherung a.G;BW;48.7702;9.1559
70136;UniCredit Bank AG;BW;48.7761;9.1746
70137;HUK-Coburg;BW;48.7781;9.1667
70138;DPV Direct GmbH;BW;48.778;9.1692
70139;Sparda Bank Baden-Württemberg eG;BW;48.7863;9.1808
70140;Commerzbank AG;BW;48.7816;9.1767
70141;Finanzamt Stuttgart 2;BW;48.7734;9.1679
70143;Deutsche Post AG NL Renten Service;BW;48.8246;9.2739
70144;Landesbank Baden-Württemberg;BW;48.786;9.1809
70145;Agentur für Arbeit Stuttgart;BW;48.7936;9.1902
70146;Familienkasse Baden-Württemberg-Ost;BW;48.7915;9.1993
70148;Postbank Niederlassung Stuttgart;BW;48.7784;9.1774
70149;SüdFactoring GmbH;BW;48.7882;9.1836
70150;SWR;BW;48.7936;9.2036
70151;Allianz Lebensversicherungs-AG;BW;48.7708;9.1681
70152;Allianz ONE-Business Solutions GmbH Verwaltungspost;BW;48.7755;9.1854
70153;AOK - Die Gesundheitskasse Stuttgart;BW;48.8016;9.1848
70154;Amtsgericht -Mahnabteilung-;BW;48.7871;9.1904
70155;SüdLeasing GmbH;BW;48.7882;9.1836
70158;Statistisches Landesamt;BW;48.7636;9.1611
70161;Landeshauptstadt Stuttgart;BW;48.7749;9.178
70162;Motor Presse Stuttgart GmbH & Co. KG;BW;48.7786;9.1709
70166;HALLESCHE Krankenversicherung a.G.;BW;48.7485;9.1661
70167;EnBW Service GmbH;BW;48.7815;9.178
70168;Deutsche Postbank AG Niederlassung Stuttgart;BW;48.7784;9.1774
70171;Hauptzollamt Stuttgart Zentralstellen;BW;48.7893;9.2085
70173;Stuttgart;;48.7667;9.1833
70174;Stuttgart;;48.7667;9.1833
70176;Stuttgart Stuttgart-West;;48.7736;9.1641
70178;Stuttgart;;48.7667;9.1833
70180;Stuttgart Stuttgart-Süd;;48.7644;9.1678
70182;Stuttgart;;48.7667;9.1833
70184;Stuttgart Stuttgart-Mitte;;48.7759;9.1798
70186;Stuttgart Stuttgart-Ost;;48.7718;9.2042
70188;Stuttgart;;48.7667;9.1833
70190;Stuttgart Stuttgart-Ost;;48.7819;9.2079
70191;Stuttgart;;48.7667;9.1833
70192;Stuttgart Stuttgart-Nord;;48.7978;9.1921
70193;Stuttgart;;48.7667;9.1833
70195;Stuttgart Botnang;;48.7762;9.1304
70197;Stuttgart;;48.7667;9.1833
70199;Stuttgart Stuttgart-Süd;;48.7644;9.1678
70320;Mercedes-Benz Bank AG;BW;48.8103;9.1807
70322;Daimler AG;BW;48.7854;9.2411
70323;Kodak AG;BW;48.7673;9.2476
70324;Kodak GmbH;BW;48.7673;9.2476
70327;Stuttgart;;48.7667;9.1833
70329;Stuttgart Obertürkheim;;48.7646;9.2683
70345;Alliance Healthcare Deutschland GmbH;BW;48.8233;9.2239
70363;Staatliche Lotterie-Einnahme Werner Peters OHG;BW;48.8;9.2201
70365;SPARKASSEN-VERSICHERUNG;BW;48.8096;9.1914
70366;Staatliche Lotterie-Einnahme Glöckle;BW;48.8;9.2201
70367;Glöckle Staatliche Lotterie-Einnahme;BW;48.8;9.2201
70369;Deutsche Telekom AG Niederlassung 1 Stuttgart;BW;48.8016;9.2242
70372;Stuttgart;;48.8026;9.2177
70374;Stuttgart Bad Cannstatt;;48.8056;9.2141
70376;Stuttgart Bad Cannstatt;;48.8056;9.2141
70378;Stuttgart;;48.837;9.227
70429;Deutsche Rentenversicherung Baden-Württemberg;BW;48.8425;9.2123
70431;ADP Employer Services GmbH;BW;48.8383;9.1889
70432;LTG Holding GmbH & Co.KG;BW;48.8249;9.1699
70435;Stuttgart Zuffenhausen;;48.8334;9.1656
70437;Stuttgart;;48.7667;9.1833
70439;Stuttgart Neuwirtshaus;;48.8357;9.1424
70464;Robert Bosch GmbH;BW;48.8172;9.1656
70465;Robert Bosch GmbH Renningen;BW;48.7755;8.9045
70466;Bosch - Betriebskrankenkasse;BW;48.8158;9.1721
70467;Postbeamtenkrankenkasse;BW;48.8023;9.2236
70469;Stuttgart;;48.7667;9.1833
70494;R + V Versicherung;BW;48.8215;9.0958
70496;S. Zimmermann GmbH;BW;48.8247;9.101
70499;Stuttgart Giebel;;48.8067;9.0891
70537;ENBW Energie Baden-Württemberg AG Infrastruktur Standort Stuttgart;BW;48.7119;9.1679
70538;Robert Bosch Power Tools GmbH;BW;48.6972;9.1435
70539;DEKRA Automobil GmbH;BW;48.7202;9.1298
70545;mobilcom-debitel AG;BW;48.7387;9.1115
70546;Daimler AG;BW;48.7239;9.1699
70547;Deutsche Sparkassen Verlag GmbH;BW;48.725;9.1234
70549;W. Kohlhammer GmbH;BW;48.7225;9.1193
70550;Universität Stuttgart;BW;48.7451;9.1044
70551;Richard Boorberg Verlag GmbH & Co.KG;BW;48.7287;9.1158
70552;Volksfürsorge Schadenzentrum;BW;48.7764;9.1629
70556;Generali Schadenbüro;BW;48.7764;9.1629
70560;Deutsche Bibelgesellschaft;BW;48.7299;9.1423
70563;Stuttgart Vaihingen;;48.7294;9.103
70565;Stuttgart Möhringen;;48.7258;9.1464
70567;Stuttgart;;48.7667;9.1833
70569;Stuttgart;;48.7667;9.1833
70593;Universität Hohenheim;BW;48.7119;9.2141
70594;Eugen Ulmer KG;BW;48.71;9.1993
70597;Stuttgart Hoffeld;;48.7425;9.1739
70599;Stuttgart;;48.7158;9.2046
70619;Stuttgart Sillenbuch;;48.7474;9.2074
70627;Landesmesse Stuttgart GmbH;BW;48.694;9.1924
70628;Schenker Eurocargo (Deutschland) AG;BW;48.694;9.1924
70629;Stuttgart;;48.7667;9.1833
70637;Deutsche Post AG Direkt Marketing Center;BW;48.8148;9.1639
70640;Deutsche Post AG Niederlassung BRIEF Stuttgart;BW;48.824;9.2983
70644;Postbeamtenkrankenkasse;BW;48.8023;9.2236
70730;Landesamt für Besoldung und Versorgung Baden-Württemberg;BW;48.8212;9.2681
70731;Norgren GmbH;BW;48.8116;9.2591
70732;Statistisches Landesamt;BW;48.7636;9.1611
70734;Fellbach;;48.8086;9.2792
70736;Fellbach;;48.8239;9.272
70764;Robert Bosch PowerTools GmbH & Co.KG;BW;48.6972;9.1435
70765;Konradin Business GmbH;BW;48.6964;9.1454
70766;Minol Messtechnik W. Lehmann GmbH & Co. KG;BW;48.6957;9.1613
70767;Ferdinand Gross GmbH & Co.;BW;48.6976;9.1472
70768;MultiBus AG;BW;48.6729;9.1777
70769;Weitmann & Konrad GmbH & Co. KG;BW;48.6925;9.1607
70771;Leinfelden-Echterdingen;;48.6941;9.1681
70788;Dataplace GmbH;BW;48.6598;9.2258
70790;HLS Leasinggesellschaft für Mobilien mbH;BW;48.6575;9.2243
70791;HERMA GmbH;BW;48.6581;9.2231
70792;Filderklinik;BW;48.6498;9.2053
70794;Filderstadt;;48.657;9.2205
70801;Wüstenrot & Württembergische AG;BW;48.8623;9.1879
70803;Stadtverwaltung;BW;48.8598;9.1845
70804;Arvato Direct Services Stuttgart GmbH;BW;48.8618;9.179
70806;Kornwestheim;;48.8616;9.1857
70821;VBH Deutschland GmbH NL Korntal-Münchingen;BW;48.8504;9.1099
70822;Tampoprint AG;BW;48.8522;9.1158
70825;Korntal-Münchingen;;48.8167;9.1167
70836;Elekonta Marek GmbH & Co.KG;BW;48.8082;9.0731
70839;Gerlingen;;48.7995;9.0632
71028;Emil Kriegbaum GmbH u. Co. KG;BW;48.6848;8.9842
71029;Finanzamt;BW;48.685;9.0023
71032;Böblingen;;48.6821;9.0117
71034;Böblingen;;48.6902;8.9705
71058;AOK - Die Gesundheitskasse;BW;48.7067;8.9981
71060;Röhm Buch und Büro GmbH;BW;48.7082;9.0022
71063;Sindelfingen;;48.7094;8.9988
71065;Sindelfingen;;48.7023;9.0219
71067;Sindelfingen;;48.7233;9.0077
71069;Sindelfingen;;48.7172;8.9684
71083;Herrenberg;;48.5952;8.8665
71087;Hänssler-Verlag GmbH;BW;48.6313;9.0309
71088;Holzgerlingen;;48.6397;9.0115
71093;Weil im Schönbuch;;48.6227;9.0635
71101;Schönaich;;48.6587;9.0601
71106;Magstadt;;48.7447;8.9668
71111;Waldenbuch;;48.6383;9.1326
71116;Gärtringen;;48.6418;8.9007
71120;Grafenau;;48.7083;8.9183
71125;Mayfair Edition GmbH;BW;48.5244;8.8431
71126;Gäufelden;;48.55;8.8167
71131;Jettingen;;48.575;8.7865
71134;Aidlingen;;48.6785;8.8952
71137;IBM Deutschland GmbH;BW;48.6518;8.9465
71139;Ehningen;;48.6588;8.9412
71144;Steinenbronn;;48.6667;9.1167
71148;Wellness Direct GmbH;BW;48.5244;8.8431
71149;Bondorf;;48.5206;8.837
71154;Nufringen;;48.6225;8.8901
71155;Altdorf;;48.6311;8.9963
71157;Hildrizhausen;;48.6242;8.966
71159;Mötzingen;;48.5332;8.7745
71226;Karstadt AG;BW;48.796;9.0111
71229;Leonberg;;48.8;9.0167
71252;Stadtverwaltung;BW;48.8261;9.067
71254;Ditzingen;;48.8267;9.067
71261;Schindele GmbH Einrichtungshaus;BW;48.7635;8.8538
71263;Weil der Stadt;;48.7495;8.8718
71272;Renningen;;48.7697;8.9387
71277;Rutesheim;;48.8081;8.9454
71282;Hemmingen;;48.8667;9.0333
71287;Weissach;;48.8469;8.9283
71292;Friolzheim;;48.8333;8.8333
71296;Heimsheim;;48.8066;8.8674
71297;Mönsheim;;48.8667;8.8667
71299;Wimsheim;;48.85;8.8333
71327;Agentur für Arbeit Waiblingen;BW;48.8257;9.3103
71328;AOK Rems-Murr;BW;48.8289;9.3193
71332;Waiblingen;;48.8285;9.3131
71334;Waiblingen;;48.843;9.31
71336;Waiblingen;;48.8333;9.3
71361;Techtronic Industries ELC GmbH;BW;48.8752;9.3892
71364;Winnenden;;48.8756;9.3982
71384;Weinstadt;;48.8092;9.3774
71394;Kernen im Remstal;;48.8075;9.3224
71397;Leutenbach;;48.8879;9.3927
71404;Korb;;48.843;9.3626
71409;Schwaikheim;;48.8773;9.3496
71520;Südbund;BW;48.9603;9.4266
71522;Backnang;;48.9474;9.4372
71540;Murrhardt;;48.9819;9.5705
71543;Wüstenrot;;49.0808;9.4606
71546;Aspach;;48.9667;9.4
71549;Auenwald;;48.9333;9.5
71554;Weissach im Tal;;48.9301;9.4769
71560;Sulzbach an der Murr;;49.003;9.5003
71563;Affalterbach;;48.9227;9.3236
71566;Althütte;;48.9156;9.5698
71570;Oppenweiler;;48.9827;9.4585
71573;Allmersbach im Tal;;48.9066;9.4682
71576;Burgstetten;;48.9281;9.3724
71577;Großerlach;;49.0537;9.5136
71579;Spiegelberg;;49.0408;9.4444
71629;Agentur für Arbeit Ludwigsburg;BW;48.8904;9.195
71630;Wüstenrot Stiftung Gemeinschaft der Freunde deutscher Eigenheimverein e.V.;BW;48.8835;9.1908
71631;Amtsgericht Ludwigsburg;BW;48.8956;9.2134
71632;mhplus Betriebskrankenkasse;BW;48.8903;9.1855
71634;Ludwigsburg;;48.9076;9.1776
71636;Ludwigsburg;;48.8901;9.1746
71638;Ludwigsburg;;48.8909;9.1898
71640;Ludwigsburg;;48.8924;9.218
71642;Ludwigsburg;;48.907;9.2174
71665;Vaihingen an der Enz;;48.9356;8.9604
71672;Marbach am Neckar;;48.97;9.3286
71679;Asperg;;48.9053;9.135
71686;Remseck am Neckar;;48.8783;9.2673
71691;Freiberg am Neckar;;48.932;9.2024
71696;Möglingen;;48.8874;9.1269
71701;Schwieberdingen;;48.8764;9.0744
71706;Markgröningen;;48.9049;9.0806
71711;Murr;;48.9621;9.2592
71717;Beilstein;;49.0394;9.315
71718;Billensbach;;49.0621;9.367
71720;Oberstenfeld;;49.0261;9.3208
71723;Großbottwar;;49.0015;9.2935
71726;Benningen am Neckar;;48.9467;9.2421
71729;Erdmannhausen;;48.9426;9.2962
71732;Tamm;;48.9199;9.1156
71735;Eberdingen;;48.8794;8.965
71737;Kirchberg an der Murr;;48.943;9.3408
71739;Oberriexingen;;48.9265;9.027
72070;Tübingen;;48.5241;9.0177
72072;Tübingen;;48.5166;9.0581
72074;Tübingen;;48.5311;9.0705
72076;Tübingen;;48.5369;9.0536
72105;TeamBank AG;BW;48.4728;8.9468
72108;Rottenburg am Neckar;;48.4796;8.95
72116;Mössingen;;48.4057;9.0542
72119;Ammerbuch;;48.5534;8.9722
72124;Pliezhausen;;48.5593;9.2075
72127;Kusterdingen;;48.5229;9.1198
72131;Ofterdingen;;48.4167;9.0333
72135;Dettenhausen;;48.6076;9.1004
72138;Kirchentellinsfurt;;48.5331;9.1473
72141;Walddorfhäslach;;48.587;9.1814
72144;Dußlingen;;48.4536;9.0555
72145;Hirrlingen;;48.4125;8.8874
72147;Nehren;;48.431;9.0699
72149;Neustetten;;48.4833;8.8833
72160;Horb am Neckar;;48.4889;8.6734
72172;Sulz am Neckar;;48.3624;8.6331
72175;Dornhan;;48.3501;8.509
72178;Waldachtal;;48.5;8.5667
72181;Starzach;;48.4333;8.8167
72184;Eutingen im Gäu;;48.4833;8.75
72186;Empfingen;;48.3926;8.7104
72189;Vöhringen;;48.3345;8.6639
72200;Agentur für Arbeit Nagold;BW;48.5534;8.7259
72202;Nagold;;48.5498;8.7237
72213;Altensteig;;48.5865;8.604
72218;Wildberg;;48.6234;8.7452
72221;Haiterbach;;48.5207;8.6443
72224;Ebhausen;;48.5833;8.6833
72226;Simmersfeld;;48.6167;8.5167
72227;Egenhausen;;48.5667;8.6167
72229;Rohrdorf;;48.5667;8.7
72250;Freudenstadt;;48.467;8.4137
72270;Baiersbronn;;48.5032;8.377
72275;Alpirsbach;;48.3451;8.402
72280;Dornstetten;;48.472;8.4982
72285;Pfalzgrafenweiler;;48.5265;8.5658
72290;Loßburg;;48.4;8.45
72291;Betzweiler-Wälde;;48.3667;8.4833
72293;Glatten;;48.4425;8.5112
72294;Grömbach;;48.5729;8.5454
72296;Schopfloch;;48.4548;8.5513
72297;Seewald;;48.5919;8.4178
72299;Wörnersberg;;48.5667;8.5667
72332;Agentur für Arbeit Balingen;BW;48.2723;8.8545
72334;EBA Maschinenfabrik Adolf Ehinger GmbH;BW;48.2659;8.8496
72336;Balingen;;48.2753;8.8546
72348;Rosenfeld;;48.2864;8.7236
72351;Geislingen;;48.2877;8.8124
72355;Schömberg;;48.21;8.7595
72356;Dautmergen;;48.242;8.7414
72358;Dormettingen;;48.2369;8.7733
72359;Dotternhausen;;48.2285;8.7923
72361;Hausen am Tann;;48.1983;8.8363
72362;Nusplingen;;48.1326;8.8915
72364;Obernheim;;48.163;8.8611
72365;Ratshausen;;48.1937;8.7952
72367;Weilen unter den Rinnen;;48.1898;8.7649
72369;Zimmern unter der Burg;;48.2205;8.7193
72379;Hechingen;;48.3515;8.9632
72393;Burladingen;;48.2911;9.1129
72401;Haigerloch;;48.3661;8.8036
72406;Bisingen;;48.3101;8.9174
72411;Bodelshausen;;48.3889;8.977
72414;Rangendingen;;48.3817;8.8894
72415;Grosselfingen;;48.3323;8.887
72417;Jungingen;;48.3279;9.041
72419;Neufra;;48.2477;9.1831
72458;Albstadt;;48.2135;9.0263
72459;Albstadt;;48.2167;9.0167
72461;Albstadt;;48.251;9.0182
72469;Meßstetten;;48.1832;8.9657
72474;Winterlingen;;48.1833;9.1167
72475;Bitz;;48.244;9.0914
72477;Schwenningen;;48.1;9
72479;Straßberg;;48.178;9.0906
72488;Sigmaringen;;48.0883;9.2303
72501;Gammertingen;;48.2524;9.2235
72505;Krauchenwies;;48.0165;9.2476
72510;Stetten am kalten Markt;;48.1167;9.0833
72511;Bingen;;48.1113;9.2724
72513;Hettingen;;48.216;9.2317
72514;Inzigkofen;;48.0703;9.18
72516;Scheer;;48.0729;9.2949
72517;Sigmaringendorf;;48.0659;9.2621
72519;Veringenstadt;;48.1851;9.2108
72525;Münsingen;;48.4113;9.497
72531;Hohenstein Bernloch;;48.3593;9.3327
72532;Gomadingen;;48.3998;9.3906
72534;Hayingen;;48.2753;9.4776
72535;Heroldstatt;;48.4469;9.6685
72537;Mehrstetten;;48.3761;9.566
72539;Pfronstetten;;48.2764;9.36
72555;Metzingen;;48.537;9.2833
72574;Bad Urach;;48.4911;9.4001
72581;Dettingen an der Erms;;48.5308;9.3446
72582;Grabenstetten;;48.524;9.4615
72584;Hülben;;48.5198;9.4079
72585;Riederich;;48.5603;9.2688
72587;Römerstein Donnstetten;;48.5161;9.5658
72589;Westerheim;;48.5151;9.6242
72622;Nürtingen;;48.6256;9.342
72631;Aichtal;;48.6333;9.2667
72636;Frickenhausen;;48.5935;9.3601
72639;Neuffen;;48.5546;9.3755
72644;Oberboihingen;;48.65;9.3667
72649;Wolfschlugen;;48.65;9.2833
72654;Neckartenzlingen;;48.5898;9.2348
72655;Altdorf;;48.5942;9.2716
72657;Altenriet;;48.5914;9.2219
72658;Bempflingen;;48.5718;9.2683
72660;Beuren;;48.5693;9.4041
72661;Grafenberg;;48.565;9.3019
72663;Großbettlingen;;48.5905;9.3078
72664;Kohlberg;;48.5584;9.3358
72666;Neckartailfingen;;48.6117;9.2637
72667;Schlaitdorf;;48.6043;9.2227
72669;Unterensingen;;48.6545;9.358
72757;AOK - Die Gesundheitskasse Reutlingen;BW;48.4912;9.2044
72758;Agentur für Arbeit Reutlingen;BW;48.4867;9.2227
72760;Reutlingen;;48.5094;9.204
72762;Reutlingen;;48.4845;9.1939
72764;Reutlingen;;48.4931;9.2125
72766;Reutlingen;;48.511;9.2232
72768;Reutlingen;;48.4833;9.2167
72770;Reutlingen;;48.4942;9.1666
72780;Deutsche Post AG Niederlassung BRIEF Reutlingen;BW;48.4965;9.1479
72781;Verlag Das Beste GmbH Reader's Digest Deutschland;BW;48.7885;9.18
72793;Pfullingen;;48.4646;9.228
72800;Eningen unter Achalm;;48.4869;9.2595
72805;Lichtenstein;;48.4396;9.2528
72810;Gomaringen;;48.4535;9.0958
72813;Sankt Johann;;48.4833;9.3167
72818;Trochtelfingen;;48.3084;9.2449
72820;Sonnenbühl;;48.3833;9.1833
72827;Wannweil;;48.5167;9.15
72829;Engstingen;;48.3934;9.3049
73025;Agentur für Arbeit Göppingen;BW;48.703;9.6592
73027;Innungskrankenkasse Göppingen;BW;48.7;9.6583
73033;Göppingen;;48.7075;9.6514
73035;Göppingen;;48.7;9.6667
73037;Göppingen;;48.6959;9.6647
73047;Deutsche Post AG Niederlassung BRIEF Göppingen;BW;48.6899;9.7281
73054;Eislingen/Fils;;48.6944;9.7009
73061;Ebersbach an der Fils;;48.716;9.5236
73066;Uhingen;;48.7048;9.5857
73072;Donzdorf;;48.6854;9.8105
73079;Süßen;;48.6793;9.7553
73084;Salach;;48.692;9.7371
73087;Boll;;48.6436;9.613
73092;Heiningen;;48.6618;9.6498
73095;Albershausen;;48.6914;9.5649
73098;Rechberghausen;;48.7308;9.6442
73099;Adelberg;;48.7623;9.5999
73101;Aichelberg;;48.6356;9.5637
73102;Birenbach;;48.7473;9.6611
73104;Börtlingen;;48.7538;9.6318
73105;Dürnau;;48.6408;9.6354
73107;Eschenbach;;48.6526;9.6704
73108;Gammelshausen;;48.6402;9.6507
73110;Hattenhofen;;48.6665;9.5746
73111;Lauterstein;;48.7101;9.8651
73113;Ottenbach;;48.7365;9.7484
73114;Schlat;;48.6532;9.7062
73116;Wäschenbeuren;;48.7599;9.6873
73117;Wangen;;48.7293;9.6117
73119;Zell unter Aichelberg;;48.6488;9.5714
73207;Plochingen;;48.7107;9.4195
73227;cisbox GmbH;BW;48.6242;9.4507
73228;BKK Scheufelen;BW;48.6456;9.4413
73230;Kirchheim unter Teck;;48.6468;9.4538
73235;Weilheim an der Teck;;48.6157;9.5375
73240;Wendlingen am Neckar;;48.6712;9.3763
73249;Wernau;;48.6931;9.4153
73252;Lenningen;;48.5581;9.4663
73257;Köngen;;48.6833;9.3667
73262;Reichenbach an der Fils;;48.7101;9.4643
73265;Dettingen unter Teck;;48.6167;9.45
73266;Bissingen an der Teck;;48.5991;9.4915
73268;Erkenbrechtsweiler;;48.5566;9.4321
73269;Hochdorf;;48.6928;9.4649
73271;Holzmaden;;48.6333;9.5167
73272;Neidlingen;;48.5787;9.5645
73274;Notzingen;;48.6708;9.4572
73275;Ohmden;;48.646;9.527
73277;Owen;;48.5874;9.4498
73278;Schlierbach;;48.6736;9.5181
73309;WMF Group GmbH;BW;48.6211;9.8312
73312;Geislingen an der Steige;;48.6242;9.8274
73326;Deggingen;;48.5971;9.7189
73329;Kuchen;;48.6358;9.7999
73333;Gingen an der Fils;;48.6598;9.7809
73337;Bad Überkingen;;48.5999;9.7959
73340;Amstetten;;48.5788;9.8739
73342;Bad Ditzenbach;;48.5883;9.7039
73344;Gruibingen;;48.5948;9.6439
73345;Hohenstadt;;48.5444;9.6639
73347;Mühlhausen im Täle;;48.5667;9.65
73349;Wiesensteig;;48.5613;9.6254
73425;Agentur für Arbeit Aalen;BW;48.8341;10.093
73427;Kreissparkasse Ostalb;BW;48.7946;9.8019
73428;Triumph International;BW;48.8314;10.0989
73430;Aalen;;48.8409;10.0931
73431;Aalen;;48.822;10.0654
73432;Aalen;;48.8333;10.1
73433;Aalen;;48.8641;10.1044
73434;Aalen;;48.8333;10.1
73441;Bopfingen;;48.8585;10.3542
73446;Jakob Schmid GmbH u. Co.;BW;48.7836;10.1021
73447;Oberkochen;;48.7838;10.1052
73450;Neresheim;;48.7551;10.3304
73453;Abtsgmünd;;48.895;10.0017
73457;Essingen;;48.8086;10.0277
73460;Hüttlingen;;48.8927;10.1006
73463;Westhausen;;48.8833;10.1833
73466;Lauchheim;;48.8713;10.2422
73467;Kirchheim am Ries;;48.8792;10.4003
73469;Riesbürg;;48.85;10.4333
73477;Bundeswehr Rheinhardt-Kaserne;BW;48.9556;10.1235
73479;Ellwangen (Jagst);;48.9623;10.1545
73485;Unterschneidheim;;48.9333;10.3667
73486;Adelmannsfelden;;48.9548;10.0047
73488;Ellenberg;;49.0167;10.2167
73489;Jagstzell;;49.0306;10.0975
73491;Neuler;;48.928;10.0689
73492;Rainau;;48.9333;10.15
73494;Rosenberg;;49.0189;10.0296
73495;Stödtlen;;49;10.3
73497;Tannhausen;;48.9787;10.3613
73499;Wört;;49.0305;10.2724
73520;BARMER;BW;48.7821;9.8513
73521;BARMER;BW;48.7821;9.8513
73522;Finanzamt;BW;48.7986;9.7954
73524;BARMER;BW;48.7821;9.8513
73525;Schwäbisch Gmünd;;48.7989;9.7989
73527;Schwäbisch Gmünd;;48.8169;9.7793
73529;Schwäbisch Gmünd;;48.7852;9.8176
73538;Triumph International GmbH;BW;48.7866;9.9372
73540;Heubach;;48.7927;9.9337
73547;Lorch;;48.7983;9.6914
73550;Waldstetten;;48.7661;9.8213
73553;Alfdorf;;48.8438;9.7186
73557;Mutlangen;;48.8259;9.7971
73560;Böbingen an der Rems;;48.8196;9.9213
73563;Mögglingen;;48.8232;9.9625
73565;Spraitbach;;48.8806;9.7622
73566;Bartholomä;;48.7535;9.9875
73568;Durlangen;;48.8563;9.7965
73569;Obergröningen;;48.8945;9.9094
73571;Göggingen;;48.8612;9.884
73572;Heuchlingen;;48.8522;9.9439
73574;Iggingen;;48.8317;9.8789
73575;Leinzell;;48.8494;9.8775
73577;Ruppertshofen;;48.8828;9.8151
73579;Schechingen;;48.8734;9.9174
73614;Schorndorf;;48.8054;9.5272
73630;Remshalden;;48.8151;9.4239
73635;Rudersberg;;48.8852;9.5293
73642;Welzheim;;48.8768;9.6343
73650;Winterbach;;48.7992;9.4791
73655;Plüderhausen;;48.7988;9.5959
73660;Urbach;;48.8168;9.5769
73663;Berglen;;48.8667;9.4667
73666;Baltmannsweiler;;48.7422;9.4494
73667;Kaisersbach;;48.9302;9.639
73669;Lichtenwald;;48.75;9.4833
73726;Bauer Gear Motor GmbH;BW;48.7378;9.2901
73728;Esslingen am Neckar;;48.7394;9.3061
73730;Esslingen am Neckar;;48.7323;9.3255
73732;Esslingen am Neckar;;48.769;9.3122
73733;Esslingen am Neckar;;48.75;9.3
73734;Esslingen am Neckar;;48.7361;9.2977
73760;Ostfildern;;48.727;9.2495
73765;Neuhausen auf den Fildern;;48.6833;9.2833
73770;Denkendorf;;48.6955;9.3167
73773;Aichwald;;48.7503;9.387
73776;Altbach;;48.7227;9.3808
73779;Deizisau;;48.7122;9.3861
74064;Facility Logistic Heilbronn GmbH;BW;49.1349;9.2057
74065;Fiat Automobil AG;BW;49.1643;9.2162
74066;FCA Bank Deutschland GmbH Personalabteilung;BW;49.1624;9.2156
74067;Bestfoods Deutschland GmbH & Co. OHG;BW;49.132;9.217
74068;Agentur für Arbeit Heilbronn;BW;49.1346;9.2133
74071;GDF Suez Energy Services Germany GmbH;NW;50.9235;6.8714
74072;Heilbronn;;49.1423;9.2234
74074;Heilbronn;;49.1286;9.2214
74076;Heilbronn;;49.1618;9.2193
74078;Heilbronn;;49.1566;9.1746
74080;Heilbronn;;49.1386;9.1954
74081;Heilbronn;;49.1236;9.197
74099;Deutsche Post AG Niederlassung BRIEF Heilbronn;BW;49.1815;9.1552
74166;Kaufland Dienstleistung GmbH & Co. KG;BW;49.1718;9.2231
74167;Lidl Stiftung & Co. KG;BW;49.183;9.2363
74168;Dialog-Service-Center GmbH;BW;49.1817;9.2327
74169;arvato direct services Neckarsulm GmbH;BW;49.1831;9.2175
74170;PVS Fulfillment-Service GmbH;BW;49.1942;9.2326
74172;Neckarsulm;;49.1891;9.2253
74177;Bad Friedrichshall;;49.2344;9.2145
74182;Obersulm;;49.1361;9.3774
74189;Weinsberg;;49.1513;9.2876
74193;Schwaigern;;49.1449;9.0553
74196;Neuenstadt am Kocher;;49.235;9.3322
74199;Untergruppenbach;;49.0894;9.2752
74206;Bad Wimpfen;;49.2297;9.1565
74211;Leingarten;;49.1464;9.1169
74214;Schöntal;;49.3524;9.5088
74219;Möckmühl;;49.3249;9.3584
74223;Flein;;49.1031;9.2108
74226;Nordheim;;49.1086;9.1278
74229;Oedheim;;49.2403;9.2533
74232;Abstatt;;49.0682;9.2907
74235;Erlenbach;;49.1725;9.2683
74238;Krautheim;;49.3879;9.6355
74239;Hardthausen am Kocher;;49.2586;9.3894
74243;Langenbrettach;;49.2169;9.4049
74245;Löwenstein;;49.0956;9.38
74246;Eberstadt;;49.1803;9.3211
74248;Ellhofen;;49.1467;9.3219
74249;Jagsthausen;;49.3106;9.4683
74251;Lehrensteinsfeld;;49.1311;9.3272
74252;Massenbachhausen;;49.1778;9.0433
74254;Offenau;;49.2458;9.1606
74255;Roigheim;;49.3647;9.34
74257;Untereisesheim;;49.2111;9.2019
74259;Widdern;;49.3183;9.4221
74319;Dürr Systems AG;BW;48.9399;9.1274
74321;Bietigheim-Bissingen;;48.9441;9.1175
74336;Brackenheim;;49.0779;9.066
74337;Botenheim;;49.0651;9.064
74343;Sachsenheim;;48.9584;9.0708
74348;Lauffen am Neckar;;49.0734;9.1457
74354;Besigheim;;48.998;9.1427
74357;Bönnigheim;;49.0402;9.0939
74360;Ilsfeld;;49.0555;9.246
74363;Güglingen;;49.0664;9.0017
74366;Kirchheim am Neckar;;49.045;9.1422
74369;Löchgau;;49.0036;9.1064
74372;Sersheim;;48.9667;9.0167
74374;Zaberfeld;;49.0561;8.9269
74376;Gemmrigheim;;49.0283;9.1556
74379;Ingersheim;;48.9611;9.1761
74382;Neckarwestheim;;49.0469;9.19
74385;Pleidelsheim;;48.9592;9.2031
74388;Talheim;;49.0833;9.1931
74389;Cleebronn;;49.045;9.0369
74391;Erligheim;;49.0225;9.0972
74392;Freudental;;49.0097;9.0592
74394;Hessigheim;;48.9941;9.1863
74395;Mundelsheim;;49.0008;9.2078
74397;Pfaffenhofen;;49.0644;8.9764
74399;Walheim;;49.0142;9.1511
74405;Gaildorf;;49.0003;9.7695
74417;Gschwend;;48.9333;9.7444
74420;Oberrot;;49.0144;9.6672
74423;Obersontheim;;49.0567;9.8992
74424;Bühlertann;;49.0417;9.9086
74426;Bühlerzell;;49.0033;9.9206
74427;Fichtenberg;;48.986;9.712
74429;Sulzbach-Laufen;;48.9667;9.85
74509;Agentur für Arbeit Schwäbisch Hall;BW;49.1093;9.735
74520;VR Kreditwerk Hamburg-Schwäbisch Hall AG;BW;49.1129;9.7465
74523;Schwäbisch Hall;;49.1113;9.7391
74532;Ilshofen;;49.1702;9.9183
74535;Mainhardt;;49.0761;9.5564
74538;Rosengarten;;49.0833;9.7
74541;Vellberg;;49.0843;9.8791
74542;Braunsbach;;49.1992;9.7906
74544;Michelbach an der Bilz;;49.0703;9.7625
74545;Michelfeld;;49.118;9.6433
74547;Untermünkheim;;49.1525;9.7338
74549;Wolpertshausen;;49.1675;9.8447
74564;Crailsheim;;49.1344;10.0719
74569;Sigloch Distribution;BW;49.2996;9.9601
74571;Verlag Das Beste GmbH Versandabteilung;BW;49.2996;9.9601
74572;Blaufelden;;49.2978;9.9739
74575;Schrozberg;;49.3453;9.9794
74579;Fichtenau;;49.0667;10.2167
74582;Gerabronn;;49.2517;9.9219
74585;Rot am See;;49.25;10.0167
74586;Frankenhardt;;49.0833;9.9833
74587;eleven teamsports GmbH;BW;49.1707;10.0801
74588;eleven teamsports GmbH;BW;49.1707;10.0801
74589;Satteldorf;;49.1695;10.0796
74592;Kirchberg an der Jagst;;49.2006;9.9823
74594;Kreßberg;;49.1333;10.1833
74595;Langenburg;;49.254;9.8567
74597;Stimpfach;;49.0614;10.0927
74599;Wallhausen;;49.2104;10.0622
74611;Volksbank Hohenlohe eG;BW;49.2021;9.502
74613;Öhringen;;49.1988;9.5072
74626;Bretzfeld;;49.1794;9.4383
74629;Pfedelbach;;49.1781;9.505
74632;Neuenstein;;49.2049;9.58
74635;Kupferzell;;49.2278;9.69
74638;Waldenburg;;49.1847;9.6399
74639;Zweiflingen;;49.2564;9.5181
74650;Adolf Würth GmbH & Co. KG;BW;49.2593;9.6826
74651;ZIEHL-ABEGG SE;BW;49.282;9.6833
74653;Künzelsau;;49.2818;9.6835
74670;Forchtenberg;;49.2887;9.5603
74673;Mulfingen;;49.3403;9.8008
74676;Niedernhall;;49.2952;9.616
74677;Dörzbach;;49.3835;9.7073
74679;Weißbach;;49.2972;9.5953
74706;Osterburken;;49.43;9.4225
74722;Buchen (Odenwald);;49.52;9.324
74731;Walldürn;;49.5836;9.3664
74736;Hardheim;;49.6119;9.4719
74740;Adelsheim;;49.4015;9.3925
74743;Seckach;;49.4422;9.3342
74744;Ahorn;;49.5083;9.5269
74746;Höpfingen;;49.6025;9.4286
74747;Ravenstein;;49.3939;9.5325
74749;Rosenberg;;49.4558;9.4731
74819;BAMA GmbH;BW;49.3413;9.1264
74821;Mosbach;;49.3536;9.1511
74831;Gundelsheim;;49.2833;9.1604
74832;Bachenau;;49.2784;9.1944
74834;Elztal;;49.3897;9.2106
74838;Limbach;;49.4619;9.2111
74842;Billigheim;;49.3486;9.2539
74847;Obrigheim;;49.3519;9.0908
74850;Schefflenz;;49.3956;9.2728
74855;Haßmersheim;;49.3;9.15
74858;Aglasterhausen;;49.3569;8.9869
74861;Neudenau;;49.2918;9.2698
74862;Binau;;49.3683;9.0581
74864;Fahrenbach;;49.4314;9.1506
74865;Neckarzimmern;;49.3192;9.1328
74867;Neunkirchen;;49.3869;9.0106
74869;Schwarzach;;49.3711;8.9832
74887;Stadtverwaltung Sinsheim;BW;49.2542;8.8792
74889;Sinsheim;;49.2529;8.8787
74903;EOS KSI Inkasso Deutschland GmbH;BW;49.2126;9.0644
74904;Stadtverwaltung Bad Rappenau;BW;49.2362;9.0962
74906;Bad Rappenau;;49.2385;9.1018
74909;Meckesheim;;49.3217;8.8194
74912;Kirchardt;;49.205;8.9917
74915;Waibstadt;;49.2951;8.9177
74918;Angelbachtal;;49.2331;8.7705
74921;Helmstadt-Bargen;;49.31;9
74924;Neckarbischofsheim;;49.2963;8.9638
74925;Epfenbach;;49.3392;8.9078
74927;Eschelbronn;;49.3194;8.8653
74928;Hüffenhardt;;49.2919;9.0817
74930;Ittlingen;;49.1908;8.9308
74931;Lobbach;;49.3664;8.8917
74933;Neidenstein;;49.3167;8.8847
74934;Reichartshausen;;49.355;8.9453
74936;Siegelsbach;;49.2697;9.0897
74937;Spechbach;;49.3464;8.8833
74939;Zuzenhausen;;49.2964;8.8225
75013;Kaiser GmbH & Co. KG;BW;49.0476;8.7349
75015;Bretten;;49.0369;8.7075
75031;Eppingen;;49.1364;8.9123
75038;Oberderdingen;;49.0656;8.8031
75045;Walzbachtal;;49.0257;8.5861
75050;Gemmingen;;49.1564;8.9819
75053;Gondelsheim;;49.0592;8.6583
75056;Sulzfeld;;49.1047;8.8558
75057;Kürnbach;;49.0775;8.8456
75059;Zaisenhausen;;49.1067;8.8128
75093;Deutsche Post AG Niederlassung BRIEF Pforzheim;BW;48.9123;8.7163
75158;Stadtverwaltung;BW;48.8908;8.7028
75159;AOK-Die Gesundheitskasse Enzkreis und Stadt Pforzheim;BW;48.8908;8.6924
75162;Sparkasse Pforzheim Calw;BW;48.8924;8.699
75166;Diemer GmbH & Co.;BW;48.9012;8.6692
75169;Fine Goods GmbH & Co.KG;BW;48.8763;8.6761
75170;Bader GmbH & Co. Großversandhaus;BW;48.8931;8.6831
75172;Pforzheim;;48.8919;8.6985
75173;Pforzheim;;48.8833;8.7
75175;Pforzheim;;48.8915;8.7156
75177;Pforzheim;;48.8833;8.7
75179;Pforzheim;;48.9006;8.6697
75180;Pforzheim;;48.8696;8.6704
75181;Pforzheim;;48.8851;8.7307
75194;Versandhaus Karlheinz Jung GmbH;BW;48.9527;8.5714
75196;Remchingen;;48.9513;8.5732
75203;Königsbach-Stein;;48.9659;8.6057
75210;Keltern;;48.9;8.5833
75217;Birkenfeld;;48.8667;8.6333
75223;Niefern-Öschelbronn;;48.9167;8.7833
75228;Ispringen;;48.9167;8.6667
75233;Tiefenbronn;;48.824;8.8013
75236;Kämpfelbach;;48.93;8.6448
75239;Eisingen;;48.95;8.6667
75242;Neuhausen;;48.7926;8.7765
75245;Neulingen;;48.9667;8.7
75248;Ölbronn-Dürrn;;48.9667;8.75
75249;Kieselbronn;;48.9333;8.75
75305;Neuenbürg;;48.8452;8.5957
75323;Bad Wildbad im Schwarzwald;;48.75;8.55
75328;Schömberg;;48.7871;8.645
75331;Engelsbrand;;48.8333;8.65
75334;Straubenhardt;;48.8466;8.5431
75335;Dobel;;48.8;8.5
75337;Enzklösterle;;48.6664;8.4708
75339;Höfen an der Enz;;48.8;8.5833
75363;Deutsche Post AG Filiale Calw 1;BW;48.7172;8.7373
75365;Calw;;48.7142;8.7403
75378;Bad Liebenzell;;48.7743;8.7297
75382;Althengstett;;48.7232;8.7943
75385;Bad Teinach-Zavelstein;;48.6905;8.6928
75387;Neubulach;;48.6609;8.6961
75389;Neuweiler;;48.6667;8.6
75391;Gechingen;;48.6953;8.8291
75392;Deckenpfronn;;48.6513;8.8242
75394;Oberreichenbach;;48.7333;8.6667
75395;Ostelsheim;;48.7263;8.8482
75397;Simmozheim;;48.7513;8.8114
75399;Unterreichenbach;;48.825;8.7088
75415;Metzler international (Deutschland) AG;BW;48.9535;8.8444
75417;Mühlacker;;48.9475;8.8367
75428;Illingen;;48.9562;8.9246
75433;Maulbronn;;48.9996;8.8034
75438;Knittlingen;;49.0249;8.7561
75443;Ötisheim;;48.9667;8.8
75446;Wiernsheim;;48.8833;8.85
75447;Sternenfels;;49.0514;8.8508
75449;Wurmberg;;48.8667;8.8167
76006;Karlsruhe;;49.008;8.42
76070;AOK Baden-Württemberg;BW;49.0316;8.3579
76073;Regierungspräsidium Karlsruhe Zentrale Bußgeldstelle;BW;49.0045;8.4381
76088;Familienkasse Baden-Württemberg-West;BW;49.0057;8.4017
76089;Agentur für Arbeit Karlsruhe;BW;49.0027;8.386
76097;AOK- Die Gesundheitskasse BD Mittlerer Oberrhein;BW;49.0047;8.3962
76098;Generali Versicherung;BW;48.9945;8.3987
76107;EnBW Contracting GmbH;BW;49.0056;8.4369
76109;Deutsche Post AG Abt. interServ SNL P&P;BW;49.0057;8.4017
76110;Deutsche Post AG SCI / Service Center International Business Services;BW;49.0057;8.4017
76111;Deutsche Post AG SNL Rechnungswesen Accounting Shared Service Center BV;BW;49.0045;8.4045
76112;Karlsruher Lebensversicherung AG;BW;48.9989;8.398
76113;Landeskreditbank;BW;49.0107;8.4056
76114;Badenia Bausparkasse;BW;48.9819;8.3695
76115;Heinrich Heine GmbH;BW;48.9881;8.3732
76117;Allianz Private Krankenversicherung;BW;49.0089;8.3974
76118;Deutsche Postbank AG Niederlassung Karlsruhe;BW;49.0057;8.4017
76119;BBBank Karlsruhe;BW;49.0104;8.4
76120;MONA GmbH & Co;BW;49.0206;8.4681
76121;Karlsruher Versicherung AG;BW;48.9971;8.3792
76122;Deutsche Rentenversicherung Baden-Württemberg;BW;49.0046;8.3796
76123;Berufsgenossenschaft der Bauwirtschaft Bezirksverwaltung Karlsruhe;BW;49.0028;8.3809
76124;Stadt Karlsruhe;BW;49.0086;8.4035
76125;Commerzbank AG;BW;49.0083;8.4022
76126;Staatliches Forstamt Karlsruhe Hardt;BW;49.0044;8.4009
76127;St. Vincentius-Kliniken gAG;BW;48.9989;8.3891
76128;Allianz Lebensversicherungs-AG;BW;49.0052;8.3825
76131;Karlsruhe;;49.0078;8.4199
76133;Karlsruhe;;49.0083;8.3979
76135;Karlsruhe;;48.9907;8.3719
76137;Karlsruhe;;49.0019;8.4287
76139;Karlsruhe;;49.0047;8.3858
76147;BADISCHE NEUESTE NACHRICHTEN Badendruck GmbH;BW;49.0477;8.3912
76149;Karlsruhe;;49.0401;8.3936
76150;Tiefbauamt;BW;49.0107;8.3851
76180;EnBW Service GmbH;BW;49.0056;8.4369
76181;Siemens;BW;49.0238;8.3486
76182;Continentale Krankenversicherung a.G.;BW;49.0119;8.3505
76185;Karlsruhe;;49.0111;8.3601
76187;Karlsruhe;;49.0224;8.3742
76189;Karlsruhe;;49.0148;8.3521
76199;Karlsruhe;;48.9661;8.4043
76225;Robert Bosch GmbH;BW;49.0175;8.4759
76227;Karlsruhe;;49.0003;8.4776
76228;Karlsruhe;;49.0047;8.3858
76229;Karlsruhe;;49.0047;8.3858
76230;dm-drogeriemarkt GmbH & Co KG;BW;48.9911;8.4686
76240;Versorgungsanstalt des Bundes und der Länder;BW;49.0138;8.3979
76243;Deutsche Post AG Direkt Marketing Center Karlsruhe;BW;49.0057;8.4017
76245;Landesbank Baden-Württemberg;BW;49.0052;8.4143
76246;AachenMünchener Lebensversicherung AG;BW;48.9819;8.3695
76247;Helvetia Schweizerische Versicherungsgesellschaft AG;BW;49.0052;8.3959
76248;Deutsche Post AG Niederlassung BRIEF Karlsruhe;BW;49.0012;8.3594
76249;Deutsche Post AG Nachsendezentrum Karlsruhe;BW;49.0012;8.3594
76253;Deutsche Post AG Rücksendezentrum Karlsruhe;BW;49.0012;8.3594
76273;Inapa Deutschland GmbH;BW;48.949;8.3914
76275;Ettlingen;;48.9409;8.4076
76287;Rheinstetten;;48.9685;8.307
76297;Stutensee;;49.0967;8.4896
76307;Karlsbad;;48.9167;8.5
76314;CTDI GmbH;BW;48.8893;8.3123
76316;Malsch;;48.8833;8.3333
76327;Pfinztal;;49.0044;8.5209
76332;Bad Herrenalb;;48.7979;8.4362
76337;Waldbronn;;48.9183;8.4923
76344;Eggenstein-Leopoldshafen;;49.0901;8.3988
76351;Linkenheim-Hochstetten;;49.132;8.4124
76356;Weingarten;;49.0546;8.5268
76359;Marxzell;;48.8667;8.45
76432;Romanwoche;BW;48.8655;8.2207
76437;Rastatt;;48.8585;8.2096
76448;Durmersheim;;48.9333;8.2667
76456;Kuppenheim;;48.8279;8.2542
76461;Muggensturm;;48.8667;8.2833
76467;Bietigheim;;48.9092;8.252
76470;Ötigheim;;48.8909;8.2344
76473;Iffezheim;;48.8217;8.1431
76474;Au am Rhein;;48.95;8.2333
76476;Bischweier;;48.8377;8.2841
76477;Elchesheim-Illingen;;48.9333;8.2167
76479;Steinmauern;;48.901;8.1969
76517;GRENKE AG;BW;48.7952;8.1937
76519;Süd-Westdeutsche Inkasso GmbH;BW;48.7781;8.2166
76520;Finanzamt;BW;48.7604;8.2431
76521;Rae Haas & Kollegen Rechtsanwaltsgesellschaft mbH;BW;48.7781;8.2155
76522;SWR-Südwestrundfunk;BW;48.7494;8.2234
76523;Sonnenverlag GmbH;BW;48.7551;8.238
76524;Agis-Verlag GmbH;BW;48.7888;8.1914
76526;La Prairie Group Deutschland GmbH;BW;48.7663;8.2346
76527;InFoScore Consumer Data GmbH;BW;48.7781;8.2166
76530;Baden-Baden;;48.7663;8.2031
76532;Baden-Baden;;48.8038;8.1308
76534;Baden-Baden;;48.715;8.1442
76547;Sinzheim;;48.7667;8.1667
76549;Hügelsheim;;48.8;8.1167
76568;Daimler AG;BW;48.791;8.3391
76571;Gaggenau;;48.8;8.3333
76593;Gernsbach;;48.7703;8.3431
76596;Forbach;;48.6833;8.35
76597;Loffenau;;48.7721;8.3846
76599;Weisenbach;;48.7276;8.3538
76642;SEW-EURODRIVE GmbH & Co KG;BW;49.1216;8.5782
76643;Deutsche Post AG NL Vertrieb P/E;BW;49.1208;8.5581
76646;Bruchsal;;49.1243;8.598
76661;Philippsburg;;49.2317;8.4607
76669;Bad Schönborn;;49.2069;8.6436
76676;Graben-Neudorf;;49.1669;8.4924
76684;Östringen;;49.2191;8.7119
76689;Karlsdorf-Neuthard;;49.1347;8.5303
76694;Forst;;49.1586;8.5808
76698;Ubstadt-Weiher;;49.163;8.6316
76703;Kraichtal;;49.1396;8.7715
76706;Dettenheim;;49.1717;8.4242
76707;Hambrücken;;49.19;8.5406
76709;Kronau;;49.2225;8.6311
76725;Nolte-Möbel GmbH & Co. KG;RP;49.2033;8.3779
76726;Germersheim;;49.2231;8.3639
76742;Mercedes-Benz AG;RP;49.0493;8.2805
76744;Wörth am Rhein;;49.0489;8.2596
76751;Jockgrim;;49.0929;8.2747
76756;Bellheim;;49.1983;8.2794
76761;Rülzheim;;49.1531;8.2929
76764;Rheinzabern;;49.1181;8.2781
76767;Hagenbach;;49.0173;8.2502
76768;Berg (Pfalz);;48.9833;8.2
76770;Hatzenbühl;;49.1111;8.2453
76771;Hördt;;49.1658;8.3264
76773;Kuhardt;;49.1458;8.3144
76774;Leimersheim;;49.1242;8.3453
76776;Neuburg am Rhein;;48.9833;8.25
76777;Neupotz;;49.1178;8.3194
76779;Scheibenhardt;;48.9812;8.1399
76825;Justizbehörden Landau;RP;49.1946;8.1178
76826;Gummi-Mayer;RP;49.2086;8.1254
76828;Agentur für Arbeit Landau in der Pfalz;RP;49.195;8.1307
76829;Ranschbach;;49.1958;8.0286
76831;Birkweiler;;49.2033;8.0383
76833;Böchingen;;49.2369;8.0933
76835;Roschbach;;49.2461;8.1189
76846;Hauenstein;;49.1921;7.8549
76848;Wilgartswiesen;;49.2089;7.8735
76855;Annweiler am Trifels;;49.2061;7.9753
76857;Waldrohrbach;;49.1667;7.9667
76863;Herxheimweyher;;49.1525;8.255
76865;Insheim;;49.1581;8.1472
76870;Kandel;;49.0828;8.1972
76872;Winden;;49.0978;8.1169
76877;Offenbach an der Queich;;49.1955;8.1978
76878;Hornbach Baumarkt AG;RP;49.215;8.1745
76879;Ottersheim;;49.1913;8.2318
76887;Bad Bergzabern;;49.1035;7.9608
76889;Niederotterbach;;49.0603;8.0456
76891;Bundenthal;;49.0955;7.8084
77633;Dr. Hall Versand GmbH;BW;48.4659;7.8788
77642;Agentur für Arbeit Offenburg;BW;48.4731;7.9778
77644;DKNO GmbH;BW;48.482;7.9535
77646;Printus GmbH;BW;48.4377;7.9322
77647;Markant Handel u. Service GmbH Handelsmarkt GmbH;BW;48.4815;7.9207
77652;Offenburg;;48.4765;7.9438
77654;Offenburg;;48.4651;7.9559
77656;Offenburg;;48.4639;7.9313
77663;Deutsche Post AG Niederlassung Produktion BRIEF Offenburg;BW;48.482;7.9535
77694;Kehl;;48.573;7.8152
77704;Oberkirch;;48.5324;8.0786
77709;Wolfach;;48.2932;8.2158
77716;Fischerbach;;48.2869;8.1096
77723;Gengenbach;;48.4048;8.0143
77728;Oppenau;;48.4733;8.1597
77731;Willstätt;;48.5407;7.8931
77736;Zell am Harmersbach;;48.3465;8.067
77740;Bad Peterstal-Griesbach;;48.4333;8.2167
77743;Neuried;;48.45;7.825
77746;Schutterwald;;48.45;7.8833
77749;Hohberg;;48.4167;7.9167
77756;Hausach;;48.2843;8.176
77761;Schiltach;;48.2893;8.3417
77767;Appenweier;;48.5333;7.9833
77770;Durbach;;48.4935;8.0174
77773;Schenkenzell;;48.312;8.3721
77776;Bad Rippoldsau-Schapbach;;48.4;8.3333
77781;Biberach;;48.3333;8.0333
77784;Oberharmersbach;;48.3736;8.1254
77787;Nordrach;;48.4;8.0833
77790;Steinach;;48.3;8.05
77791;Berghaupten;;48.406;7.9867
77793;Gutach (Schwarzwaldbahn);;48.2484;8.2129
77794;Lautenbach;;48.5207;8.1151
77796;Mühlenbach;;48.25;8.1167
77797;Ohlsbach;;48.4322;7.9938
77799;Ortenberg;;48.4516;7.9718
77813;Bosch;BW;48.6907;8.1195
77815;Bühl;;48.6968;8.1352
77830;Bühlertal;;48.6857;8.1888
77833;Ottersweier;;48.6702;8.1132
77836;Rheinmünster;;48.7583;8.05
77839;Lichtenau;;48.7261;8.0049
77855;Achern;;48.6312;8.0761
77866;Rheinau;;48.666;7.9366
77869;Silvana B.V.;BW;48.5812;8.0047
77871;Renchen;;48.5885;8.0132
77876;Kappelrodeck;;48.5918;8.1169
77880;Sasbach;;48.6397;8.0937
77883;Ottenhöfen im Schwarzwald;;48.5667;8.15
77886;Lauf;;48.65;8.1333
77887;Sasbachwalden;;48.6167;8.1333
77889;Seebach;;48.5762;8.1705
77926;Zalando Logistics SE & Co. KG;BW;48.3603;7.8129
77929;Deutsche Post AG Niederlassung Produktion Paket Deutschland Lahr;BW;48.3503;7.8194
77931;Finanzamt;BW;48.3424;7.8739
77933;Lahr/Schwarzwald;;48.3372;7.8704
77944;Friesenheim;;48.367;7.883
77948;Friesenheim;;48.3667;7.8833
77955;Ettenheim;;48.257;7.8125
77960;Seelbach;;48.3106;7.9407
77963;Schwanau;;48.3667;7.7624
77966;Kappel-Grafenhausen;;48.2838;7.766
77971;Kippenheim;;48.2956;7.8251
77972;Mahlberg;;48.2864;7.8141
77974;Meißenheim;;48.4103;7.7727
77975;Ringsheim;;48.2477;7.7782
77977;Rust;;48.2667;7.7333
77978;Schuttertal;;48.2667;7.95
78041;Agentur für Arbeit Villingen-Schwenningen;BW;48.0543;8.4646
78044;Schwenninger BKK;BW;48.0662;8.542
78045;Techniker Krankenkasse;BW;48.0597;8.4574
78046;Link VS-Schwenningen KG ehem. Johannes Link GmbH & Co.KG;BW;48.0613;8.5464
78048;Villingen-Schwenningen;;48.0667;8.45
78050;Villingen-Schwenningen;;48.0667;8.45
78052;Villingen-Schwenningen;;48.0667;8.45
78054;Villingen-Schwenningen;;48.0667;8.45
78056;Villingen-Schwenningen;;48.0667;8.45
78060;Deutsche Post AG Briefzentrum Villingen-Schwenningen;BW;48.0709;8.5714
78073;Bad Dürrheim;;48.0209;8.5306
78078;Niedereschach;;48.1333;8.5333
78083;Dauchingen;;48.0899;8.5501
78086;Brigachtal;;48.0167;8.4667
78087;Mönchweiler;;48.1004;8.4222
78089;Unterkirnach;;48.0795;8.3657
78098;Triberg;;48.1363;8.2365
78112;Sankt Georgen im Schwarzwald;;48.1272;8.3351
78120;Furtwangen im Schwarzwald;;48.0516;8.2071
78126;Königsfeld im Schwarzwald;;48.1381;8.4197
78132;Hornberg;;48.2107;8.2327
78136;Schonach im Schwarzwald;;48.1423;8.2029
78141;Schönwald im Schwarzwald;;48.1055;8.2039
78144;Tennenbronn;;48.1904;8.3518
78147;Vöhrenbach;;48.05;8.3
78148;Gütenbach;;48.05;8.15
78166;Donaueschingen;;47.9551;8.4971
78176;Blumberg;;47.8406;8.5333
78183;Hüfingen;;47.9254;8.4883
78187;Geisingen;;47.925;8.65
78194;Immendingen;;47.9333;8.7333
78199;Bräunlingen;;47.9296;8.4481
78221;DAK - Gesundheit;BW;47.7622;8.8365
78224;Singen;;47.7593;8.8403
78234;Engen;;47.8553;8.7734
78239;Rielasingen-Worblingen;;47.7346;8.8401
78244;Gottmadingen;;47.7351;8.7769
78247;Hilzingen;;47.7667;8.7833
78250;Tengen;;47.8213;8.6612
78253;Eigeltingen;;47.858;8.8978
78256;Steißlingen;;47.8;8.9333
78259;Mühlhausen-Ehingen;;47.811;8.8122
78262;Gailingen am Hochrhein;;47.7;8.75
78266;Büsingen am Hochrhein;;47.7;8.6833
78267;Aach;;47.8424;8.8538
78269;Volkertshausen;;47.8167;8.8667
78315;Radolfzell am Bodensee;;47.7419;8.971
78333;Stockach;;47.8511;9.0091
78337;Öhningen;;47.6619;8.8867
78343;Gaienhofen;;47.6833;8.9833
78345;Moos;;47.7244;8.9348
78351;Bodman-Ludwigshafen;;47.8182;9.0554
78354;Sipplingen;;47.7968;9.0974
78355;Hohenfels;;47.885;9.1082
78357;Mühlingen;;47.9167;9.0167
78359;Orsingen-Nenzingen;;47.8427;8.9591
78454;Agentur für Arbeit Konstanz;BW;47.6721;9.1588
78455;PaLaGo GmbH;BW;47.6727;9.1555
78457;Universität Konstanz;BW;47.6895;9.1882
78458;Helvetisches Münzkontor GmbH Aktion;BY;49.9815;9.2761
78459;Finanzamt Konstanz;BW;47.6819;9.1451
78461;Deutsche Telekom AG Niederlassung Konstanz;BW;47.6713;9.181
78462;Konstanz;;47.6613;9.1752
78464;Konstanz;;47.6723;9.1834
78465;Konstanz;;47.6667;9.1833
78467;Konstanz;;47.6744;9.1649
78476;Allensbach;;47.7154;9.0714
78479;Reichenau;;47.6889;9.0635
78532;Tuttlingen;;47.9846;8.8177
78549;Spaichingen;;48.0748;8.7351
78554;Aldingen;;48.1;8.7
78559;Gosheim;;48.1343;8.7543
78564;Wehingen;;48.1453;8.7915
78567;Fridingen an der Donau;;48.0196;8.9232
78570;Mühlheim an der Donau;;48.0312;8.8836
78573;Wurmlingen;;48;8.7833
78576;Emmingen-Liptingen;;47.9333;8.8833
78579;Neuhausen ob Eck;;47.9726;8.9276
78580;Bärenthal;;48.0667;8.9333
78582;Balgheim;;48.0667;8.7667
78583;Böttingen;;48.1;8.8
78585;Bubsheim;;48.1167;8.8333
78586;Deilingen;;48.1741;8.7853
78588;Denkingen;;48.1111;8.7382
78589;Dürbheim;;48.0562;8.7934
78591;Durchhausen;;48.0397;8.6749
78592;Egesheim;;48.1172;8.8564
78594;Gunningen;;48.05;8.7
78595;Hausen ob Verena;;48.0537;8.7247
78597;Irndorf;;48.0667;8.9667
78598;Königsheim;;48.1;8.8667
78600;Kolbingen;;48.0523;8.8896
78601;Mahlstetten;;48.0748;8.8351
78603;Renquishausen;;48.0833;8.9
78604;Rietheim-Weilheim;;48.0167;8.7667
78606;Seitingen-Oberflacht;;48.0167;8.7167
78607;Talheim;;48.0167;8.6667
78609;Tuningen;;48.0333;8.6
78628;Rottweil;;48.1678;8.6272
78647;Trossingen;;48.0767;8.6441
78652;Deißlingen;;48.1123;8.6074
78655;Dunningen;;48.2124;8.5062
78658;Zimmern ob Rottweil;;48.1666;8.5944
78661;Dietingen;;48.2048;8.6486
78662;Bösingen;;48.2333;8.55
78664;Eschbronn;;48.25;8.4667
78665;Frittlingen;;48.1271;8.7077
78667;Villingendorf;;48.2;8.5833
78669;Wellendingen;;48.1474;8.7037
78711;SBK-Siemens-Betriebskrankenkasse Schramberg;BW;48.2293;8.3836
78713;Schramberg;;48.224;8.3858
78727;Oberndorf am Neckar;;48.3005;8.5738
78730;Lauterbach;;48.2333;8.35
78733;Aichhalden;;48.2672;8.4023
78736;Epfendorf;;48.25;8.6
78737;Fluorn-Winzeln;;48.2917;8.4917
78739;Hardt;;48.1833;8.4167
79071;CG Car Garantie Versicherungs AG;BW;47.9915;7.795
79073;HUK-Coburg;BW;47.9963;7.8367
79077;AOK - Die Gesundheitskasse;BW;47.9986;7.8474
79078;Agentur für Arbeit Freiburg;BW;48.003;7.8315
79079;Finanzamt Freiburg-Stadt;BW;48.0048;7.8524
79080;Herder GmbH u. Co. KG Verlag;BW;48.0028;7.8532
79081;Fachbereich Veterinärwesen & Lebensmittelüberwachung;BW;48.0061;7.8521
79083;Regierungspräsidium Freiburg;BW;47.9965;7.8518
79084;Amt für Bürgerservice und Informationsverarbeitung;BW;48.0011;7.8331
79086;Versorgungsamt Freiburg;BW;48.0061;7.8521
79088;Triaz Waschbär;BW;48.0335;7.8504
79090;Adecco;BW;48.0346;7.8585
79091;Haufe-Lexware GmbH & Co.KG;BW;47.9892;7.7899
79093;Triaz GmbH;BW;48.0335;7.8504
79094;Siemens AG;BW;47.9991;7.853
79095;Regierungspräsidium Freiburg Abteilung 7;BW;47.9973;7.8434
79098;Freiburg im Breisgau;;47.9942;7.847
79100;Freiburg im Breisgau;;47.9809;7.8327
79102;Freiburg im Breisgau;;48;7.85
79104;Freiburg im Breisgau;;48.0098;7.8545
79106;Freiburg im Breisgau;;48;7.85
79108;Freiburg im Breisgau;;48.0339;7.8418
79110;Freiburg im Breisgau;;48.0207;7.8167
79111;Freiburg im Breisgau;;47.9809;7.7957
79112;Freiburg im Breisgau;;48;7.85
79114;Freiburg im Breisgau;;48.0018;7.818
79115;Freiburg im Breisgau;;47.9793;7.822
79117;Freiburg im Breisgau;;47.9874;7.8945
79138;Agentur für Arbeit Freiburg;BW;48.003;7.8315
79139;Deutsche Post AG Direkt Marketing Center;BW;47.9773;7.8289
79140;Deutsche Post AG Niederlassung BRIEF Freiburg;BW;48.0394;7.8193
79183;Waldkirch;;48.0959;7.9637
79188;Rheintalklinik;BW;47.9188;7.6879
79189;Bad Krozingen;;47.9167;7.7
79194;Gundelfingen;;48.0425;7.8657
79199;Kirchzarten;;47.9667;7.95
79206;Breisach am Rhein;;48.0328;7.5829
79211;Denzlingen;;48.0667;7.8833
79215;Elzach;;48.1725;8.0699
79219;Staufen im Breisgau;;47.8823;7.7282
79224;Umkirch;;48.0333;7.7667
79227;Schallstadt;;47.9585;7.7575
79232;March;;48.0681;7.7788
79235;Vogtsburg im Kaiserstuhl;;48.0833;7.6333
79238;Ehrenkirchen;;47.9156;7.7519
79241;Ihringen;;48.043;7.6476
79244;Münstertal;;47.85;7.7833
79249;Merzhausen;;47.9667;7.8333
79252;Stegen;;47.9833;7.9667
79254;Oberried;;47.9333;7.95
79256;Buchenbach;;47.9614;8.0091
79258;Hartheim;;47.9333;7.6333
79261;Gutach im Breisgau;;48.1167;7.9833
79263;Simonswald;;48.1004;8.0525
79268;Bötzingen;;48.0764;7.7248
79271;Sankt Peter;;48.0147;8.0329
79274;Sankt Märgen;;48.008;8.0928
79276;Reute;;48.0833;7.8167
79279;Vörstetten;;48.0667;7.85
79280;Au;;47.95;7.8333
79282;Ballrechten-Dottingen;;47.8583;7.6917
79283;Bollschweil;;47.9214;7.7899
79285;Ebringen;;47.9578;7.7765
79286;Glottertal;;48.0508;7.9634
79288;Gottenheim;;48.05;7.7333
79289;Horben;;47.9333;7.8667
79291;Merdingen;;48.0167;7.6833
79292;Pfaffenweiler;;47.9333;7.75
79294;Sölden;;47.9333;7.8167
79295;Sulzburg;;47.8412;7.7078
79297;Winden im Elztal;;48.144;8.0469
79299;Wittnau;;47.95;7.8167
79310;BKK Abrechnungszentrum;BW;48.129;7.825
79312;Emmendingen;;48.121;7.8536
79330;Sommer Verlag GmbH;BW;48.1055;7.7834
79331;Teningen;;48.1295;7.8121
79336;Herbolzheim;;48.2188;7.7775
79341;Kenzingen;;48.1963;7.7697
79346;Endingen am Kaiserstuhl;;48.1333;7.7
79348;Freiamt;;48.1667;7.9167
79350;Sexau;;48.1021;7.9076
79353;Bahlingen am Kaiserstuhl;;48.1228;7.7389
79356;Eichstetten am Kaiserstuhl;;48.0833;7.7333
79359;Riegel am Kaiserstuhl;;48.15;7.75
79361;Sasbach am Kaiserstuhl;;48.1333;7.6167
79362;Forchheim;;48.1667;7.7
79364;Malterdingen;;48.1572;7.7861
79365;Rheinhausen;;48.2266;7.7109
79367;Weisweil;;48.1994;7.6771
79369;Wyhl am Kaiserstuhl;;48.1667;7.65
79379;Müllheim;;47.8082;7.6303
79395;Neuenburg am Rhein;;47.8143;7.5601
79400;Kandern;;47.7139;7.6624
79410;Badenweiler;;47.8022;7.6724
79415;Bad Bellingen;;47.7315;7.5576
79418;Schliengen;;47.757;7.5764
79423;Heitersheim;;47.8747;7.6572
79424;Auggen;;47.7833;7.6
79426;Buggingen;;47.8475;7.638
79427;Eschbach;;47.891;7.6554
79429;Malsburg-Marzell;;47.7333;7.7083
79513;Röttlerweiler;;47.6324;7.6594
79533;Agentur für Arbeit Lörrach;BW;47.6148;7.6667
79537;Sparkasse Lörrach-Rheinfelden;BW;47.6147;7.6615
79539;Lörrach;;47.6181;7.6589
79540;Lörrach;;47.6167;7.6667
79541;Lörrach;;47.6335;7.6922
79574;Wampfler AG;BW;47.622;7.5761
79576;Weil am Rhein;;47.5933;7.6208
79578;Steinen;;47.65;7.733
79585;Steinen;;47.65;7.7333
79588;Efringen-Kirchen;;47.65;7.5667
79589;Binzen;;47.6333;7.6167
79591;Eimeldingen;;47.6333;7.6
79592;Fischingen;;47.65;7.6
79594;Inzlingen;;47.5885;7.6909
79595;Rümmingen;;47.6412;7.642
79597;Schallbach;;47.65;7.6333
79599;Wittlingen;;47.6553;7.6511
79618;Rheinfelden;;47.5723;7.7842
79639;Grenzach-Wyhlen;;47.55;7.6833
79650;Schopfheim;;47.6511;7.8209
79662;Novartis Pharma Produktion;BW;47.6195;7.905
79664;Wehr;;47.6298;7.9042
79669;Zell im Wiesental;;47.7055;7.8525
79674;Todtnau;;47.8294;7.9438
79677;Schönau im Schwarzwald;;47.7862;7.8944
79682;Todtmoos;;47.7401;8.0018
79683;Bürchau;;47.7739;7.8272
79685;Häg-Ehrsberg;;47.7417;7.9083
79686;Hasel;;47.6534;7.8972
79688;Hausen im Wiesental;;47.6833;7.85
79689;Maulburg;;47.6463;7.7821
79691;Neuenweg;;47.7956;7.8274
79692;Raich;;47.7505;7.7969
79694;Utzenfeld;;47.8;7.9167
79695;Wieden;;47.8414;7.882
79697;Wies;;47.7479;7.7675
79699;Wieslet;;47.688;7.798
79713;Bad Säckingen;;47.5537;7.9461
79725;Laufenburg;;47.5651;8.0604
79730;Murg;;47.5549;8.0218
79733;Görwihl;;47.6427;8.0748
79736;Rickenbach;;47.619;7.9787
79737;Herrischried;;47.6667;8
79739;Schwörstadt;;47.5931;7.8784
79749;AOK - Die Gesundheitskasse Bezirksdirektion Waldshut Tiengen;BW;47.6206;8.2183
79761;Waldshut-Tiengen;;47.6232;8.2172
79771;Klettgau;;47.65;8.4
79774;Albbruck;;47.5908;8.1295
79777;Ühlingen-Birkendorf;;47.7167;8.3167
79780;Stühlingen;;47.7458;8.4481
79787;Lauchringen;;47.627;8.3144
79790;Küssaberg;;47.6;8.32
79793;Wutöschingen;;47.6602;8.3675
79798;Jestetten;;47.65;8.5667
79801;Hohentengen am Hochrhein;;47.57;8.4325
79802;Dettighofen;;47.6233;8.4851
79804;Dogern;;47.6095;8.1671
79805;Eggingen;;47.7;8.4
79807;Lottstetten;;47.6333;8.5667
79809;Weilheim;;47.6667;8.2333
79821;Stadtverwaltung / Bürgermeisteramt;BW;47.9117;8.214
79822;Titisee-Neustadt;;47.921;8.1906
79837;Häusern;;47.75;8.1667
79843;Löffingen;;47.8841;8.3438
79848;Bonndorf im Schwarzwald;;47.8186;8.3414
79853;Lenzkirch;;47.8683;8.2021
79856;Hinterzarten;;47.9028;8.107
79859;Schluchsee;;47.8167;8.1833
79862;Höchenschwand;;47.7333;8.1667
79865;Grafenhausen;;47.775;8.2573
79868;Feldberg;;47.865;8.0704
79871;Eisenbach (Hochschwarzwald);;47.9667;8.2667
79872;Bernau;;47.8002;8.0383
79874;Breitnau;;47.9333;8.0833
79875;Dachsberg;;47.7295;8.1
79877;Friedenweiler;;47.9178;8.2563
79879;Wutach;;47.8333;8.4333
80097;Staatsanwaltschaft München II;BY;48.1419;11.5582
80200;Siemens AG;BY;48.0906;11.6556
80217;Deutsche Post AG Direkt Marketing Center;BY;48.1444;11.5493
80218;FNZ Bank AG;BY;48.1452;11.6819
80219;Mirion Medical GmbH;BY;48.1449;11.485
80221;Hypo Real Estate Holding GmbH;BY;48.1434;11.5721
80222;HUK-Coburg Versicherungsgruppe;BY;48.1384;11.5501
80240;Nokia Solutions and Networks GmbH & Co. KG;BY;48.1153;11.5974
80248;DeutschlandCard GmbH;BY;48.1325;11.6203
80249;Computershare Deutschland;BY;48.1414;11.5728
80250;Serviceplan Gruppe SE & Co. KG;BY;48.1282;11.6089
80251;Check 24 Vergleichsportal Versicherungen AG;BY;48.1437;11.5363
80258;GlaxoSmithKline Consumer Healthcare GmbH & Co. KG a Haleon company;BY;48.1397;11.5276
80259;Allianz Bank;BY;48.1464;11.5427
80260;Telefonica O2 Germany GmbH & Co. OHG;BY;48.1769;11.5326
80263;Boesche Staatliche Lotterieeinnahme;BY;48.1601;11.5755
80264;VHV Vereinigte Hannoversche Versicherung a.G.;BY;48.1745;11.5289
80266;AOK Bayern - Die Gesundheitskasse Direktion München;BY;48.1406;11.5295
80267;Berufsgenossenschaft der Bauwirtschaft Bezirksverwaltung München;BY;48.1503;11.5511
80268;DZ BANK AG Deutsche Genossenschaftsbank;BY;48.1464;11.5737
80269;Finanzamt München / Abt. II;BY;48.1451;11.5436
80270;Berufsgenossenschaft Handel und Warenlogistik, Regionaldirektion Südost;BY;48.1527;11.5138
80271;Deutsche Bank AG;BY;48.1378;11.5571
80272;Münchener Hypothekenbank eG;BY;48.1406;11.5837
80273;Commerzbank AG;BY;48.1397;11.573
80275;Finanzamt München / Abt.- Körperschaften;BY;48.143;11.5653
80276;Finanzamt München / Abt. I;BY;48.1426;11.5668
80277;BayernLB Bayerische Landesbank;BY;48.1444;11.573
80278;UniCredit Bank AG;BY;48.1515;11.5982
80279;KREISSPARKASSE MÜNCHEN STARNBERG EBERSBERG;BY;48.1328;11.5666
80280;LBS Bayerische Landesbausparkasse;BY;48.1429;11.5525
80281;Deutsche Bundesbank Hauptverwaltung München;BY;48.1458;11.5786
80282;Münchener Zeitungs-Verlag GmbH & Co;BY;48.1386;11.5556
80283;Münchener Verein;BY;48.1344;11.5581
80285;Donner & Reuschel AG;BY;48.0883;11.6429
80287;Stadtwerke München;BY;48.1724;11.5323
80289;Süddeutscher Verlag GmbH;BY;48.1371;11.6354
80290;Technische Universität München Präsidialbüro W. A. Herrmann;BY;48.1489;11.568
80291;Allianz Private Krankenversicherungs-AG;BY;48.1046;11.6453
80292;WWK Pensionsfonds AG;BY;48.1449;11.5519
80294;E.ON Bayern AG;BY;48.149;11.5219
80295;Schweitzer Fachinformationen oHG;BY;48.1379;11.5223
80297;Deutsches Patent- und Markenamt;BY;48.1325;11.5839
80298;Europäisches Patentamt;BY;48.1266;11.5706
80300;Bayerischer Rundfunk;BY;48.1441;11.5546
80301;Finanzamt München / Abt. III;BY;48.1454;11.543
80302;Finanzamt München / Abt. IV;BY;48.1463;11.5455
80303;Finanzamt München / Abt. V;BY;48.1463;11.5455
80304;Agentur für Arbeit München;BY;48.1255;11.5591
80306;Deutsches Museum;BY;48.1314;11.5856
80308;Debeka Versicherungen und Bausparkasse;BY;48.1367;11.5688
80309;Erzbischöfliches Ordinariat München;BY;48.1395;11.5691
80310;Betriebs-Center für Banken AG;BY;48.1153;11.5974
80311;UniCredit Bank GmbH;BY;48.1499;11.6175
80313;Stadtverwaltung;BY;48.1378;11.5753
80314;Deutsche Postbank AG Niederlassung München;BY;48.1153;11.5974
80315;Amtsgericht München;BY;48.1405;11.57
80316;Landgericht München I;BY;48.1403;11.5645
80317;Deutsche Postbank AG Niederlassung München;BY;48.1153;11.5974
80318;Deutsche Postbank AG Niederlassung München;BY;48.1347;11.5651
80319;LKV Landeskuratorium für tierische Veredelung Bayern e. V.;BY;48.1449;11.485
80320;Landgericht München II;BY;48.1451;11.5552
80322;Deutsche Post AG Niederlassung BRIEF München;BY;48.1489;11.5238
80323;Rechtsschutz Union;BY;48.1343;11.5666
80324;Deutsche Post AG Vertriebsdirektion HVD Süd;BY;48.1449;11.485
80325;Amtsgericht München;BY;48.158;11.5565
80326;Enilive Deutschland GmbH;BY;48.1284;11.5445
80327;Genossenschaftsverband Bayern e.V.;BY;48.147;11.5741
80328;Kubon & Sagner Buchexport-Import GmbH;BY;48.1522;11.5644
80329;SOS-Kinderdörfer;BY;48.1585;11.5256
80331;München;;48.1345;11.571
80333;München;;48.1452;11.5668
80335;München;;48.1427;11.5552
80336;München;;48.1345;11.559
80337;München;;48.1224;11.5449
80339;München;;48.1388;11.5341
80340;Creditreform München Frühschulz und Wipperling KG;BY;48.0965;11.515
80466;Landeshauptstadt München Kreisverwaltungsreferat;BY;48.1238;11.5517
80469;München;;48.1299;11.5732
80524;Bayer. Staatsministerium des Innern;BY;48.1434;11.5767
80525;Bayerisches Staatsministerium für Wirtschaft, Verkehr und Technologie;BY;48.1422;11.5908
80530;Versicherungskammer Bayern;BY;48.1383;11.5906
80534;Regierung von Oberbayern;BY;48.1385;11.586
80535;Bayerisches Staatsministerium für Wohnen Bau und Verkehr;BY;48.143;11.5849
80538;München;;48.1401;11.5885
80539;München;;48.15;11.5833
80632;Kreiswehrersatzamt;BY;48.1652;11.5396
80634;München;;48.1492;11.5328
80636;München;;48.1558;11.5409
80637;München;;48.1725;11.5284
80638;München;;48.1595;11.4932
80639;München;;48.1526;11.5154
80682;Kantar Deutschland GmbH;BY;48.1449;11.485
80684;TÜV SÜD AG;BY;48.1329;11.521
80686;München;;48.138;11.507
80687;München;;48.1414;11.502
80689;München;;48.1291;11.4895
80700;GlaxoSmithKline GmbH & Co. KG;BY;48.1403;11.6057
80786;Alphabet Fuhrparkmanagement GmbH;BY;48.1925;11.6077
80787;BMW Financial Service;BY;48.1877;11.6022
80788;BMW AG PKV Zentrum;BY;48.2511;11.629
80789;DBV-Winterthur Versicherungen;BY;48.1749;11.5861
80790;Allianz ONE-Business Solutions GmbH Hauptverwaltung;BY;48.1544;11.5886
80791;Siemens Nixdorf Informationssysteme AG;BY;48.1738;11.594
80792;Bay. Staatsministerium f. Arbeit u. Sozialordnung, Familie u. Frauen;BY;48.1589;11.5604
80794;Oskar Schunck GmbH & Co. KG;BY;48.154;11.5837
80796;München;;48.15;11.5833
80797;München;;48.1611;11.5586
80798;München;;48.15;11.5833
80799;München;;48.15;11.5833
80801;München;;48.15;11.5833
80802;München;;48.1665;11.5903
80803;München;;48.15;11.5833
80804;München;;48.1738;11.5858
80805;München;;48.1725;11.5964
80807;München;;48.1827;11.5759
80809;München;;48.1787;11.5617
80920;OSRAM GmbH;BY;48.1817;11.5974
80931;Bayr. Rundfunk Fernsehstudio Freimann;BY;48.1887;11.6271
80933;München;;48.2225;11.548
80935;München;;48.2043;11.5585
80937;München;;48.1974;11.5721
80939;München;;48.2054;11.6238
80991;PIRELLI Deutschland GmbH;BY;48.1792;11.5327
80992;München;;48.1776;11.5169
80993;München;;48.1823;11.5331
80995;München;;48.1976;11.5181
80997;München;;48.1834;11.4784
80999;München;;48.1853;11.4643
81236;Berufsgenossenschaft Holz und Metall Bezirksverwaltung;BY;48.1437;11.4735
81237;Berufsgenossenschaft der Bauwirtschaft Bezirksverwaltung München (Tiefbau);BY;48.1435;11.4747
81238;DSZ Druckschriften - und Zeitungsverlag GmbH;BY;48.1444;11.4524
81241;München;;48.1475;11.4635
81243;München;;48.1465;11.4506
81245;München;;48.1616;11.4141
81247;München;;48.1662;11.4673
81248;München;;48.1616;11.4141
81249;München;;48.15;11.5833
81340;CASHCONTROL Consulting GmbH;BY;48.1114;11.5504
81350;ADAC Zuhause Versicherung AG;BY;48.1335;11.5283
81355;ADAC Service GmbH Assistance Regulierung;BY;48.1335;11.5283
81356;ADAC Versicherung AG Assistance Regulierung;BY;48.1335;11.5283
81357;Continentale Lebensversicherung a.G.;BY;48.0965;11.5329
81358;Continentale Krankenversicherung Kundendienst - Centrum;BY;48.0965;11.5329
81359;ADAC e.V. Schadenregulierung;BY;48.1335;11.5283
81360;ADAC e. V.;BY;48.1335;11.5283
81362;ADAC Versicherung;BY;48.1335;11.5283
81363;ADAC Autoversicherung AG;BY;48.1335;11.5283
81364;ADAC Rechtsschutz Versicherung AG;BY;48.1335;11.5283
81365;ADAC Versicherung AG;BY;48.1335;11.5283
81366;iwis mobility systems GmbH & Co. KG;BY;48.1166;11.53
81367;Philip Morris GmbH;BY;48.1227;11.453
81369;München;;48.1125;11.5306
81371;München;;48.1167;11.5478
81373;München;;48.1171;11.5393
81375;München;;48.1188;11.4917
81377;München;;48.1204;11.5001
81379;München;;48.0988;11.5204
81475;München;;48.15;11.5833
81476;München;;48.0844;11.4923
81477;München;;48.0834;11.5036
81479;München;;48.0915;11.5392
81531;CASHCONTROL Consulting GmbH;BY;48.1114;11.5504
81533;Zonzoo GmbH;BY;48.1042;11.6004
81534;Beihilfe-Service Gesellschaft mbH;BY;48.1532;11.6205
81535;Bayern-Versicherung;BY;48.1135;11.5881
81536;AGA International S.A. Niederlassung für Deutschland;BY;48.1107;11.5669
81537;Bayerische Beamtenkrankenkasse AG;BY;48.1377;11.5898
81539;München;;48.1102;11.5899
81541;München;;48.1159;11.5795
81543;München;;48.1203;11.5733
81545;München;;48.0827;11.5619
81547;München;;48.0982;11.5821
81549;München;;48.1089;11.6074
81550;Versicherungskammer Bayern;BY;48.1383;11.5906
81627;Bayerischer Landtag Landtagsamt;BY;48.1363;11.5943
81655;Serviceplan Gruppe SE & Co. KG;BY;48.1282;11.6089
81658;Medizinischer Dienst der Krankenversicherung Bayern;BY;48.1329;11.6108
81660;Landeshauptstadt München Baureferat;BY;48.131;11.612
81662;Techniker Krankenkasse Servicezentrum Beitrag;BY;48.1206;11.6071
81663;Airbus Group;BY;48.0444;11.6234
81664;Penguin Random House Verlagsgruppe GmbH;BY;48.1322;11.6217
81665;Deutsche Telekom AG;BY;48.1323;11.6137
81667;München;;48.1285;11.5975
81669;München;;48.1226;11.6035
81671;München;;48.1223;11.6205
81673;München;;48.1265;11.6317
81675;München;;48.1352;11.6039
81677;München;;48.1381;11.6147
81679;München;;48.1512;11.6103
81713;Deutsche Rentenversicherung Knappschaft-Bahn-See Gesch.-St. München;BY;48.097;11.6458
81716;Dialog-Lebensversicherung AG;BY;48.3659;10.8578
81718;Dialog Versicherung AG;BY;48.105;11.6394
81723;Generali Versicherung;BY;48.1383;11.5692
81725;AMB Generali Schadenmanagement GmbH;BY;48.1051;11.6421
81726;Infineon Technologies AG;BY;48.0808;11.6161
81727;Allianz Private Krankenversicherungs-AG Niederlassung München;BY;48.1046;11.6453
81728;D.A.S. Direktion;BY;48.1032;11.6454
81729;Deutsche Rentenversicherung Bayern Süd;BY;48.1029;11.6481
81731;Generali Versicherung AG;BY;48.105;11.6394
81732;BAYERISCHE BEAMTEN VERSICHERUNGEN;BY;48.0983;11.6458
81733;ERGO Versicherung AG;BY;48.1032;11.6454
81735;München;;48.1134;11.6466
81737;München;;48.1098;11.6183
81739;München;;48.15;11.5833
81823;Messe München GmbH;BY;48.1344;11.6926
81825;München;;48.118;11.6612
81827;München;;48.1147;11.6972
81829;München;;48.1404;11.6802
81911;Swiss Re Europe S.A. Niederlassung Deutschland;BY;48.1873;11.6518
81918;BayWa AG;BY;48.1532;11.6169
81919;Bayerische Ärzteversorgung;BY;48.149;11.6221
81920;Zusatzversorgungskasse der bayerischen Gemeinden;BY;48.149;11.6221
81921;Bayer. Versorgungskammer;BY;48.1488;11.6233
81925;München;;48.1642;11.6218
81927;München;;48.1611;11.6394
81929;München;;48.1408;11.6366
81987;INA-NZ BZA;BY;48.1489;11.5238
81988;Deutsche Post AG Rücksendezentrum München;BY;48.1489;11.5238
81989;Deutsche Post AG Nachsendezentrum München;BY;48.1489;11.5238
81995;Deutsche Post AG SB-Nachsende-/Lagerservice;BY;48.1489;11.5238
81999;Deutsche Post AG Nachsendungsauftragszentrum;BY;48.1489;11.5238
82008;Unterhaching;;48.066;11.6156
82024;Taufkirchen;;48.0486;11.617
82030;Wealthcap Kapitalverwaltungsgesellschaft mbH;BY;48.0669;11.5483
82031;Grünwald;;48.0395;11.5232
82032;Deisenhofen bei München;;48.0182;11.5888
82038;Arval Deutschland GmbH;BY;48.0306;11.5798
82039;Sigma;BY;48.029;11.5835
82041;Oberhaching;;48.0245;11.5974
82047;Autovermietung Sixt;BY;48.0434;11.5124
82049;Pullach im Isartal;;48.0612;11.5215
82054;Sauerlach;;47.9586;11.5674
82057;Icking;;47.95;11.4333
82061;Neuried;;48.0932;11.4656
82064;Straßlach-Dingharting;;48.0049;11.5141
82065;Baierbrunn;;48.0203;11.4869
82067;Kloster Schäftlarn;;47.9889;11.4434
82069;Schäftlarn;;47.9903;11.4559
82110;Germering;;48.1339;11.3765
82131;Gauting;;48.0692;11.377
82140;Olching;;48.2;11.3333
82152;Krailling;;48.1;11.4
82166;Gräfelfing;;48.1188;11.4294
82175;Amway GmbH;BY;48.1736;11.3661
82178;Puchheim;;48.15;11.35
82194;Gröbenzell;;48.2;11.3667
82205;Gilching;;48.1075;11.2936
82211;Herrsching am Ammersee;;47.9989;11.1768
82216;Maisach;;48.2167;11.2667
82223;Eichenau;;48.1667;11.3167
82229;Seefeld;;48.0351;11.214
82234;Weßling;;48.0745;11.2482
82237;Wörthsee;;48.0725;11.2017
82239;Alling;;48.1403;11.3014
82254;ESG Elektroniksystem- und Logistik GmbH;BY;48.1658;11.2216
82256;Fürstenfeldbruck;;48.179;11.2547
82266;Inning am Ammersee;;48.0764;11.1523
82269;Geltendorf;;48.1174;11.0322
82272;Moorenweis;;48.1556;11.0785
82275;Emmering;;48.1833;11.2833
82276;Adelshofen;;48.1833;11.1167
82278;Althegnenberg;;48.2333;11.0667
82279;Eching am Ammersee;;48.0833;11.1167
82281;Egenhofen;;48.2833;11.1667
82282;Pischertshofen;;48.2833;11.1667
82284;Grafrath;;48.1167;11.1667
82285;Hattenhofen;;48.2223;11.1155
82287;Jesenwang;;48.1667;11.1333
82288;Kottgeisering;;48.1167;11.1333
82290;Landsberied;;48.1667;11.1667
82291;Mammendorf;;48.2084;11.1633
82293;Mittelstetten;;48.25;11.1
82294;Oberschweinbach;;48.2382;11.1557
82296;Schöngeising;;48.1413;11.204
82297;Steindorf;;48.2167;11
82299;Türkenfeld;;48.1053;11.083
82317;Amtsgericht Stranberg;BY;48.0053;11.3419
82319;Starnberg;;48.0019;11.3442
82322;Deutsche Post AG Niederlassung BRIEF Starnberg;BY;48.0135;11.425
82327;Tutzing;;47.9094;11.2803
82335;Berg;;47.9674;11.3545
82340;Feldafing;;47.946;11.2933
82343;Pöcking;;47.9667;11.3
82346;Andechs;;47.9746;11.1828
82347;Bernried;;47.866;11.2939
82349;Pentenried;;48.1;11.4
82360;Landratsamt Weilheim-Schongau;BY;47.8346;11.1462
82362;Weilheim in Oberbayern;;47.8376;11.1489
82363;Agentur für Arbeit Weilheim i. OB;BY;47.834;11.1461
82377;Penzberg;;47.7529;11.377
82380;Peißenberg;;47.8047;11.0699
82383;Hohenpeißenberg;;47.8;11
82386;Huglfing;;47.7667;11.1667
82387;Antdorf;;47.7513;11.3085
82389;Böbing;;47.7556;10.9888
82390;Eberfing;;47.7917;11.2
82392;Habach;;47.7333;11.2833
82393;Iffeldorf;;47.7667;11.3167
82395;Obersöchering;;47.7333;11.2167
82396;Pähl;;47.9;11.1833
82398;Polling;;47.811;11.1324
82399;Raisting;;47.9167;11.1
82401;Rottenbuch;;47.7333;10.9667
82402;Seeshaupt;;47.8247;11.3022
82404;Sindelsdorf;;47.7246;11.3329
82405;Wessobrunn;;47.8741;11.0246
82407;Wielenbach;;47.874;11.1592
82409;Wildsteig;;47.7015;10.9375
82418;Riegsee;;47.6987;11.2339
82431;Kochel am See;;47.6586;11.3682
82432;Urfeld, Oberbayern;;47.6167;11.35
82433;Bad Kohlgrub;;47.6667;11.05
82435;Bad Bayersoien;;47.6833;11
82436;Eglfing;;47.7333;11.1833
82438;Eschenlohe;;47.6;11.1833
82439;Großweil;;47.676;11.3011
82441;Ohlstadt;;47.6333;11.2333
82442;Saulgrub;;47.6664;11.0247
82444;Schlehdorf;;47.658;11.3149
82445;Schwaigen;;47.6167;11.15
82447;Spatzenhausen;;47.7167;11.2
82449;Uffing am Staffelsee;;47.7167;11.15
82467;Garmisch-Partenkirchen;;47.4921;11.0958
82475;Schneefernerhaus;BY;47.4166;10.9795
82481;Mittenwald;;47.4422;11.2619
82487;Oberammergau;;47.5981;11.0669
82488;Ettal;;47.5667;11.1
82490;Farchant;;47.5304;11.1115
82491;Grainau;;47.4761;11.0241
82493;Klais;;47.5;11.2833
82494;Krün;;47.5052;11.2792
82496;Oberau;;47.5598;11.1392
82497;Unterammergau;;47.6166;11.0272
82499;Wallgau;;47.5167;11.2833
82515;Wolfratshausen;;47.9129;11.4217
82538;Geretsried;;47.8577;11.4805
82541;Münsing;;47.9;11.3667
82544;Egling;;47.9232;11.5052
82547;Eurasburg;;47.8539;11.4059
82549;Königsdorf;;47.8155;11.4806
83018;Agentur für Arbeit Rosenheim;BY;47.8552;12.1139
83019;TM Börsenverlag AG;BY;47.845;12.0833
83022;Rosenheim;;47.855;12.1232
83024;Rosenheim;;47.8748;12.111
83026;Rosenheim;;47.8391;12.1026
83034;Deutsche Post AG Niederlassung BRIEF Rosenheim;BY;47.842;12.0772
83043;Bad Aibling;;47.8638;12.0105
83052;Bruckmühl;;47.8786;11.911
83059;Kolbermoor;;47.8496;12.067
83064;Raubling;;47.7905;12.1109
83071;Stephanskirchen;;47.8539;12.1856
83075;Bad Feilnbach;;47.7733;12.0097
83080;Oberaudorf;;47.6482;12.1724
83083;Riedering;;47.8387;12.2078
83088;Kiefersfelden;;47.6141;12.191
83093;Bad Endorf;;47.909;12.2979
83098;Brannenburg;;47.74;12.0917
83101;Rohrdorf;;47.7971;12.1701
83104;Tuntenhausen;;47.9351;12.0152
83109;Großkarolinenfeld;;47.891;12.081
83112;Frasdorf;;47.8038;12.2851
83115;Neubeuern;;47.7737;12.14
83119;Obing;;48.0005;12.4053
83122;Samerberg;;47.7765;12.1914
83123;Amerang;;47.9914;12.3079
83125;Eggstätt;;47.927;12.3792
83126;Flintsbach;;47.7258;12.1242
83128;Halfing;;47.952;12.2752
83129;Höslwang;;47.9538;12.3291
83131;Nußdorf am Inn;;47.7423;12.1561
83132;Pittenhart;;47.9772;12.39
83134;Prutting;;47.8932;12.2024
83135;Schechen;;47.9291;12.1239
83137;Schonstett;;47.9833;12.25
83139;Söchtenau;;47.9312;12.2296
83209;Prien am Chiemsee;;47.856;12.3462
83224;Grassau;;47.781;12.4536
83228;Taunus BKK Versichertenservice;BY;47.766;12.3244
83229;Aschau im Chiemgau;;47.7769;12.323
83233;Bernau am Chiemsee;;47.8117;12.3757
83236;Übersee;;47.8167;12.4833
83242;Reit im Winkl;;47.6587;12.5281
83246;Unterwössen;;47.7333;12.4667
83250;Marquartstein;;47.7586;12.4622
83253;Rimsting;;47.8808;12.3371
83254;Breitbrunn am Chiemsee;;47.8895;12.4004
83256;Chiemsee;;47.8667;12.4167
83257;Gstadt am Chiemsee;;47.8845;12.4181
83259;Schleching;;47.721;12.3948
83274;Agentur für Arbeit Traunstein;BY;47.8672;12.6229
83276;Stadtverwaltung;BY;47.8692;12.6475
83278;Traunstein;;47.8682;12.6433
83301;Traunreut;;47.9627;12.5923
83308;Trostberg;;48.0175;12.5346
83313;Siegsdorf;;47.8228;12.6428
83317;Teisendorf;;47.8492;12.8192
83324;Ruhpolding;;47.7667;12.65
83329;Waging am See;;47.9341;12.7339
83334;Inzell;;47.763;12.7515
83339;Chieming;;47.8926;12.5401
83342;Tacherting;;48.0783;12.5701
83344;Bergen;;47.804;12.583
83346;Bergen;;47.8036;12.5828
83349;Palling;;48.002;12.637
83352;Altenmarkt an der Alz;;48.0026;12.5367
83355;Grabenstätt;;47.8453;12.5433
83358;Seeon-Seebruck;;47.9667;12.4667
83359;Hallabruck;;47.8667;12.7
83361;Kienberg;;48.0348;12.4633
83362;Surberg;;47.8667;12.7
83364;Graben bei Neukirchen am Teisenberg;;47.844;12.7342
83365;Nußdorf;;47.9056;12.5961
83367;Petting;;47.9123;12.8151
83368;Anning bei Sankt Georgen, Chiemgau;;47.9833;12.5667
83370;Seeon-Seebruck;;47.9667;12.4667
83371;Roitham bei Stein an der Traun;;48;12.55
83373;Taching am See;;47.9594;12.7293
83374;Niedling;;47.9427;12.6306
83376;Castrum;;47.9425;12.5049
83377;Vachendorf;;47.8426;12.6061
83379;Wonneberg;;47.9167;12.7167
83394;MVS Mail & Vertriebsservice Ges.m.b.H.;BY;47.8353;12.9781
83395;Freilassing;;47.8409;12.9811
83404;Ainring;;47.8131;12.9405
83410;Laufen;;47.9357;12.9286
83413;Fridolfing;;47.9977;12.8263
83416;Saaldorf-Surheim;;47.875;12.9417
83417;Kirchanschöring;;47.953;12.8343
83435;Bad Reichenhall;;47.7295;12.8782
83451;Piding;;47.7667;12.9167
83454;Anger;;47.8019;12.8581
83457;Bayerisch Gmain;;47.7167;12.9
83458;Schneizlreuth;;47.6833;12.8
83471;Schönau am Königssee;;47.6005;12.987
83483;Bischofswiesen;;47.6312;12.983
83486;Ramsau;;47.6167;12.9
83487;Marktschellenberg;;47.6966;13.0434
83489;Strub;;47.6254;12.9741
83508;MEGGLE GmbH & Co. KG;BY;48.0571;12.1863
83512;Wasserburg am Inn;;48.0525;12.2234
83527;Haag in Oberbayern;;48.162;12.1794
83530;Schnaitsee;;48.0667;12.3667
83533;Edling;;48.0561;12.1647
83536;Gars am Inn;;48.15;12.2833
83539;Albaching;;48.1167;12.1167
83543;Rott am Inn;;47.9819;12.1281
83544;Albaching;;48.107;12.1119
83546;Biburg, Gemeinde Gars am Inn;;48.1792;12.3041
83547;Babensham;;48.0833;12.2667
83549;Eiselfing;;48.0411;12.2427
83550;Emmering;;47.9976;12.0564
83552;Durrhausen;;48.0284;12.3103
83553;Frauenneuharting;;48.0316;12.056
83555;Haiden bei Gars Bahnhof;;48.15;12.2833
83556;Griesstätt;;47.994;12.1773
83558;Maitenbeth;;48.1505;12.0934
83559;Reiser, Gemeinde Gars am Inn;;48.1532;12.3173
83561;Ramerberg;;48.0181;12.1451
83562;Rechtmehring;;48.1167;12.1667
83564;Soyen;;48.1081;12.2101
83565;Ast, Gemeinde Frauenneuharting;;48.0163;12.0163
83567;Unterreit;;48.1167;12.3333
83569;Vogtareuth;;47.9469;12.1813
83607;Holzkirchen;;47.8766;11.7018
83620;Feldkirchen-Westerham;;47.9075;11.8427
83623;Dietramszell;;47.8487;11.5953
83624;Otterfing;;47.909;11.6755
83626;Valley;;47.8931;11.7791
83627;Warngau;;47.8322;11.7217
83629;Weyarn;;47.8584;11.7992
83646;Wackersberg;;47.7333;11.55
83661;Lenggries;;47.6833;11.5667
83666;Waakirchen;;47.7725;11.6731
83670;Bad Heilbrunn;;47.7467;11.4593
83671;Benediktbeuern;;47.7062;11.4152
83673;Bichl;;47.7201;11.4123
83674;Gaißach;;47.75;11.5833
83676;Jachenau;;47.6057;11.4338
83677;Greiling;;47.7667;11.6167
83679;Sachsenkam;;47.8054;11.644
83684;Tegernsee;;47.7123;11.7582
83700;Rottach-Egern;;47.6897;11.7706
83703;Gmund am Tegernsee;;47.7512;11.7381
83707;Bad Wiessee;;47.7167;11.7167
83708;Kreuth;;47.6408;11.7449
83714;Miesbach;;47.789;11.8338
83727;Schliersee;;47.7362;11.8594
83730;Fischbachau;;47.7195;11.9508
83734;Hausham;;47.7466;11.8407
83735;Bayrischzell;;47.6744;12.0145
83737;Irschenberg;;47.8333;11.9167
83739;Hofreuth bei Wörnsmühl;;47.8333;11.9167
84018;Agentur für Arbeit Landshut;BY;48.5435;12.1436
84022;Deutsche Post AG Direkt Marketing Center;BY;48.5471;12.136
84023;Regierung von Niederbayern;BY;48.5378;12.1557
84024;Deutsche Rentenversicherung Bayern Süd Landshut;BY;48.5385;12.1572
84026;Staatsoberkasse Landshut;BY;48.5396;12.1574
84028;Landshut;;48.5359;12.1523
84030;Ergolding;;48.5765;12.171
84032;Altdorf;;48.5559;12.11
84034;Landshut;;48.5359;12.1325
84036;Kumhausen;;48.5094;12.1564
84048;Mainburg;;48.6418;11.7809
84051;Essenbach;;48.6133;12.2183
84056;Rottenburg an der Laaber;;48.7023;12.0272
84061;Ergoldsbach;;48.6926;12.2044
84066;Mallersdorf-Pfaffenberg;;48.7664;12.231
84069;Schierling;;48.8342;12.1395
84072;Au in der Hallertau;;48.5584;11.7414
84076;Pfeffenhausen;;48.6647;11.9659
84079;Bruckberg;;48.5224;11.9945
84082;Laberweinting;;48.8;12.3167
84085;Langquaid;;48.8232;12.0513
84088;Neufahrn in Niederbayern;;48.7352;12.1929
84089;Aiglsbach;;48.6921;11.7083
84091;Attenhofen;;48.6507;11.8485
84092;Bayerbach;;48.7045;12.2975
84094;Elsendorf;;48.7076;11.8098
84095;Furth;;48.591;12.0206
84097;Herrngiersdorf;;48.7886;12.072
84098;Hohenthann;;48.6576;12.0307
84100;Niederaichbach;;48.6;12.3167
84101;Obersüßbach;;48.6167;11.95
84103;Postau;;48.65;12.3333
84104;Rudelzhausen;;48.6;11.7667
84106;Volkenschwand;;48.6;11.8833
84107;Weihmichl;;48.6;12.05
84109;Wörth an der Isar;;48.623;12.3394
84130;Dingolfing;;48.6424;12.4928
84137;Vilsbiburg;;48.453;12.356
84140;Gangkofen;;48.437;12.5642
84144;Geisenhausen;;48.4761;12.2582
84149;Velden;;48.3663;12.256
84152;Mengkofen;;48.7189;12.4405
84155;Bodenkirchen;;48.3833;12.3833
84160;Frontenhausen;;48.5463;12.5312
84162;mhplus;BY;48.5531;12.5537
84163;Marklkofen;;48.55;12.5667
84164;Moosthenning;;48.6766;12.4974
84166;Adlkofen;;48.55;12.2667
84168;Aham;;48.5265;12.4606
84169;Altfraunhofen;;48.45;12.1667
84171;Baierbach;;48.4167;12.2
84172;Buch am Erlbach;;48.4478;12.0357
84174;Eching;;48.5;12.0667
84175;Schalkham;;48.4833;12.4167
84177;Gottfrieding;;48.6374;12.5356
84178;Kröning;;48.5333;12.3667
84180;Loiching;;48.6167;12.4333
84181;Neufraunhofen;;48.4;12.2167
84183;Niederviehbach;;48.6167;12.3833
84184;Tiefenbach;;48.5;12.1
84186;Vilsheim;;48.4488;12.1069
84187;Weng;;48.6587;12.3693
84189;Wurmsham;;48.35;12.3333
84307;Eggenfelden;;48.4051;12.7575
84323;Massing;;48.3912;12.6095
84326;Falkenberg;;48.4615;12.7305
84329;Wurmannsquick;;48.3533;12.786
84332;Hebertsfelden;;48.406;12.8226
84333;Malgersdorf;;48.5333;12.75
84335;Mitterskirchen;;48.35;12.7333
84337;Schönau;;48.4833;12.85
84339;Unterdietfurt;;48.3833;12.6667
84347;Pfarrkirchen;;48.432;12.9381
84359;Simbach am Inn;;48.2655;13.0231
84364;Bad Birnbach;;48.4449;13.091
84367;Tann;;48.3146;12.893
84371;Triftern;;48.3947;13.0063
84375;Kirchdorf am Inn;;48.2475;12.9845
84378;Dietersburg;;48.4925;12.925
84381;Johanniskirchen;;48.5333;12.95
84384;Wittibreut;;48.3292;12.987
84385;Egglham;;48.529;13.054
84387;Julbach;;48.2543;12.9579
84389;Postmünster;;48.4167;12.9
84405;Dorfen;;48.2704;12.1606
84416;Taufkirchen (Vils);;48.3374;12.1974
84419;Obertaufkirchen;;48.2605;12.279
84424;Isen;;48.212;12.0567
84427;Sankt Wolfgang;;48.2167;12.1333
84428;Buchbach;;48.3123;12.2734
84431;Heldenstein;;48.25;12.3667
84432;Hohenpolding;;48.3833;12.1333
84434;Kirchberg;;48.4;12.05
84435;Lengdorf;;48.2574;12.0497
84437;Reichertsheim;;48.2;12.2833
84439;Steinkirchen;;48.3833;12.0833
84453;Mühldorf am Inn;;48.2503;12.5215
84478;Waldkraiburg;;48.2085;12.3989
84489;Burghausen;;48.1693;12.8314
84494;Niederbergkirchen;;48.3167;12.5
84503;Altötting;;48.2253;12.6766
84508;Burgkirchen an der Alz;;48.1675;12.7325
84513;Töging am Inn;;48.2602;12.5846
84518;Garching an der Alz;;48.1345;12.5815
84524;Neuötting;;48.241;12.69
84529;Tittmoning;;48.0616;12.7676
84533;Haiming;;48.2167;12.9
84539;Zangberg;;48.2748;12.4231
84543;Winhöring;;48.2667;12.65
84544;Aschau am Inn;;48.1985;12.35
84546;Egglkofen;;48.4;12.45
84547;Emmerting;;48.2;12.7667
84549;Engelsberg;;48.1163;12.5427
84550;Feichten an der Alz;;48.0833;12.6
84552;Geratskirchen;;48.3386;12.6623
84553;Halsbach, Kreis Altötting;;48.1333;12.6833
84555;Jettenbach;;48.1667;12.3833
84556;Kastl;;48.2;12.7
84558;Halsbach;;48.1333;12.6833
84559;Kraiburg am Inn;;48.1819;12.4307
84561;Mehring;;48.1833;12.7833
84562;Mettenheim;;48.2667;12.4667
84564;Oberbergkirchen;;48.3;12.3833
84565;Oberneukirchen;;48.1833;12.5167
84567;Perach;;48.2667;12.7667
84568;Pleiskirchen;;48.3071;12.5983
84570;Polling;;48.2167;12.5667
84571;Reischach;;48.2907;12.7262
84573;Schönberg;;48.3333;12.4333
84574;Taufkirchen;;48.15;12.45
84576;Teising;;48.2272;12.6114
84577;Tüßling;;48.2122;12.5995
84579;Unterneukirchen;;48.1667;12.6167
85037;Agentur für Arbeit Ingolstadt;BY;48.7686;11.4309
85046;Finanzamt München / Abr. III BASt Ingolstadt;BY;48.7668;11.4311
85047;Stadt Ingolstadt;BY;48.763;11.4256
85049;Ingolstadt;;48.7667;11.4147
85051;Ingolstadt;;48.7212;11.4096
85053;Ingolstadt;;48.7515;11.4588
85055;Ingolstadt;;48.776;11.4459
85057;Ingolstadt;;48.775;11.3914
85071;Universitätsbibliothek;BY;48.8865;11.1916
85072;Eichstätt;;48.8885;11.1968
85077;Manching;;48.7166;11.4939
85080;Gaimersheim;;48.8071;11.368
85084;Reichertshofen;;48.6577;11.4661
85088;Vohburg an der Donau;;48.7698;11.6185
85092;Kösching;;48.814;11.5049
85095;Denkendorf;;48.9284;11.457
85098;Großmehring;;48.7667;11.5333
85101;Lenting;;48.8103;11.4587
85104;Pförring;;48.8082;11.6901
85107;Baar-Ebenhausen;;48.6707;11.4698
85110;Kipfenberg;;48.9526;11.3975
85111;Adelschlag;;48.8403;11.2191
85113;Böhmfeld;;48.8608;11.3679
85114;Buxheim;;48.8069;11.2921
85116;Egweil;;48.7833;11.2333
85117;Eitensheim;;48.8167;11.3167
85119;Ernsgaden;;48.7333;11.5833
85120;Hepberg;;48.8225;11.4617
85122;Hitzhofen;;48.85;11.3167
85123;Karlskron;;48.6833;11.4167
85125;Kinding;;49.0016;11.3831
85126;Münchsmünster;;48.7667;11.6833
85128;Nassenfels;;48.7995;11.2259
85129;Oberdolling;;48.8294;11.5933
85131;Pollenfeld;;48.95;11.2
85132;Schernfeld;;48.9;11.1
85134;Stammham;;48.8558;11.4554
85135;Titting;;48.9968;11.2115
85137;Walting;;48.9167;11.3
85139;Wettstetten;;48.8225;11.4143
85217;BKK ProVita;BY;48.238;11.35
85219;Sparkasse Dachau;BY;48.2553;11.4399
85221;Dachau;;48.26;11.434
85229;Markt Indersdorf;;48.3606;11.3779
85232;Bergkirchen;;48.2567;11.3649
85235;Pfaffenhofen an der Glonn;;48.2956;11.1634
85238;Petershausen;;48.4097;11.4706
85241;Hebertshausen;;48.2896;11.4653
85244;Röhrmoos;;48.3297;11.4467
85247;Schwabhausen;;48.3032;11.3557
85250;Altomünster;;48.3877;11.2569
85253;Erdweg;;48.3318;11.3034
85254;Sulzemoos;;48.2911;11.2636
85256;Vierkirchen;;48.3667;11.4667
85258;Weichs;;48.3833;11.4167
85259;Wiedenzhausen;;48.2998;11.2391
85273;Hipp GmbH & Co Vertrieb KG;BY;48.5258;11.5082
85276;Pfaffenhofen an der Ilm;;48.5305;11.505
85283;Wolnzach;;48.6038;11.6257
85290;Geisenfeld;;48.6843;11.6123
85293;Reichertshausen;;48.4667;11.5167
85296;Rohrbach;;48.6167;11.5667
85298;Scheyern;;48.5;11.4667
85301;Schweitenkirchen;;48.5033;11.6045
85302;Gerolsbach;;48.4928;11.3615
85304;Ilmmünster;;48.4833;11.5
85305;Jetzendorf;;48.4333;11.4167
85307;Paunzhausen;;48.4749;11.5646
85309;Pörnbach;;48.6167;11.4667
85322;Agentur für Arbeit Freising;BY;48.3993;11.7517
85350;Landratsamt Freising;BY;48.4063;11.7569
85354;Freising;;48.3938;11.7331
85356;Freising;;48.3924;11.7569
85359;Deutsche Post AG Niederlassung BRIEF Freising;BY;48.3555;11.7424
85366;Sparkasse Freising Moosburg;BY;48.4675;11.935
85368;Wang;;48.4955;11.9364
85374;Office Discount;BY;48.3123;11.6495
85375;Neufahrn bei Freising;;48.3159;11.6632
85376;Hetzenhausen;;48.3167;11.6667
85385;Gemeinde Eching;BY;48.2997;11.6204
85386;Eching;;48.3;11.6167
85391;Allershausen;;48.4333;11.6
85395;Attenkirchen;;48.5053;11.7601
85399;Hallbergmoos;;48.3275;11.7514
85402;Kranzberg;;48.4061;11.6125
85405;Nandlstadt;;48.5364;11.8073
85406;Zolling;;48.45;11.7667
85408;Gammelsdorf;;48.55;11.95
85410;Haag an der Amper;;48.4584;11.828
85411;Hohenkammer;;48.4241;11.5252
85413;Hörgertshausen;;48.55;11.8667
85414;Kirchdorf an der Amper;;48.4667;11.65
85416;Langenbach;;48.4333;11.85
85417;Marzling;;48.409;11.7938
85419;Mauern;;48.5167;11.9
85435;Erding;;48.306;11.9069
85445;Oberding;;48.3167;11.85
85447;Fraunberg;;48.3667;12
85452;Moosinning;;48.2771;11.8445
85456;Wartenberg;;48.406;11.9886
85457;Wörth;;48.2453;11.9021
85459;Berglern;;48.3841;11.9301
85461;Bockhorn;;48.3147;11.9869
85462;Eitting;;48.3596;11.8911
85464;Finsing;;48.2162;11.8241
85465;Langenpreising;;48.4257;11.9722
85467;Neuching;;48.2333;11.85
85469;Walpertskirchen;;48.2584;11.9753
85521;Ottobrunn;;48.0649;11.6633
85540;Haar;;48.1088;11.7265
85551;Kirchheim bei München;;48.1766;11.7556
85560;Ebersberg;;48.0771;11.9706
85567;Grafing bei München;;48.046;11.968
85570;Ottenhofen;;48.2167;11.8833
85577;Universität der Bundeswehr München;BY;48.0803;11.6382
85579;Neubiberg;;48.0771;11.6581
85586;Poing;;48.17;11.8186
85591;Vaterstetten;;48.1054;11.7682
85598;Baldham;;48.1148;11.7959
85599;Parsdorf;;48.1422;11.788
85604;Zorneding;;48.0843;11.8245
85608;Allianz Global Assistance International S.A. Deutschland;BY;48.1459;11.6815
85609;Aschheim;;48.1711;11.7167
85614;Kirchseeon;;48.0714;11.8888
85617;Aßling;;47.993;12.0064
85622;Feldkirchen;;48.1481;11.731
85625;Glonn;;47.9875;11.8672
85630;Grasbrunn;;48.0791;11.7436
85635;Höhenkirchen-Siegertsbrunn;;48.0193;11.7191
85639;W.L. Gore & Associates GmbH;BY;48.0751;11.723
85640;Putzbrunn;;48.0758;11.7157
85643;Steinhöring;;48.0868;12.0314
85646;Anzing;;48.1517;11.8533
85649;Brunnthal;;48.0065;11.684
85652;Pliening;;48.1956;11.8007
85653;Aying;;47.9701;11.7775
85655;Loibersdorf bei Großhelfendorf;;47.9602;11.8366
85656;Buch am Buchrain;;48.2151;11.9951
85658;Egmating;;48.0041;11.7953
85659;Forstern;;48.1834;11.9772
85661;Forstinning;;48.1687;11.9124
85662;Hohenbrunn;;48.0478;11.7022
85664;Hohenlinden;;48.1561;11.9946
85665;Moosach;;48.0321;11.8751
85667;Oberpframmern;;48.022;11.8133
85669;Pastetten;;48.1991;11.9437
85711;Danfoss Bauer GmbH;BY;48.2878;11.5842
85716;Unterschleißheim;;48.2804;11.5768
85736;IMV Vertrieb Internationaler Medien GmbH;BY;48.2318;11.6785
85737;Ismaning;;48.2333;11.6833
85746;Swiss Life AG Niederlassung für Deutschland;BY;48.2501;11.6289
85747;Distribution Service Emil Dohmen GmbH;BY;48.2556;11.6095
85748;Garching bei München;;48.249;11.651
85757;Karlsfeld;;48.2167;11.4667
85761;Helmholtz Zentrum München;BY;48.2212;11.589
85762;Landesuntersuchungsamt für das Gesundheitswesen Südbayern;BY;48.2492;11.5482
85764;Oberschleißheim;;48.25;11.5667
85769;Allianz Versicherungs-AG Dienstleistungsgebiet Südost;BY;48.1877;11.6462
85770;AllSecur Deutschland AG;BY;48.1877;11.6462
85773;ProSieben Media AG;BY;48.1909;11.6487
85774;Unterföhring;;48.1925;11.6429
85777;Fahrenzhausen;;48.3532;11.5552
85778;Haimhausen;;48.3155;11.5545
85821;Techniker Krankenkasse;BY;48.3321;11.741
86121;HUK-Coburg;BY;48.3648;10.8903
86130;Dialog Lebensversicherungs AG;BY;48.3636;10.8883
86131;Weltbild GmbH & Co. KG;BY;48.3472;10.884
86132;Berufsgenossenschaft Energie Textil Elektro Medienerzeugnisse;BY;48.3727;10.9091
86133;Presse-Druck- und Verlags-GmbH;BY;48.3957;10.9197
86134;AOK Bayern - Die Gesundheitskasse Direktion Augsburg;BY;48.368;10.8901
86135;BÖWE Textile Cleaning GmbH;BW;48.7084;8.1235
86136;DaimlerChrysler Aerospace AG;BY;48.3219;10.9099
86140;Haus St. Ulrich Tagungs- u.Seelsorge- zentrum der Diözese Augsburg KdöR;BY;48.3611;10.8998
86141;Diözese Augsburg K.d.ö.R;BY;48.3736;10.8964
86142;Amtsgericht Augsburg;BY;48.3688;10.8921
86143;Stadt Augsburg;BY;48.3683;10.8981
86144;Finanzamt Augsburg-Land;BY;48.3685;10.8848
86145;Regierung von Schwaben;BY;48.3722;10.8943
86147;Landesamt für Finanzen-Dienstst.Augsburg Bezügestelle Besoldung / Arbeitnehmer;BY;48.3722;10.8943
86150;Augsburg;;48.3673;10.8921
86152;Augsburg;;48.3718;10.8925
86153;Augsburg;;48.3664;10.9034
86154;Augsburg;;48.3932;10.8814
86156;Augsburg;;48.3815;10.8548
86157;Augsburg;;48.3643;10.8761
86159;Augsburg;;48.3509;10.895
86161;Augsburg;;48.3505;10.9133
86163;Augsburg;;48.3553;10.9431
86165;Augsburg;;48.3822;10.9337
86167;Augsburg;;48.3877;10.9161
86169;Augsburg;;48.405;10.9061
86177;Bayerisches Landesamt für Umwelt;BY;48.3267;10.903
86179;Augsburg;;48.3109;10.9001
86197;Staatsanwaltschaft Augsburg;BY;48.3501;10.8788
86199;Augsburg;;48.3291;10.8578
86216;Handwerkskammer für Schwaben;BY;48.3495;10.9172
86218;Agentur für Arbeit Augsburg;BY;48.3771;10.8863
86219;manroland AG;BY;48.3819;10.888
86220;Deutsche Post AG GB Vertrieb GWK Direkt Marketing Center;BY;48.3394;10.8843
86221;Sonepar Deutschland Region Süd GmbH;BY;48.3953;10.8785
86222;UniCredit Bank AG;BY;48.366;10.8915
86223;Deutsche Rentenversicherung Schwaben;BY;48.3872;10.8833
86225;Deutsche Post AG Niederlassung Betrieb Augsburg;BY;48.4116;10.8659
86226;BARMER;BY;48.3599;10.8992
86313;AUTEFA Solutions Germany GmbH;BY;48.3647;10.955
86316;Friedberg;;48.3569;10.9846
86343;Königsbrunn;;48.2751;10.8918
86356;Neusäß;;48.3925;10.8333
86368;Gersthofen;;48.4243;10.8727
86379;BORGERS Süd GmbH;BY;48.2492;10.3567
86381;Krumbach;;48.2418;10.3632
86391;Stadtbergen;;48.3664;10.8464
86397;Trevira GmbH & Co KG;BY;48.2638;10.8193
86399;Bobingen;;48.2709;10.8339
86405;Meitingen;;48.5459;10.8518
86415;Mering;;48.2656;10.9846
86420;Diedorf;;48.3532;10.7821
86424;Dinkelscherben;;48.3483;10.5889
86436;WEKA Verlagsservice GmbH;BY;48.294;10.9637
86438;Kissing;;48.3038;10.9709
86441;Zusmarshausen;;48.4001;10.5992
86444;Affing;;48.4667;10.9833
86447;Todtenweis;;48.5171;10.9286
86450;Altenmünster;;48.465;10.5906
86453;Dasing;;48.3848;11.0467
86456;Gablingen;;48.45;10.8167
86459;Gessertshausen;;48.329;10.7328
86462;Langweid am Lech;;48.4833;10.85
86465;Heretsried;;48.4597;10.736
86469;E. Raiss GmbH & Co. KG;BY;48.2901;10.4561
86470;Thannhausen;;48.2833;10.4692
86473;Ziemetshausen;;48.2924;10.535
86476;Neuburg an der Kammel;;48.3028;10.3613
86477;Adelsried;;48.4246;10.7183
86479;Aichen;;48.229;10.5395
86480;Aletshausen;;48.1986;10.3888
86482;Aystetten;;48.4056;10.7774
86483;Balzhausen;;48.2423;10.4937
86485;Biberbach;;48.5178;10.8114
86486;Bonstetten;;48.44;10.7053
86488;Breitenthal;;48.2378;10.2995
86489;Deisenhausen;;48.2555;10.327
86491;Ebershausen;;48.2055;10.3156
86492;Egling an der Paar;;48.1833;10.9833
86494;Emersacker;;48.4897;10.6738
86495;Eurasburg;;48.3333;11.0833
86497;Horgau;;48.3951;10.6828
86498;Kettershausen;;48.1833;10.2667
86500;Kutzenhausen;;48.342;10.6946
86502;Laugna;;48.5333;10.7
86504;Merching;;48.2459;10.9853
86505;Münsterhausen;;48.3097;10.455
86507;Kleinaitingen;;48.2185;10.8692
86508;Rehling;;48.4833;10.9333
86510;Ried;;48.2901;11.0438
86511;Schmiechen;;48.2167;10.9667
86513;Ursberg;;48.2643;10.4459
86514;Ustersbach;;48.3167;10.65
86517;Wehringen;;48.25;10.8
86519;Wiesenbach;;48.2667;10.3333
86529;Schrobenhausen;;48.5607;11.2607
86551;Aichach;;48.4576;11.1341
86554;Pöttmes;;48.5838;11.0876
86556;Kühbach;;48.491;11.1869
86558;Hohenwart;;48.5935;11.3827
86559;Adelzhausen;;48.3567;11.1385
86561;Aresing;;48.5333;11.3
86562;Berg im Gau;;48.6333;11.25
86564;Brunnen;;48.629;11.3092
86565;Gachenbach;;48.5;11.2333
86567;Hilgertshausen-Tandern;;48.4296;11.3543
86568;Hollenbach;;48.4833;11.0667
86570;Inchenhofen;;48.5129;11.1146
86571;Langenmosen;;48.6066;11.2138
86573;Obergriesbach;;48.423;11.0685
86574;Petersdorf;;48.5167;11.0333
86576;Schiltberg;;48.4629;11.2488
86577;Sielenbach;;48.4;11.1667
86579;Waidhofen;;48.5768;11.3354
86606;Agentur für Arbeit Donauwörth;BY;48.7153;10.7887
86607;Raiffeisen - Volksbank Donauwörth eG;BY;48.7168;10.7796
86609;Donauwörth;;48.718;10.7793
86633;Neuburg an der Donau;;48.7322;11.1871
86637;Wertingen;;48.5631;10.6815
86640;Dehner Holding GmbH & Co. KG;BY;48.6904;10.9139
86641;Rain;;48.6903;10.9161
86643;Rennertshofen;;48.7594;11.0454
86646;Erwin Müller;BY;48.6053;10.7277
86647;Buttenwiesen;;48.6;10.7167
86650;Wemding;;48.8746;10.7245
86652;Hama GmbH & Co. KG;BY;48.8469;10.8593
86653;Monheim;;48.8439;10.8583
86655;Harburg;;48.7867;10.6893
86657;Bissingen;;48.7169;10.6177
86660;Tapfheim;;48.6732;10.6838
86663;Asbach-Bäumenheim;;48.6833;10.8167
86666;Burgheim;;48.7004;11.016
86668;Karlshuld;;48.6819;11.285
86669;Königsmoos;;48.6667;11.2167
86672;Thierhaupten;;48.5653;10.9086
86673;Bergheim;;48.7606;11.2574
86674;Baar;;48.5833;10.9667
86675;Buchdorf;;48.7833;10.8333
86676;Ehekirchen;;48.6333;11.1
86678;Ehingen;;48.6;10.8
86679;Ellgau;;48.6;10.8667
86681;Fünfstetten;;48.8321;10.7654
86682;Genderkingen;;48.7;10.8833
86684;Holzheim;;48.6112;10.9484
86685;Huisheim;;48.8251;10.7033
86687;Kaisheim;;48.7675;10.7964
86688;Marxheim;;48.7415;10.945
86690;Mertingen;;48.657;10.8056
86692;Münster;;48.6225;10.9017
86694;Niederschönenfeld;;48.7167;10.9333
86695;Allmannshofen;;48.6126;10.8093
86697;Oberhausen;;48.722;11.1115
86698;Oberndorf am Lech;;48.6667;10.8667
86700;Otting;;48.8725;10.8002
86701;Rohrenfels;;48.6865;11.1562
86703;Rögling;;48.85;10.95
86704;Tagmersheim;;48.8167;10.9667
86706;Weichering;;48.7171;11.3214
86707;Westendorf;;48.5721;10.8405
86709;Wolferstadt;;48.9035;10.7813
86720;Nördlingen;;48.8512;10.4887
86732;Oettingen in Bayern;;48.9527;10.6046
86733;Alerheim;;48.85;10.6167
86735;Forheim;;48.7667;10.45
86736;Auhausen;;49.0079;10.6224
86738;Deiningen;;48.8667;10.5667
86739;Ederheim;;48.8083;10.4661
86741;Ehingen am Ries;;48.9642;10.5543
86742;Fremdingen;;48.9724;10.4575
86744;Hainsfarth;;48.9584;10.6249
86745;Hohenaltheim;;48.784;10.5349
86747;Maihingen;;48.9275;10.4987
86748;Marktoffingen;;48.9257;10.4708
86750;Megesheim;;48.9333;10.65
86751;Mönchsdeggingen;;48.776;10.5804
86753;Möttingen;;48.8092;10.5902
86754;Munningen;;48.9167;10.6
86756;Reimlingen;;48.8167;10.5167
86757;Wallerstein;;48.8874;10.4759
86759;Wechingen;;48.8923;10.6133
86807;Buchloe;;48.0372;10.7255
86825;Bad Wörishofen;;48.0067;10.5967
86830;Schwabmünchen;;48.1793;10.7568
86833;Ettringen;;48.1;10.65
86836;Obermeitingen;;48.1468;10.8063
86842;Türkheim;;48.064;10.6416
86845;Großaitingen;;48.2275;10.7795
86850;Fischach;;48.2905;10.6559
86853;Langerringen;;48.1459;10.7589
86854;Amberg;;48.0667;10.6833
86856;Hiltenfingen;;48.1609;10.7175
86857;Hurlach;;48.1184;10.8111
86859;Igling;;48.0667;10.8
86860;Jengen;;47.9993;10.7257
86862;Lamerdingen;;48.092;10.7398
86863;Langenneufnach;;48.2667;10.6
86865;Markt Wald;;48.1368;10.582
86866;Mickhausen;;48.2417;10.6403
86868;Mittelneufnach;;48.1764;10.5975
86869;Oberostendorf;;47.9436;10.7427
86871;Rammingen;;48.0667;10.5833
86872;Scherstetten;;48.1803;10.6401
86874;Tussenhausen;;48.1022;10.5607
86875;Waal;;47.9968;10.7779
86877;Walkertshofen;;48.2261;10.5884
86879;Wiedergeltingen;;48.0395;10.6741
86894;Verlag Moderne Industrie;BY;48.0661;10.8589
86895;Rhenus Medien Logistik GmbH & Co.KG;BY;48.0661;10.8589
86896;Finanzamt Landsberg am Lech;BY;48.0412;10.8651
86899;Landsberg am Lech;;48.0482;10.8828
86911;Dießen am Ammersee;;47.9508;11.1031
86915;Hilti;BY;48.0847;10.8604
86916;Kaufering;;48.0912;10.8791
86919;Utting am Ammersee;;48.0261;11.0861
86920;Denklingen;;47.9167;10.85
86922;Eresing;;48.087;11.0239
86923;Finning;;48.0222;11.011
86925;Fuchstal;;47.9333;10.8167
86926;Greifenberg;;48.0706;11.0835
86928;Hofstetten;;48.0085;10.9711
86929;Penzing;;48.0748;10.9274
86931;Prittriching;;48.2007;10.928
86932;Pürgen;;48.0247;10.9221
86934;Reichling;;47.9228;10.9285
86935;Rott;;47.9047;10.9729
86937;Scheuring;;48.1677;10.8957
86938;Schondorf am Ammersee;;48.053;11.0914
86940;Schwifting;;48.0456;10.9276
86941;Sankt Ottilien;;48.0957;11.0452
86943;Thaining;;47.973;10.9577
86944;Unterdießen;;47.9833;10.8333
86946;Vilgertshofen;;47.95;10.9167
86947;Weil;;48.1172;10.9216
86949;Windach;;48.0667;11.0333
86956;Schongau;;47.8124;10.8966
86971;Peiting;;47.7955;10.9295
86972;Altenstadt;;47.8236;10.8747
86974;Apfeldorf;;47.9;10.9333
86975;Bernbeuren;;47.737;10.7771
86977;Burggen;;47.7769;10.8172
86978;Hohenfurch;;47.85;10.9
86980;Ingenried;;47.8167;10.7833
86981;Kinsau;;47.8833;10.9167
86983;Lechbruck;;47.7016;10.7949
86984;Prem;;47.6833;10.8
86986;Schwabbruck;;47.825;10.8362
86987;Schwabsoien;;47.8333;10.8333
86989;Steingaden;;47.7;10.8667
87428;Agentur für Arbeit Kempten;BY;47.7322;10.3159
87432;Edelweiss GmbH & Co.KG;BY;47.7045;10.3123
87435;Kempten;;47.7184;10.3132
87437;Kempten;;47.7229;10.3288
87439;Kempten;;47.7177;10.2989
87443;Deutsche Post AG Kempten (Allgäu);BY;47.7603;10.3229
87448;Waltenhofen;;47.6732;10.307
87452;Altusried;;47.8041;10.2143
87459;Pfronten;;47.5822;10.5496
87463;Dietmannsried;;47.8079;10.2895
87466;Oy-Mittelberg;;47.6333;10.4333
87471;Durach;;47.6944;10.3445
87474;Buchenberg;;47.6959;10.2393
87477;Sulzberg;;47.6603;10.3499
87480;Weitnau;;47.6417;10.1273
87484;Nesselwang;;47.6234;10.5024
87487;Wiggensbach;;47.7478;10.2299
87488;Betzigau;;47.7333;10.3833
87490;Haldenwang;;47.8;10.35
87491;Jungholz;;47.5741;10.4472
87493;Lauben;;47.7833;10.3
87494;Rückholz;;47.6667;10.55
87496;Untrasried;;47.8333;10.3833
87497;Wertach;;47.603;10.4097
87499;Wildpoldsried;;47.7667;10.4
87509;Immenstadt im Allgäu;;47.56;10.2139
87527;Ofterschwang;;47.5;10.2333
87534;Oberstaufen;;47.5557;10.0224
87538;Obermaiselstein;;47.45;10.2333
87541;Bad Hindelang;;47.5062;10.3723
87544;Blaichach;;47.5421;10.2585
87545;Burgberg im Allgäu;;47.5355;10.2849
87547;Missen-Wilhams;;47.6;10.1167
87549;Rettenberg;;47.5743;10.2917
87561;Oberstdorf;;47.4072;10.2794
87600;Kaufbeuren;;47.8824;10.6219
87616;Marktoberdorf;;47.7796;10.6171
87629;Füssen;;47.5714;10.7017
87634;Obergünzburg;;47.8455;10.4182
87637;Seeg;;47.65;10.6
87640;Biessenhofen;;47.8306;10.6402
87642;Halblech;;47.6316;10.8202
87645;Schwangau;;47.5604;10.7721
87647;Kraftisried;;47.7793;10.4709
87648;Aitrang;;47.8167;10.5333
87650;Baisweil;;47.9444;10.5401
87651;Bidingen;;47.8297;10.7262
87653;Eggenthal;;47.9167;10.5167
87654;Friesenried;;47.8748;10.5346
87656;Germaringen;;47.9232;10.6721
87657;Görisried;;47.7067;10.5101
87659;Hopferau;;47.6167;10.6333
87660;Irsee;;47.9082;10.5718
87662;Kaltental;;47.9;10.75
87663;Lengenwang;;47.7;10.6
87665;Mauerstetten;;47.8936;10.6713
87666;Pforzen;;47.93;10.6136
87668;Rieden;;47.95;10.65
87669;Rieden am Forggensee;;47.6167;10.7167
87671;Ronsberg;;47.8958;10.4157
87672;Roßhaupten;;47.65;10.7167
87674;Ruderatshofen;;47.8167;10.5833
87675;Rettenbach am Auerberg;;47.7739;10.75
87677;Stöttwang;;47.8833;10.7167
87679;Westendorf;;47.9333;10.7167
87697;GEFRO GmbH & Co. KG;BY;48.0035;10.1765
87700;Memmingen;;47.9837;10.1853
87719;Mindelheim;;48.0458;10.4922
87724;Ottobeuren;;47.9413;10.2997
87727;Babenhausen;;48.145;10.2533
87730;Bad Grönenbach;;47.8771;10.2221
87733;Markt Rettenbach;;47.9473;10.3961
87734;Benningen;;47.9667;10.2167
87736;Böhen;;47.8833;10.3
87737;Boos;;48.0752;10.1952
87739;Breitenbrunn;;48.1333;10.4
87740;Buxheim;;48;10.1333
87742;Dirlewang;;48.0019;10.5031
87743;Egg an der Günz;;48.0871;10.2849
87745;Eppishausen;;48.1667;10.5167
87746;Erkheim;;48.0373;10.3357
87748;Fellheim;;48.0728;10.1522
87749;Hawangen;;47.9667;10.2667
87751;Heimertingen;;48.0333;10.15
87752;Holzgünz;;48.025;10.259
87754;Kammlach;;48.05;10.4167
87755;Kirchhaslach;;48.1504;10.3102
87757;Kirchheim in Schwaben;;48.187;10.4661
87758;Kronburg;;47.9043;10.1572
87760;Lachen;;47.9459;10.2394
87761;Lauben;;48.0593;10.2901
87763;Lautrach;;47.8982;10.1178
87764;Legau;;47.8563;10.1298
87766;Memmingerberg;;47.988;10.2229
87767;Niederrieden;;48.0576;10.1832
87769;Oberrieden;;48.0889;10.4261
87770;Oberschönegg;;48.1085;10.2985
87772;Pfaffenhausen;;48.1188;10.455
87773;Pleß;;48.1;10.15
87775;Salgen;;48.1307;10.4789
87776;Sontheim;;48.007;10.3546
87778;Stetten;;48.0238;10.4447
87779;Trunkelsberg;;48;10.2167
87781;Ungerhausen;;48.0057;10.2667
87782;Unteregg;;47.9667;10.4667
87784;Westerheim;;48.0167;10.3
87785;Winterrieden;;48.1212;10.2258
87787;Wolfertschwenden;;47.8935;10.2672
87789;Woringen;;47.9167;10.2
88038;ZF Friedrichshafen AG;BW;47.6607;9.4918
88039;Astrium GmbH Raumfahrt-Infrastruktur;BW;47.671;9.389
88040;Rolls-Royce Solutions GmbH;BW;47.6575;9.472
88041;Finanzamt;BW;47.6587;9.4826
88045;Friedrichshafen;;47.6544;9.4726
88046;Friedrichshafen;;47.6578;9.4852
88048;Friedrichshafen;;47.6727;9.4299
88069;Tettnang;;47.6686;9.5913
88074;Meckenbeuren;;47.7;9.5667
88079;Kressbronn am Bodensee;;47.5976;9.5971
88085;Langenargen;;47.5986;9.5416
88086;Immenstaad am Bodensee;;47.665;9.359
88090;Immenstaad am Bodensee;;47.6653;9.359
88094;Oberteuringen;;47.7241;9.4698
88097;Eriskirch;;47.6248;9.542
88099;Neukirch;;47.6574;9.7033
88129;Köppel Versandhaus für biolog. Produkte;BY;47.5432;9.7277
88131;Bodolz;;47.5667;9.6667
88138;Sigmarszell;;47.5833;9.7667
88142;Wasserburg (Bodensee);;47.5667;9.6333
88145;Hergatz;;47.65;9.8333
88147;Achberg;;47.6333;9.7167
88149;Nonnenhorn;;47.5739;9.6104
88161;Lindenberg im Allgäu;;47.6028;9.8855
88167;Maierhöfen;;47.65;10.05
88171;Weiler-Simmerberg;;47.5826;9.9135
88175;Scheidegg;;47.5814;9.8483
88178;Heimenkirch;;47.6296;9.903
88179;Oberreute;;47.563;9.9445
88209;Berufsakademie;BW;47.7799;9.6135
88212;Ravensburg;;47.7815;9.6183
88213;Ravensburg;;47.7715;9.5575
88214;Ravensburg;;47.7814;9.6118
88225;Deutsche Post AG Niederlassung BRIEF Ravensburg;BW;47.8204;9.637
88226;Deutsche Post AG Direkt Marketing Center;BW;47.7814;9.6053
88237;Diehl AKO Stiftung & Co. KG;BW;47.6954;9.8276
88239;Wangen im Allgäu;;47.6895;9.8325
88248;MVZ Labor Ravensburg GbR;BW;47.789;9.6234
88250;Weingarten;;47.8101;9.6386
88255;Baienfurt;;47.8286;9.6516
88260;Argenbühl;;47.6667;9.9333
88263;Horgenzell;;47.8;9.5
88267;Vogt;;47.7667;9.7667
88271;Wilhelmsdorf;;47.8661;9.4262
88273;Fronreute;;47.8667;9.5833
88276;Berg;;47.8167;9.6
88279;Amtzell;;47.7;9.75
88281;Schlier;;47.77;9.6735
88284;Wolpertswende;;47.8947;9.612
88285;Bodnegg;;47.7101;9.6884
88287;Grünkraut;;47.7442;9.6559
88289;Waldburg;;47.7571;9.7134
88297;Bürgermeisteramt;BW;47.8266;10.0243
88299;Leutkirch im Allgäu;;47.8267;10.0205
88315;Argentalklinik II Fachklinik für konservative Orthopädie u. Rheumatologie;BW;47.6975;10.0373
88316;Isny im Allgäu;;47.6926;10.0386
88317;Aichstetten;;47.893;10.0784
88319;Aitrach;;47.9333;10.0833
88326;Aulendorf;;47.9508;9.6374
88336;Versandhaus Walz GmbH;BW;47.9307;9.759
88339;Bad Waldsee;;47.9203;9.7549
88348;Allmannsweiler;;48.0285;9.5936
88353;Kißlegg;;47.7889;9.8838
88356;Ostrach;;47.95;9.3833
88361;Eichstegen;;47.9333;9.5
88364;Wolfegg;;47.8203;9.7949
88367;Hohentengen;;48.0295;9.3774
88368;Bergatreute;;47.85;9.75
88370;Ebenweiler;;47.9;9.5167
88371;Ebersbach-Musbach;;47.9667;9.5833
88373;Fleischwangen;;47.8833;9.4833
88374;Hoßkirch;;47.95;9.45
88376;Königseggwald;;47.9333;9.4167
88377;Riedhausen;;47.9093;9.4285
88379;Guggenhausen;;47.9;9.45
88396;Landratsamt;BW;48.0956;9.793
88397;Boehringer Ingelheim Pharma GmbH & Co.KG;BW;48.1105;9.7982
88400;Biberach an der Riß;;48.0934;9.7905
88410;Bad Wurzach;;47.908;9.8969
88416;Erlenmoos;;48.0653;9.9757
88422;Moosburg;;48.0833;9.6
88427;Bad Schussenried Dunzenhausen;;48.0186;9.6834
88430;Rot an der Rot;;48.013;10.0303
88433;Schemmerhofen;;48.1702;9.7943
88436;Eberhardzell;;48;9.8167
88437;Maselheim;;48.1333;9.8833
88441;Mittelbiberach;;48.0833;9.75
88444;Ummendorf;;48.0667;9.8333
88447;Warthausen;;48.1286;9.7975
88448;Attenweiler;;48.1333;9.7
88450;Berkheim;;48.0426;10.0823
88451;Dettingen an der Iller;;48.1;10.1167
88453;Erolzheim;;48.09;10.073
88454;Hochdorf;;48.0256;9.7878
88456;Ingoldingen;;48.0255;9.742
88457;Kirchdorf an der Iller;;48.0833;10.1333
88459;Tannheim;;48;10.0833
88471;Laupheim;;48.2279;9.8787
88477;Schwendi;;48.1742;9.9754
88480;Achstetten;;48.2589;9.8975
88481;Balzheim;;48.1833;10.0833
88483;Burgrieden;;48.2333;9.9333
88484;Gutenzell-Hürbel;;48.1167;9.9833
88486;Kirchberg an der Iller;;48.1333;10.0833
88487;Mietingen;;48.1833;9.9
88489;Wain;;48.189;10.0209
88498;Silit-Werke GmbH & Co. KG;BW;48.1469;9.4838
88499;Emeringen;;48.2339;9.5178
88512;Mengen;;48.0495;9.3301
88515;Langenenslingen;;48.1485;9.3776
88518;Herbertingen;;48.0667;9.4333
88521;Ertingen;;48.1;9.4667
88524;Uttenweiler;;48.15;9.6167
88525;Dürmentingen;;48.1167;9.5333
88527;Unlingen;;48.1673;9.5222
88529;Zwiefalten;;48.234;9.4623
88605;Sauldorf;;47.9437;9.1083
88629;Neue Alno GmbH;BW;47.9184;9.2662
88630;Pfullendorf;;47.9261;9.2578
88631;Beuron;;48.05;8.9667
88633;Heiligenberg;;47.8209;9.3128
88634;Herdwangen-Schönach;;47.85;9.2
88636;Illmensee;;47.8623;9.3724
88637;Buchheim;;48.0104;8.986
88639;Wald;;47.9333;9.1667
88660;AOK - Die Gesundheitskasse Bodenseekreis;BW;47.763;9.1686
88662;Überlingen;;47.7698;9.1714
88677;Markdorf;;47.7192;9.3903
88682;Salem;;47.7626;9.2903
88690;Uhldingen-Mühlhofen;;47.7333;9.25
88693;Deggenhausertal;;47.8;9.4
88696;Owingen;;47.8097;9.1717
88697;Bermatingen;;47.7333;9.35
88699;Frickingen;;47.8144;9.2735
88709;Meersburg;;47.6942;9.2711
88718;Daisendorf;;47.7126;9.2678
88719;Stetten;;47.6901;9.2986
89040;Ulm;;48.417;9.964
89065;Agentur für Arbeit Ulm;BW;48.4016;10.003
89068;Müller GmbH u. Co. KG;BW;48.4281;9.9851
89069;Universität Ulm;BW;48.4236;9.954
89070;Allianz Beratungs- und Versicherungs AG;BW;48.4056;9.9881
89073;Ulm;;48.4015;9.9927
89075;Ulm;;48.4171;9.9635
89077;Ulm;;48.3981;9.97
89079;Ulm;;48.3568;9.9601
89081;Ulm;;48.4391;9.9823
89090;Deutsche Post AG Niederlassung BRIEF Ulm;BY;48.3847;10.0377
89129;Nerenstetten;;48.5289;10.0991
89134;Blaustein;;48.4181;9.9106
89143;Blaubeuren;;48.4122;9.7843
89150;Laichingen Suppingen;;48.4591;9.713
89155;Erbach;;48.3284;9.8875
89160;Dornstadt;;48.467;9.9443
89165;Dietenheim;;48.2107;10.0716
89168;Niederstotzingen;;48.5413;10.2351
89171;Illerkirchberg;;48.3167;10.0167
89173;Lonsee;;48.5434;9.92
89174;Altheim (Alb);;48.5833;10.0333
89176;Asselfingen;;48.5296;10.1917
89177;Ballendorf;;48.5542;10.077
89179;Beimerstetten;;48.4833;9.9833
89180;Berghülen;;48.464;9.7611
89182;Bernstadt;;48.4996;10.0258
89183;Holzkirch;;48.5312;9.9952
89185;Hüttisheim;;48.2797;9.9425
89186;Illerrieden;;48.2702;10.0515
89188;Merklingen;;48.5113;9.755
89189;Neenstetten;;48.5468;10.0197
89191;Nellingen Aichen;;48.5288;9.8093
89192;Rammingen;;48.5181;10.172
89194;Schnürpflingen;;48.2728;9.9929
89195;Staig;;48.3;9.9914
89197;Weidenstetten;;48.5525;9.9961
89198;Westerstetten;;48.5192;9.9549
89229;Reinz Dichtungs-GmbH;BY;48.4212;10.0262
89231;Neu-Ulm;;48.4;10.0167
89233;Neu-Ulm;;48.4;10.0167
89250;Senden;;48.3244;10.0444
89257;Illertissen;;48.2234;10.1035
89264;Weißenhorn;;48.305;10.1605
89269;Vöhringen;;48.2784;10.0824
89275;Elchingen;;48.45;10.1
89278;Nersingen;;48.4283;10.1236
89281;Altenstadt;;48.1603;10.1144
89284;Pfaffenhofen an der Roth;;48.3545;10.1618
89287;Bellenberg;;48.2573;10.0909
89290;Buch;;48.2248;10.1805
89291;Holzheim;;48.3833;10.1
89293;Kellmünz;;48.1216;10.1281
89294;Oberroth;;48.1758;10.1891
89296;Osterberg;;48.15;10.1667
89297;Roggenburg;;48.2759;10.2314
89299;Unterroth;;48.1956;10.1711
89312;Günzburg;;48.456;10.277
89331;Burgau;;48.4316;10.4099
89335;Ichenhausen;;48.3712;10.3071
89340;Leipheim;;48.45;10.2228
89343;Jettingen-Scheppach;;48.3896;10.4381
89344;Aislingen;;48.5065;10.4578
89346;Bibertal;;48.4;10.2
89347;Bubesheim;;48.4333;10.25
89349;Burtenbach;;48.3405;10.4528
89350;Dürrlauingen;;48.4667;10.4286
89352;Ellzee;;48.3397;10.3189
89353;Glött;;48.5;10.4833
89355;Gundremmingen;;48.5;10.4
89356;Haldenwang;;48.4376;10.4482
89358;Kammeltal;;48.3833;10.3667
89359;Kötz;;48.4167;10.2833
89361;Landensberg;;48.4344;10.5242
89362;Offingen;;48.4826;10.3625
89364;Rettenbach;;48.4588;10.3524
89365;Röfingen;;48.4244;10.4427
89367;Waldstetten;;48.3481;10.2938
89368;Winterbach;;48.4667;10.4833
89407;Dillingen an der Donau;;48.5815;10.4953
89415;Lauingen (Donau);;48.5654;10.4297
89420;Höchstädt an der Donau;;48.6112;10.5682
89423;Gundelfingen an der Donau;;48.551;10.3689
89426;Wittislingen;;48.6192;10.4172
89428;Syrgenstein;;48.6612;10.31
89429;Bachhagel;;48.6322;10.3205
89431;Bächingen an der Brenz;;48.5463;10.3128
89432;Binswangen;;48.558;10.6425
89434;Blindheim;;48.6314;10.6199
89435;Finningen;;48.6545;10.4986
89437;Haunsheim;;48.5998;10.374
89438;Holzheim;;48.5142;10.5306
89440;Lutzingen;;48.65;10.55
89441;Medlingen;;48.5703;10.3161
89443;Schwenningen;;48.65;10.65
89444;Villenbach;;48.5089;10.6147
89446;Ziertheim;;48.6524;10.3988
89447;Zöschingen;;48.6736;10.3252
89449;Zusamaltheim;;48.531;10.6356
89516;TDK Electronics AG;BW;48.6908;10.1614
89517;SBK-Siemens-Betriebskrankenkasse;BW;48.6743;10.155
89518;Heidenheim an der Brenz;;48.6785;10.1413
89520;Heidenheim an der Brenz;;48.6873;10.1601
89522;Heidenheim an der Brenz;;48.6833;10.15
89537;Giengen an der Brenz;;48.5887;10.2058
89542;Herbrechtingen;;48.6217;10.176
89547;Gerstetten;;48.6225;10.0198
89551;Königsbronn;;48.7432;10.1119
89555;Steinheim am Albuch;;48.6909;10.0638
89558;Böhmenkirch;;48.6833;9.9333
89561;Dischingen;;48.7;10.3667
89564;Nattheim;;48.6996;10.2421
89567;Sontheim an der Brenz;;48.5524;10.291
89568;Hermaringen;;48.5954;10.2607
89582;Sappi Ehingen AG;BW;48.2698;9.7272
89584;Lauterach;;48.2562;9.5803
89597;Hausen am Bussen;;48.2119;9.6251
89601;Schelklingen;;48.3758;9.7327
89604;Allmendingen;;48.3305;9.7242
89605;Altheim;;48.328;9.7704
89607;Emerkingen;;48.2119;9.6565
89608;Griesingen;;48.2667;9.7833
89610;Oberdischingen;;48.3;9.8333
89611;Obermarchtal;;48.2328;9.5724
89613;Grundsheim;;48.1667;9.6667
89614;Öpfingen;;48.2864;9.8026
89616;Rottenacker;;48.2348;9.6896
89617;Untermarchtal;;48.2392;9.6098
89619;Unterstadion;;48.2031;9.6884
90051;Sparda-Bank Nürnberg eG;BY;49.4456;11.0789
90290;Amazon;BY;49.3894;11.1756
90291;Amazon;BY;49.3894;11.1756
90292;Amazon;BY;49.3894;11.1756
90293;Amazon;BY;49.3894;11.1756
90300;Agentur für Arbeit Nürnberg;BY;49.4455;11.0769
90310;TeamBank AG;BY;49.4288;11.1318
90311;Deutsche Post AG Service Team CAS;BY;49.4278;11.0205
90312;HUK - Coburg;BY;49.4478;11.0869
90313;AachenMünchener Versicherung AG;BY;49.4642;11.1186
90316;Familienkasse Bayern-Nord;BY;49.4541;11.0625
90317;BNP Paribas S.A. Niederlassung Deutschland;BY;48.1449;11.485
90318;BNP Paribas S.A. Niederlassung Deutschland;BY;49.4483;11.0918
90319;GfK SE Nürnberg;BY;49.438;11.0698
90321;Sireo Real Estate Asset Management GmbH;BY;49.4589;11.0885
90324;interServ GmbH Interscan Zustellurkunden;BY;49.4542;11.0886
90325;UniCredit Bank GmbH;BY;49.4511;11.0797
90327;Novartis Pharma GmbH;BY;49.4517;11.0603
90328;Wasserwirtschaftsamt Nürnberg;BY;49.445;11.0871
90329;Compass Capitalkontor GmbH;BY;49.2405;11.0773
90330;AOK;BY;49.4468;11.0711
90331;Industrie- und Handelskammer Nürnberg für Mittelfranken;BY;49.4548;11.0766
90332;HBG Terradur;BY;49.4776;11.117
90334;NÜRNBERGER Lebensversicherung AG;BY;49.4546;11.1187
90335;Robert Bosch GmbH Werk 1 Nürnberg;BY;49.4262;11.0516
90336;Zentrum Bayern Familie und Soziales Region Mittelfranken;BY;49.4518;11.0589
90337;NÜRNBERGER Allgemeine Versicherungs-AG;BY;49.4546;11.1187
90338;N-ERGIE Aktiengesellschaft;BY;49.4482;11.063
90339;Finanzamt Nürnberg-Süd;BY;49.4459;11.071
90340;Finanzamt Nürnberg-Nord;BY;49.4624;11.0685
90341;DeTe Card Service GmbH;BY;49.4589;11.0885
90344;Ergo Direkt AG;BY;49.4587;11.0119
90345;Telefonica Germany GmbH & Co. OHG O2;BY;49.4276;11.0219
90346;Nürnberger Krankenversicherung AG;BY;49.4546;11.1187
90347;BSQ Bauspar AG AG;BY;49.4487;11.0635
90351;interServ GmbH Interscan Zustellurkunden;BY;49.4542;11.0886
90352;Deutsche Post AG Belegarchiv Nürnberg;BY;49.4235;11.1403
90353;Deutsche Post NL BRIEF Zentrale Nachbuchungsstelle;BY;49.4229;11.1349
90356;RE-INvent Retail GmbH;BY;49.4691;11.0848
90357;Deutsche Telekom T-Com;BY;49.4589;11.0885
90359;interServ GmbH Interscan Zustellurkunden;BY;49.4542;11.0886
90360;Oberlandesgericht;BY;49.4496;11.0607
90402;Nürnberg;;49.4504;11.0778
90403;Nürnberg;;49.4541;11.0768
90408;Nürnberg;;49.4678;11.0693
90409;Nürnberg;;49.4478;11.0683
90411;Nürnberg;;49.4897;11.1064
90419;Nürnberg;;49.4639;11.0671
90425;Nürnberg;;49.4732;11.0567
90427;Nürnberg;;49.5178;11.0058
90429;Nürnberg;;49.4599;11.0275
90431;Nürnberg;;49.4453;11.0222
90439;Nürnberg;;49.4358;11.0384
90441;Nürnberg;;49.4324;11.0497
90443;Nürnberg;;49.446;11.0782
90449;Nürnberg;;49.4177;11.0297
90451;Nürnberg;;49.4072;11.0352
90453;Nürnberg;;49.3834;11.0416
90455;Nürnberg;;49.4478;11.0683
90457;Moorenbrunn;;49.3984;11.174
90459;Nürnberg;;49.4403;11.0809
90461;Nürnberg;;49.4361;11.0925
90469;Nürnberg;;49.4092;11.092
90471;Nürnberg;;49.417;11.1251
90473;Nürnberg;;49.4044;11.1341
90475;Nürnberg;;49.4075;11.1649
90478;Nürnberg;;49.443;11.0948
90480;Nürnberg;;49.4371;11.1194
90482;Nürnberg;;49.464;11.1491
90489;Nürnberg;;49.4586;11.0974
90491;Nürnberg;;49.4741;11.1296
90499;Deutsche Post AG Niederlassung BRIEF Nürnberg;BY;49.4229;11.1349
90511;geobra Brandstätter Stiftung & Co. KG;BY;49.4301;10.939
90513;Zirndorf;;49.4424;10.9541
90518;Altdorf;;49.3856;11.3573
90522;Oberasbach;;49.4228;10.9577
90530;Wendelstein;;49.3523;11.1507
90537;Feucht;;49.376;11.2143
90542;Eckental;;49.5833;11.25
90546;A. W. Faber-Castell GmbH u. Co.;BY;49.4167;11.0196
90547;Stein bei Nürnberg;;49.406;10.9991
90552;Röthenbach an der Pegnitz;;49.483;11.2412
90556;Cadolzburg;;49.4573;10.8533
90559;Burgthann;;49.352;11.3115
90562;Kalchreuth;;49.5579;11.1335
90571;Schwaig;;49.4695;11.2006
90574;Roßtal;;49.3957;10.8885
90579;Langenzenn;;49.4946;10.7923
90584;Allersberg;;49.2513;11.2366
90587;Veitsbronn;;49.5124;10.888
90592;Schwarzenbruck;;49.3578;11.2433
90596;Schwanstetten;;49.3249;11.1227
90599;Dietenhofen;;49.4;10.6898
90602;Pyrbaum;;49.2962;11.2866
90607;Rückersdorf;;49.4976;11.2475
90610;Winkelhaid;;49.3896;11.2989
90613;Großhabersdorf;;49.4;10.7833
90614;Ammerndorf;;49.4233;10.8501
90616;Neuhof an der Zenn;;49.4569;10.6455
90617;Puschendorf;;49.524;10.8319
90619;Trautskirchen;;49.4581;10.5936
90725;Bayerisches Landesamt für Statistik und Datenverarbeitung;BY;49.4687;11.0027
90742;Agentur für Arbeit Nebenstelle Fürth;BY;49.4649;10.9958
90744;PHOENIX Pharmahandel GmbH & Co. KG x;BW;49.4605;8.4991
90752;Quelle Kundenservice;BY;49.4584;11.0405
90754;Quelle Shop;BY;49.4699;11.0181
90762;Fürth;;49.4706;10.9971
90763;Fürth;;49.5069;10.9565
90765;Fürth;;49.483;11.004
90766;Fürth;;49.4865;10.9608
90768;Fürth;;49.4954;10.9444
91048;ZBI GmbH;BY;49.5938;11.0067
91050;Siemens Healthcare GmbH;BY;49.5944;11.0211
91051;AOK Bayern GSt Erlangen;BY;49.5927;11.0082
91052;Erlangen;;49.5888;11.0098
91054;Erlangen;;49.5988;11.0087
91056;Erlangen;;49.5986;10.9675
91058;Erlangen;;49.55;11.0036
91060;Siemens AG Healthcare Sector;BY;49.5909;11.0121
91072;Tretorn Vertrieb GmbH;BY;49.5705;10.8764
91074;Herzogenaurach;;49.568;10.8856
91077;Hetzles;;49.6333;11.1333
91080;Marloffstein;;49.6179;11.0632
91083;Baiersdorf;;49.6581;11.0359
91085;Weisendorf;;49.6228;10.8253
91086;Aurachtal;;49.5833;10.8333
91088;Bubenreuth;;49.6274;11.0172
91090;Effeltrich;;49.6593;11.0932
91091;Großenseebach;;49.6325;10.8748
91093;Heßdorf;;49.6273;10.91
91094;Langensendelbach;;49.6405;11.071
91096;Möhrendorf;;49.6333;11
91097;Oberreichenbach;;49.5895;10.7689
91099;Poxdorf;;49.6634;11.0708
91124;Drei-S-Werk;BY;49.3206;11.0239
91125;Schorsch & Co. print + mail service GmbH & Co. KG;BY;49.3242;11.0444
91126;Kammerstein;;49.2932;10.9728
91152;Bayka Bayerische Kabelwerke AG;BY;49.2443;11.0928
91154;Roth;;49.2597;11.1457
91161;Hilpoltstein;;49.1905;11.1906
91166;Georgensgmünd;;49.1897;11.0167
91171;Greding;;49.047;11.357
91174;Spalt;;49.1755;10.9245
91177;Thalmässing;;49.0883;11.2215
91180;Heideck;;49.1337;11.1273
91183;Abenberg;;49.2428;10.964
91186;Büchenbach;;49.2678;11.0589
91187;Röttenbach;;49.15;11.0333
91189;Rohr;;49.3411;10.8898
91205;Stadt Lauf a. d. Pegnitz;BY;49.5142;11.2799
91207;Lauf an der Pegnitz;;49.5139;11.2825
91217;Hersbruck;;49.5108;11.4315
91220;Schnaittach;;49.5596;11.3433
91224;Pommelsbrunn;;49.5044;11.511
91227;Leinburg;;49.4517;11.31
91230;Happurg;;49.4937;11.4712
91233;Neunkirchen am Sand;;49.5246;11.3196
91235;Hartenstein;;49.6;11.5167
91236;Alfeld;;49.4333;11.55
91238;Engelthal;;49.4718;11.3994
91239;Henfenfeld;;49.4985;11.3906
91241;Kirchensittenbach;;49.556;11.4223
91242;Ottensoos;;49.5095;11.3416
91244;Reichenschwand;;49.5138;11.3727
91245;Simmelsdorf;;49.5977;11.339
91247;Vorra;;49.5572;11.4942
91249;Weigendorf;;49.4977;11.5687
91257;Pegnitz;;49.7522;11.5419
91275;Auerbach in der Oberpfalz;;49.6938;11.621
91278;Pottenstein;;49.7713;11.4078
91281;Kirchenthumbach;;49.7487;11.7254
91282;Betzenstein;;49.6817;11.4177
91284;Neuhaus an der Pegnitz;;49.628;11.5507
91286;Obertrubach;;49.7;11.35
91287;Plech;;49.6524;11.4693
91289;Schnabelwaid;;49.8122;11.5827
91299;Sparkasse Forchheim;BY;49.7184;11.0665
91301;Forchheim;;49.7175;11.0588
91315;Höchstadt an der Aisch;;49.7062;10.8133
91320;Ebermannstadt;;49.7815;11.1817
91322;Gräfenberg;;49.6443;11.2497
91325;Adelsdorf;;49.7122;10.895
91327;Gößweinstein;;49.769;11.3384
91330;Eggolsheim;;49.7696;11.057
91332;Heiligenstadt;;49.863;11.1719
91334;Hemhofen;;49.6833;10.9333
91336;Heroldsbach;;49.6934;10.9988
91338;Igensdorf;;49.6232;11.2314
91341;Röttenbach;;49.6643;10.9261
91344;Waischenfeld;;49.8465;11.3481
91346;Wiesenttal;;49.8;11.2667
91347;Aufseß;;49.8837;11.2269
91349;Egloffstein;;49.7018;11.2575
91350;Gremsdorf;;49.6951;10.8322
91352;Hallerndorf;;49.7591;10.9795
91353;Hausen;;49.6895;11.0322
91355;Hiltpoltstein;;49.6607;11.3227
91356;Kirchehrenbach;;49.7333;11.15
91358;Kunreuth;;49.6824;11.1433
91359;Leutenbach;;49.7095;11.1722
91361;Pinzberg;;49.6897;11.1021
91362;Pretzfeld;;49.7545;11.1743
91364;Unterleinleiter;;49.823;11.1891
91365;Weilersbach;;49.75;11.1167
91367;Weißenohe;;49.6309;11.2537
91369;Wiesenthau;;49.7133;11.1356
91413;Neustadt an der Aisch;;49.5795;10.6113
91438;Bad Windsheim;;49.5027;10.4154
91443;Scheinfeld;;49.6693;10.4655
91448;Emskirchen;;49.5528;10.7128
91452;Wilhermsdorf;;49.4831;10.7156
91456;Diespeck;;49.6;10.6333
91459;Markt Erlbach;;49.4937;10.6527
91460;Baudenbach;;49.6251;10.536
91462;Dachsbach;;49.6405;10.7065
91463;Dietersheim;;49.5563;10.5407
91465;Ergersheim;;49.5167;10.3333
91466;Gerhardshofen;;49.6312;10.6913
91468;Gutenstetten;;49.6167;10.6333
91469;Hagenbüchach;;49.5333;10.7667
91471;Illesheim;;49.4802;10.3817
91472;Ipsheim;;49.5275;10.4818
91474;Langenfeld;;49.6167;10.5167
91475;Lonnerstadt;;49.6988;10.7671
91477;Markt Bibart;;49.6479;10.4249
91478;Markt Nordheim;;49.5909;10.3556
91480;Markt Taschendorf;;49.7011;10.5556
91481;Münchsteinach;;49.6394;10.595
91483;Oberscheinfeld;;49.7083;10.4342
91484;Sugenheim;;49.6028;10.4356
91486;Uehlfeld;;49.6708;10.7202
91487;Vestenbergsgreuth;;49.6876;10.6516
91489;Wilhelmsdorf;;49.5642;10.7372
91511;Staatsanwaltschaft;BY;49.3004;10.5736
91520;Agentur für Arbeit Ansbach;BY;49.301;10.5652
91522;Ansbach;;49.3048;10.5931
91541;Rothenburg ob der Tauber;;49.3789;10.1871
91550;Dinkelsbühl;;49.0694;10.3199
91555;Feuchtwangen;;49.1629;10.3385
91560;Heilsbronn;;49.3357;10.7874
91564;Neuendettelsau;;49.2833;10.7833
91567;Herrieden;;49.2378;10.5035
91572;Bechhofen;;49.1631;10.5557
91575;Windsbach;;49.2479;10.8265
91578;Leutershausen;;49.2987;10.4119
91580;Petersaurach;;49.3;10.75
91583;Diebach;;49.3091;10.1919
91586;Lichtenau;;49.2775;10.6867
91587;Adelshofen;;49.4333;10.1667
91589;Aurach;;49.25;10.4167
91590;Bruckberg;;49.3599;10.6992
91592;Buch am Wald;;49.3302;10.3348
91593;Burgbernheim;;49.451;10.3239
91595;Burgoberbach;;49.2333;10.5833
91596;Burk;;49.1332;10.4789
91598;Colmberg;;49.3548;10.4116
91599;Dentlein am Forst;;49.1477;10.4231
91601;Dombühl;;49.2535;10.2854
91602;Dürrwangen;;49.1078;10.385
91604;Flachslanden;;49.4407;10.5224
91605;Gallmersgarten;;49.45;10.2667
91607;Gebsattel;;49.35;10.2
91608;Geslau;;49.3664;10.3153
91610;Insingen;;49.3;10.1667
91611;Lehrberg;;49.3457;10.511
91613;Marktbergel;;49.4416;10.3636
91614;Mönchsroth;;49.0185;10.3586
91616;Neusitz;;49.3719;10.2256
91617;Oberdachstetten;;49.4167;10.4333
91619;Obernzenn;;49.4519;10.4667
91620;Ohrenbach;;49.4706;10.2101
91622;Rügland;;49.4;10.5833
91623;Sachsen;;49.29;10.6597
91625;Schnelldorf;;49.1705;10.2321
91626;Schopfloch;;49.1192;10.3077
91628;Steinsfeld;;49.4167;10.2167
91629;Weihenzell;;49.35;10.6167
91631;Wettringen;;49.2579;10.1569
91632;Wieseth;;49.1667;10.4833
91634;Wilburgstetten;;49.0243;10.395
91635;Windelsbach;;49.4;10.3
91637;Wörnitz;;49.2581;10.2418
91639;Wolframs-Eschenbach;;49.2267;10.7277
91709;Kreiskrankenhaus;BY;49.1078;10.7739
91710;Gunzenhausen;;49.1166;10.7597
91717;Wassertrüdingen;;49.0433;10.5991
91719;Heidenheim;;49.0172;10.7435
91720;Absberg;;49.1444;10.881
91722;Arberg;;49.1443;10.6172
91723;Dittenheim;;49.0554;10.792
91725;Ehingen;;49.0868;10.5407
91726;Gerolfingen;;49.0534;10.5115
91728;Gnotzheim;;49.0598;10.7127
91729;Haundorf;;49.176;10.7712
91731;Langfurth;;49.1011;10.4536
91732;Merkendorf;;49.2036;10.7042
91734;Mitteleschenbach;;49.2119;10.7978
91735;Muhr am See;;49.1545;10.7184
91737;Ornbau;;49.1762;10.658
91738;Pfofeld;;49.1059;10.8366
91740;Röckingen;;49.0554;10.5595
91741;Theilenhofen;;49.0822;10.8528
91743;Unterschwaningen;;49.0798;10.6218
91744;Weiltingen;;49.0388;10.4505
91746;Weidenbach;;49.1982;10.6449
91747;Westheim;;49;10.6667
91749;Wittelshofen;;49.0612;10.4812
91757;Treuchtlingen;;48.9547;10.9083
91780;Amtsgericht Weißenburg i. Bay.;BY;49.0307;10.9784
91781;Weißenburg in Bayern;;49.0309;10.9722
91785;Pleinfeld;;49.1047;10.9819
91788;Pappenheim;;48.9338;10.9743
91790;Nennslingen;;49.0471;11.1305
91792;Ellingen;;49.0608;10.9678
91793;Alesheim;;49.0465;10.865
91795;Dollnstein;;48.8683;11.0734
91796;Ettenstatt;;49.0775;11.0554
91798;Höttingen;;49.0626;11.0053
91799;Langenaltheim;;48.8932;10.9311
91801;Markt Berolzheim;;49.0096;10.8447
91802;Meinheim;;49.0333;10.8167
91804;Mörnsheim;;48.8701;11.0076
91805;Polsingen;;48.9207;10.7115
91807;Solnhofen;;48.8958;10.9956
91809;Wellheim;;48.8197;11.0888
92219;Sieh an!;BY;49.4444;11.8546
92224;Amberg;;49.4429;11.8627
92226;Deutsche Post AG Briefzentrum Amberg;BY;49.3948;11.9781
92227;Eurodiscount GmbH Aliva;BY;49.3118;12.1058
92237;Sulzbach-Rosenberg;;49.5013;11.746
92240;Conrad Electronic SE;BY;49.5403;11.9437
92241;Conrad Electronic SE;BY;49.5403;11.9437
92242;Hirschau;;49.544;11.9462
92245;Kümmersbruck;;49.4192;11.8883
92249;Vilseck;;49.6148;11.8026
92253;Schnaittenbach;;49.5469;12.0018
92256;Hahnbach;;49.5339;11.803
92259;Neukirchen bei Sulzbach-Rosenberg;;49.5297;11.6259
92260;Ammerthal;;49.4412;11.7618
92262;Birgland;;49.4167;11.6333
92263;Ebermannsdorf;;49.3938;11.9358
92265;Edelsfeld;;49.5764;11.6959
92266;Ensdorf;;49.3406;11.9359
92268;Etzelwang;;49.5276;11.586
92269;Fensterbach;;49.4;12.05
92271;Freihung;;49.6213;11.9082
92272;Freudenberg;;49.4833;11.9833
92274;Gebenbach;;49.5376;11.872
92275;Hirschbach;;49.55;11.5333
92277;Hohenburg;;49.2951;11.7991
92278;Illschwang;;49.45;11.6833
92280;Kastl;;49.3696;11.6826
92281;Königstein;;49.6085;11.6314
92283;Lauterhofen;;49.3684;11.6029
92284;Poppenricht;;49.4756;11.7978
92286;Rieden;;49.3236;11.9421
92287;Schmidmühlen;;49.269;11.9243
92289;Ursensollen;;49.402;11.755
92318;Neumarkt in der Oberpfalz;;49.2803;11.4628
92331;Lupburg;;49.1551;11.7564
92334;Berching;;49.1069;11.4414
92339;Beilngries;;49.0341;11.4739
92342;Freystadt;;49.2001;11.3303
92345;Dietfurt an der Altmühl;;49.0375;11.5839
92348;Berg bei Neumarkt in der Oberpfalz;;49.3317;11.4403
92353;Postbauer-Heng;;49.3053;11.3572
92355;Velburg;;49.2515;11.6345
92358;Seubersdorf in der Oberpfalz;;49.1571;11.6329
92360;Mühlhausen;;49.1695;11.4466
92361;Berngau;;49.25;11.4
92363;Breitenbrunn;;49.0837;11.6198
92364;Deining;;49.2256;11.5397
92366;Hohenfels;;49.204;11.8484
92367;Pilsach;;49.3214;11.5031
92369;Sengenthal;;49.2333;11.4667
92400;AOK Landesverband Bayern Die Gesundheitskasse Zentrale;BY;48.0903;11.6444
92419;Finanzamt;BY;49.3255;12.1089
92421;Schwandorf;;49.3236;12.0993
92422;Agentur für Arbeit Schwandorf;BY;49.3277;12.1097
92431;Neunburg vorm Wald;;49.3478;12.3862
92436;Bruck in der Oberpfalz;;49.2493;12.3071
92439;Bodenwöhr;;49.2708;12.3015
92442;Wackersdorf;;49.3167;12.1833
92444;Rötz;;49.3432;12.5296
92445;Neukirchen-Balbini;;49.291;12.4364
92447;Schwarzhofen;;49.3775;12.3449
92449;Steinberg;;49.2833;12.1833
92507;Nabburg;;49.4535;12.18
92519;Deutsche Steinzeug Cremer & Breuer AG;BY;49.4046;12.0921
92521;Schwarzenfeld;;49.3877;12.1348
92526;Oberviechtach;;49.4581;12.4167
92530;Conrad Electronic SE;BY;49.5324;12.1358
92533;Wernberg-Köblitz;;49.5393;12.1613
92536;Pfreimd;;49.4911;12.1807
92539;Schönsee;;49.5103;12.5476
92540;Altendorf;;49.4055;12.2815
92542;Dieterskirchen;;49.4167;12.4167
92543;Guteneck;;49.45;12.2833
92545;Niedermurach;;49.45;12.3761
92546;Schmidgaden;;49.4234;12.0925
92548;Schwarzach bei Nabburg;;49.4105;12.2274
92549;Stadlern;;49.5066;12.6124
92551;Stulln;;49.4167;12.1333
92552;Teunz;;49.4833;12.3833
92554;Thanstein;;49.3833;12.4667
92555;Trausnitz;;49.5211;12.2625
92557;Weiding;;49.4833;12.5667
92559;Winklarn;;49.4269;12.4799
92620;Agentur für Arbeit Weiden i. d. OPf.;BY;49.6718;12.1632
92624;Deutsche Post AG NL Philatelie Versandzentrum;BY;49.6806;12.0737
92626;Verkaufsstelle für Sammlermünzen der Bundesrepublik Deutschland;BY;49.6806;12.0737
92627;Deutsche Post AG Sonderstempelstelle Weiden;BY;49.6806;12.0737
92628;Deutsche Post AG NL Philatelie Versandzentrum;BY;49.6806;12.0737
92630;Josef Witt GmbH;BY;49.6768;12.157
92631;Deutsche Post AG NL Philatelie Versandzentrum;BY;49.6806;12.0737
92632;Deutsche Post AG NL Philatelie Versandzentrum;BY;49.6806;12.0737
92633;AOK Bayern Die Gesundheitskasse Direktion Weiden;BY;49.672;12.1563
92637;Weiden;;49.6768;12.1561
92648;Vohenstrauß;;49.6238;12.3381
92655;Grafenwöhr;;49.6989;11.8675
92660;Neustadt an der Waldnaab;;49.7329;12.1777
92665;Kirchendemenreuth;;49.7833;12.1
92670;Windischeschenbach;;49.8011;12.1571
92676;Speinshart;;49.79;11.8195
92681;Erbendorf;;49.8398;12.0459
92685;Floß;;49.724;12.2759
92690;Pressath;;49.7686;11.9397
92693;Eslarn;;49.5835;12.5216
92694;Etzenricht;;49.6333;12.1
92696;Flossenbürg;;49.7333;12.35
92697;Georgenberg;;49.703;12.4208
92699;Bechtsrieth;;49.6449;12.21
92700;Kaltenbrunn, Oberpfalz;;49.65;11.95
92702;Kohlberg;;49.5912;12.0195
92703;Krummennaab;;49.8333;12.1
92705;Leuchtenberg;;49.5974;12.2584
92706;Luhe-Wildenau;;49.5837;12.1492
92708;Mantel;;49.6541;12.0407
92709;Moosbach;;49.5891;12.4104
92711;Parkstein;;49.7292;12.0675
92712;Pirk;;49.6333;12.1667
92714;Pleystein;;49.6491;12.4063
92715;Püchersreuth;;49.75;12.2333
92717;Reuth bei Erbendorf;;49.8438;12.1214
92718;Schirmitz;;49.65;12.1667
92720;Schwarzenbach;;49.7246;11.9976
92721;Störnstein;;49.7323;12.2055
92723;Gleiritsch;;49.4973;12.3152
92724;Trabitz;;49.8;11.9
92726;Waidhaus;;49.6422;12.4952
92727;Waldthurn;;49.6722;12.3292
92729;Weiherhammer;;49.6333;12.0667
93012;Agentur für Arbeit Regensburg;BY;49.0046;12.0984
93013;Familienkasse Bayern-Süd;BY;49.0046;12.0984
93037;UniCredit Bank AG;BY;49.0124;12.107
93038;HUK-Coburg;BY;49.013;12.0937
93039;Regierung der Oberpfalz;BY;49.0164;12.092
93040;Universität;BY;48.9994;12.0937
93041;Landesamt für Finanzen Dienststelle Regensburg Allg. Verw.;BY;49.0129;12.0957
93042;Universitätsbibliothek;BY;48.9994;12.0937
93043;Deutsche Post AG Regionaler GB Süd;BY;49.0188;12.0986
93045;creation L;BY;49.0279;12.1276
93047;Regensburg;;49.0168;12.0954
93049;Regensburg;;49.0153;12.0577
93051;Regensburg;;49.0007;12.0734
93053;Regensburg;;48.9965;12.1202
93055;Regensburg;;49.0143;12.1427
93057;Regensburg;;49.0499;12.1006
93059;Regensburg;;49.0312;12.1022
93065;Zentrum Bayern Familie und Soziales Region Oberpfalz;BY;49.0081;12.1155
93066;Deutsche Telekom AG Kundenniederlassung;BY;48.9985;12.121
93072;Krones AG;BY;48.9841;12.1895
93073;Neutraubling;;48.9874;12.201
93077;Bad Abbach;;48.9375;12.0449
93080;Pentling;;48.9834;12.0587
93083;Obertraubling;;48.9667;12.1667
93086;Wörth an der Donau;;49.0009;12.4054
93087;Alteglofsheim;;48.9167;12.2
93089;Aufhausen;;48.872;12.2821
93090;Bach an der Donau;;49.0217;12.3037
93092;Barbing;;49;12.2
93093;Donaustauf;;49.0326;12.2046
93095;Hagelstadt;;48.9;12.2167
93096;Köfering;;48.9333;12.2
93098;Mintraching;;48.9536;12.2421
93099;Mötzing;;48.8935;12.3736
93101;Pfakofen;;48.8582;12.2274
93102;Pfatter;;48.9631;12.3825
93104;Riekofen;;48.9167;12.35
93105;Tegernheim;;49.0239;12.173
93107;Thalmassing;;48.9117;12.155
93109;Wiesent;;49.0167;12.3833
93128;Regenstauf;;49.1201;12.1303
93133;Burglengenfeld;;49.2038;12.0445
93138;Lappersdorf;;49.0469;12.0913
93142;Maxhütte-Haidhof;;49.1996;12.0923
93149;Nittenau;;49.1942;12.2674
93152;Nittendorf;;49.0246;11.9613
93155;Hemau;;49.0383;11.8522
93158;Teublitz;;49.2229;12.0873
93161;Sinzing;;49;12.0333
93164;Laaber;;49.0672;11.8855
93167;Falkenstein;;49.0975;12.488
93170;Bernhardswald;;49.0912;12.2474
93173;Wenzenbach;;49.0756;12.1995
93176;Beratzhausen;;49.0952;11.8097
93177;Altenthann;;49.1;12.3
93179;Brennberg;;49.0667;12.4
93180;Deuerling;;49.0372;11.9104
93182;Duggendorf;;49.1167;11.9167
93183;Holzheim am Forst;;49.1485;11.9977
93185;Michelsneukirchen;;49.1229;12.5528
93186;Pettendorf;;49.0607;12.0078
93188;Pielenhofen;;49.0723;11.957
93189;Reichenbach;;49.1833;12.35
93191;Rettenbach;;49.0667;12.45
93192;Wald;;49.15;12.35
93194;Walderbach;;49.1833;12.3833
93195;Wolfsegg;;49.1073;11.9781
93197;Zeitlarn;;49.0785;12.1117
93199;Zell;;49.1444;12.4141
93308;EVD Pfiff GmbH;BY;48.9195;11.8936
93309;Kelheim;;48.9173;11.8862
93326;Abensberg;;48.8168;11.8498
93333;Neustadt an der Donau;;48.8071;11.7695
93336;Altmannstein;;48.8992;11.652
93339;Riedenburg;;48.9638;11.6888
93342;Saal an der Donau;;48.9;11.9333
93343;Essing;;48.9347;11.7897
93345;Hausen;;48.8595;12.0063
93346;Ihrlerstein;;48.9333;11.8667
93348;Kirchdorf;;48.771;11.9037
93349;Mindelstetten;;48.85;11.65
93351;Painten;;48.9973;11.8195
93352;Rohr in Niederbayern;;48.7667;11.9667
93354;Biburg;;48.7907;11.8573
93356;Teugn;;48.893;12.0117
93358;Train;;48.7333;11.8333
93359;Wildenberg;;48.7298;11.8985
93411;Landratsamt;BY;49.2253;12.6717
93413;Cham;;49.2257;12.655
93426;Roding;;49.1943;12.5196
93437;Furth im Wald;;49.3095;12.8416
93444;Kötzting;;49.1765;12.8552
93449;Waldmünchen;;49.378;12.7091
93453;Neukirchen beim Heiligen Blut;;49.2587;12.9687
93455;Traitsching;;49.15;12.65
93458;Eschlkam;;49.2988;12.9157
93462;Lam;;49.1967;13.0505
93464;Tiefenbach;;49.4333;12.5833
93466;Chamerau;;49.2;12.75
93468;Miltach;;49.162;12.7684
93470;Lohberg;;49.176;13.1055
93471;Arnbruck;;49.1301;12.9982
93473;Arnschwang;;49.2766;12.8159
93474;Arrach;;49.1915;12.9939
93476;Blaibach;;49.1667;12.8167
93477;Gleißenberg;;49.3167;12.7333
93479;Grafenwiesen;;49.2;12.8833
93480;Hohenwarth;;49.2;12.9333
93482;Pemfling;;49.2667;12.6167
93483;Pösing;;49.2333;12.55
93485;Rimbach;;49.2333;12.8833
93486;Runding;;49.2151;12.7621
93488;Schönthal;;49.35;12.6
93489;Schorndorf;;49.1604;12.5932
93491;Stamsried;;49.2676;12.5305
93492;Treffelstein;;49.4225;12.6157
93494;Waffenbrunn;;49.2667;12.6667
93495;Weiding;;49.2628;12.7631
93497;Willmering;;49.25;12.6667
93499;Zandt;;49.15;12.7333
94028;Agentur für Arbeit Passau;BY;48.5715;13.4594
94030;ZF Friedrichshafen AG Standort Passau;BY;48.602;13.4211
94032;Passau;;48.5732;13.4506
94034;Passau;;48.589;13.3971
94036;Passau;;48.5693;13.4122
94051;Hauzenberg;;48.6496;13.6265
94060;Pocking;;48.4015;13.3132
94065;Waldkirchen;;48.7327;13.6008
94072;Bad Füssing;;48.351;13.312
94078;Freyung;;48.8095;13.5477
94081;Fürstenzell;;48.5216;13.3175
94086;Bad Griesbach im Rottal;;48.4557;13.1939
94089;Neureichenau;;48.7486;13.747
94094;Rotthalmünster;;48.3582;13.2016
94099;Ruhstorf an der Rott;;48.4333;13.3333
94104;Tittling;;48.7262;13.3822
94107;Untergriesbach;;48.5743;13.6672
94110;Wegscheid;;48.6014;13.7873
94113;Tiefenbach;;48.6242;13.4003
94116;Hutthurm;;48.6728;13.4715
94118;Jandelsbrunn;;48.7333;13.7
94121;Salzweg;;48.6167;13.4833
94124;Büchlberg;;48.6711;13.521
94127;Neuburg am Inn;;48.5;13.45
94130;Obernzell;;48.5549;13.6373
94133;Röhrnbach;;48.7386;13.5227
94136;Thyrnau;;48.6167;13.5333
94137;Bayerbach;;48.4102;13.1441
94139;Breitenberg;;48.7044;13.7933
94140;Ering;;48.2992;13.1503
94142;Fürsteneck;;48.7167;13.4667
94143;Grainet;;48.8;13.65
94145;Haidmühle;;48.8257;13.7765
94146;Hinterschmiding;;48.8234;13.6037
94148;Kirchham;;48.3464;13.2672
94149;Kößlarn;;48.3667;13.1167
94151;Mauth;;48.8897;13.5846
94152;Neuhaus am Inn;;48.4609;13.4208
94154;Neukirchen vorm Wald;;48.6833;13.3833
94155;Otterskirchen;;48.6167;13.2167
94157;Perlesreut;;48.7818;13.4384
94158;Philippsreut;;48.8667;13.6833
94160;Ringelai;;48.8134;13.4713
94161;Ruderting;;48.65;13.4167
94163;Saldenburg;;48.7731;13.3559
94164;Sonnen;;48.6833;13.7167
94166;Stubenberg;;48.3167;13.0833
94167;Tettenweis;;48.4428;13.2696
94169;Thurmansbang;;48.7663;13.3155
94209;Regen;;48.9719;13.1282
94227;Lindberg;;49.0368;13.2542
94232;AZH GmbH;BY;49.0804;12.8707
94233;Zentrale Bußgeldstelle im Bayer. Polizeiverwaltungsamt;BY;49.0755;12.8897
94234;Viechtach;;49.08;12.8857
94239;Gotteszell;;48.9667;12.9667
94244;Geiersthal;;49.0457;12.9817
94249;Bodenmais;;49.0667;13.1
94250;Achslach;;48.9717;12.9351
94252;Bayerisch Eisenstein;;49.1167;13.2
94253;Bischofsmais;;48.918;13.0818
94255;Böbrach;;49.0562;13.0347
94256;Drachselsried;;49.1076;13.0118
94258;Frauenau;;48.9889;13.3007
94259;Kirchberg im Wald;;48.9;13.1833
94261;Kirchdorf im Wald;;48.9105;13.2661
94262;Kollnburg;;49.0466;12.8612
94264;Langdorf;;49.015;13.1465
94265;Patersdorf;;49.0167;12.9833
94267;Prackenbach;;49.0954;12.8261
94269;Rinchnach;;48.9496;13.201
94310;MACROTRON AG;BY;48.8889;12.6234
94312;Deutsche Post AG;BY;48.8986;12.6558
94315;Straubing;;48.8813;12.5739
94327;Bogen;;48.9112;12.6896
94330;Salching;;48.8105;12.5704
94333;Geiselhöring;;48.825;12.3965
94336;Windberg;;48.9429;12.7462
94339;Leiblfing;;48.7757;12.5179
94342;Irlbach;;48.8413;12.7514
94344;Wiesenfelden;;49.0407;12.5401
94345;Aholfing;;48.9428;12.4686
94347;Ascha;;49;12.6333
94348;Atting;;48.8941;12.4878
94350;Falkenfels;;49.0042;12.5948
94351;Feldkirchen;;48.8383;12.5278
94353;Haibach;;49.0241;12.7155
94354;Haselbach;;49.0035;12.6918
94356;Kirchroth;;48.95;12.55
94357;Konzell;;49.0724;12.7111
94359;Loitzendorf;;49.0846;12.6559
94360;Mitterfels;;48.9763;12.6785
94362;Neukirchen;;48.9751;12.7555
94363;Oberschneiding;;48.7957;12.642
94365;Parkstetten;;48.9167;12.6
94366;Perasdorf;;48.95;12.8
94368;Perkam;;48.8553;12.4398
94369;Rain;;48.905;12.4687
94371;Rattenberg;;49.0861;12.7491
94372;Rattiszell;;49.0257;12.6592
94374;Schwarzach;;48.9157;12.8114
94375;Stallwang;;49.051;12.655
94377;Steinach;;48.9542;12.6071
94379;Sankt Englmar;;49.003;12.8266
94405;Landau an der Isar;;48.6725;12.6932
94419;Reisbach;;48.5701;12.628
94424;Arnstorf;;48.5584;12.8167
94428;Eichendorf;;48.6327;12.8559
94431;Pilsting;;48.7012;12.651
94436;Simbach;;48.5661;12.7389
94437;Mamming;;48.6517;12.6078
94439;Roßbach;;48.6;12.9333
94447;Plattling;;48.7787;12.8751
94466;Agentur für Arbeit Deggendorf;BY;48.837;12.9594
94469;Deggendorf;;48.8409;12.9607
94474;Vilshofen;;48.6269;13.1922
94481;Grafenau;;48.8577;13.3974
94486;Osterhofen;;48.7;13.0222
94491;Hengersberg;;48.7725;13.0549
94496;Ortenburg;;48.546;13.2225
94501;Aidenbach;;48.5703;13.09
94505;Bernried;;48.9167;12.8833
94508;Schöllnach;;48.7541;13.1778
94513;Schönberg;;48.8397;13.3371
94518;Spiegelau;;48.9152;13.3623
94522;Wallersdorf;;48.7377;12.7474
94526;Metten;;48.8551;12.9155
94527;Aholming;;48.7354;12.91
94529;Aicha vorm Wald;;48.676;13.2954
94530;Auerbach;;48.8035;13.0995
94532;Außernzell;;48.7241;13.2029
94533;Buchhofen;;48.697;12.9246
94535;Eging am See;;48.7139;13.2713
94536;Eppenschlag;;48.8894;13.2999
94538;Fürstenstein;;48.7167;13.3333
94539;Grafling;;48.8949;12.9751
94541;Grattersdorf;;48.8036;13.1537
94542;Haarbach;;48.5;13.15
94544;Hofkirchen;;48.6781;13.1192
94545;Hohenau;;48.8498;13.4882
94547;Iggensbach;;48.7301;13.1423
94548;Innernzell;;48.8515;13.2754
94550;Künzing;;48.6667;13.0833
94551;Hunding;;48.8423;13.1768
94553;Mariaposching;;48.8333;12.8
94554;Moos;;48.7515;12.9611
94556;Neuschönau;;48.8842;13.4758
94557;Niederalteich;;48.7656;13.0241
94559;Niederwinkling;;48.8833;12.8
94560;Offenberg;;48.8619;12.8629
94562;Oberpöring;;48.7018;12.8248
94563;Otzing;;48.7613;12.8088
94565;Erlhof bei Rathsmannsdorf;;48.6771;13.2258
94566;Sankt Oswald-Riedlhütte;;48.9;13.4167
94568;Sankt Oswald-Riedlhütte;;48.9;13.4167
94569;Stephansposching;;48.8167;12.8
94571;Schaufling;;48.85;13.0667
94572;Schöfweg;;48.8388;13.2286
94574;Wallerfing;;48.6842;12.8804
94575;Windorf;;48.6244;13.2219
94577;Winzer;;48.7228;13.0775
94579;Zenting;;48.7913;13.2597
95025;Fondsdepot Bank GmbH;BY;50.3189;11.9074
95027;Agentur für Arbeit Hof;BY;50.3094;11.9099
95028;Hof;;50.3209;11.9172
95030;Hof;;50.3173;11.8961
95032;Hof;;50.2953;11.9103
95098;Rosenthal GmbH;BY;50.1762;12.1363
95100;Selb;;50.1706;12.1305
95111;Rehau;;50.2492;12.0342
95119;Naila;;50.3303;11.7046
95126;Schwarzenbach an der Saale;;50.2228;11.935
95131;Schwarzenbach am Wald;;50.2846;11.6249
95138;Bad Steben;;50.3665;11.6444
95145;Oberkotzau;;50.2624;11.9348
95152;Selbitz;;50.317;11.7502
95158;Kirchenlamitz;;50.1519;11.9483
95163;Weißenstadt;;50.1022;11.8885
95168;Marktleuthen;;50.1301;12.0023
95173;Schönwald;;50.1997;12.085
95176;Konradsreuth;;50.2667;11.85
95179;Geroldsgrün;;50.3333;11.6
95180;Berg;;50.3747;11.7785
95182;Döhlau;;50.2833;11.95
95183;Trogen;;50.3667;11.95
95185;Gattendorf;;50.3221;11.9978
95186;Höchstädt im Fichtelgebirge;;50.1;12.0833
95188;Issigau;;50.3752;11.7207
95189;Köditz;;50.3333;11.85
95191;Leupoldsgrün;;50.3;11.8
95192;Lichtenberg;;50.3833;11.6762
95194;Regnitzlosau;;50.3;12.05
95195;Röslau;;50.0833;11.9833
95197;Schauenstein;;50.2783;11.7417
95199;Thierstein;;50.1064;12.102
95212;Goldner GmbH;BY;50.1887;11.7974
95213;Münchberg;;50.1895;11.7882
95233;Helmbrechts;;50.2356;11.7159
95234;Sparneck;;50.1621;11.8435
95236;Stammbach;;50.1455;11.6913
95237;Weißdorf;;50.1833;11.85
95239;Zell;;50.1333;11.8
95326;Kulmbach;;50.1007;11.4503
95336;Mainleus;;50.0999;11.3766
95339;Wirsberg;;50.1057;11.6052
95346;Stadtsteinach;;50.1643;11.5035
95349;Thurnau;;50.0254;11.3935
95352;Marktleugast;;50.1731;11.6339
95355;Presseck;;50.228;11.5551
95356;Grafengehaig;;50.2031;11.5936
95358;Guttenberg;;50.1552;11.5648
95359;Kasendorf;;50.0367;11.352
95361;Ködnitz;;50.1;11.5333
95362;Kupferberg;;50.1396;11.5776
95364;Ludwigschorgast;;50.1264;11.5597
95365;Rugendorf;;50.2;11.4667
95367;Trebgast;;50.0667;11.55
95369;Untersteinach;;50.1333;11.5167
95440;Bayreuther Festspiele GmbH;BY;49.9599;11.5797
95442;UniCredit Bank AG;BY;49.9451;11.5781
95444;Bayreuth;;49.9461;11.5762
95445;Bayreuth;;49.9431;11.5592
95447;Bayreuth;;49.9481;11.5783
95448;Bayreuth;;49.9474;11.5993
95455;Deutsche Post AG Niederlassung BRIEF Bayreuth;BY;49.9158;11.6078
95460;Bad Berneck im Fichtelgebirge;;50.0456;11.6724
95463;Bindlach;;49.9817;11.6139
95466;Weidenberg;;49.9416;11.7221
95469;Speichersdorf;;49.8713;11.7812
95473;Prebitz;;49.8333;11.6833
95478;Kemnath;;49.8701;11.8908
95482;Gefrees;;50.0954;11.7377
95485;Warmensteinach;;49.9935;11.7787
95488;Eckersdorf;;49.9348;11.4962
95490;Mistelgau;;49.9126;11.4659
95491;Ahorntal;;49.85;11.4333
95493;Bischofsgrün;;50.0512;11.8
95494;Gesees;;49.9;11.5333
95496;Glashütten;;49.8874;11.4487
95497;Goldkronach;;50.0109;11.6875
95499;Harsdorf;;50.0333;11.5667
95500;Heinersreuth;;49.9667;11.5333
95502;Himmelkron;;50.0667;11.6
95503;Hummeltal;;49.9;11.5167
95505;Immenreuth;;49.9;11.8667
95506;Kastl;;49.8333;11.9
95508;Kulmain;;49.9;11.9
95509;Marktschorgast;;50.0947;11.6547
95511;Mistelbach;;49.9126;11.5126
95512;Neudrossenfeld;;50.0167;11.5
95514;Neustadt am Kulm;;49.8167;11.8333
95515;Plankenfels;;49.8833;11.3333
95517;Emtmannsberg;;49.8923;11.6447
95519;Schlammersdorf;;49.8;11.7333
95614;CeramTec GmbH;BY;50.0104;12.0909
95615;Marktredwitz;;50.0044;12.0859
95631;Lapp Insulators GmbH;BY;50.0499;12.0336
95632;Wunsiedel;;50.0392;12.0034
95643;Tirschenreuth;;49.8826;12.3311
95652;Waldsassen;;50.0017;12.3043
95659;Arzberg;;50.0577;12.1868
95666;Mitterteich;;49.9514;12.2421
95671;Bärnau;;49.8108;12.4332
95676;Wiesau;;49.9082;12.1889
95679;Waldershof;;49.9814;12.0629
95680;Bad Alexandersbad;;50.0167;12.0167
95682;Brand;;49.9597;11.9107
95683;Ebnath;;49.95;11.9333
95685;Falkenberg;;49.8584;12.2268
95686;Fichtelberg;;50.0029;11.8542
95688;Friedenfels;;49.8826;12.1012
95689;Fuchsmühl;;49.9226;12.1458
95691;Hohenberg an der Eger;;50.095;12.2201
95692;Konnersreuth;;50.0109;12.2271
95694;Mehlmeisel;;49.9742;11.862
95695;Mähring;;49.9109;12.5245
95697;Nagel;;49.9833;11.9167
95698;Neualbenreuth;;49.9804;12.4437
95700;Neusorg;;49.9333;11.9667
95701;Pechbrunn;;49.9667;12.1667
95703;Plößberg;;49.784;12.31
95704;Pullenreuth;;49.9333;12
95706;Schirnding;;50.0821;12.2274
95707;Thiersheim;;50.0761;12.1265
95709;Tröstau;;50.0167;11.95
96035;AMN Data Solutions GmbH;BE;52.5025;13.407
96039;HappyDigits Service Center;NW;50.7393;7.1024
96044;Walter Günther;BY;49.9211;10.9057
96045;Landratsamt;BY;49.8987;10.8994
96047;Bamberg;;49.8934;10.8911
96049;Bamberg;;49.88;10.8834
96050;Bamberg;;49.8883;10.9185
96052;Bamberg;;49.9083;10.8951
96060;Deutsche Post AG Niederlassung BRIEF Bamberg;BY;49.9189;10.9223
96061;Arcor AG & Co;BY;49.909;10.8718
96063;DB Fernverkehr GmbH c/o GHP;HE;50.1069;8.6399
96076;GEMA Geschäftsstelle Berlin;BE;52.5044;13.346
96077;SPS Deutschland Postfach 100 163;BY;49.9188;10.8951
96103;Hallstadt;;49.929;10.8754
96106;Ebern;;50.0955;10.7983
96110;Scheßlitz;;49.9757;11.033
96114;Hirschaid;;49.8179;10.9892
96117;Memmelsdorf;;49.9301;10.9592
96120;Bischberg;;49.9109;10.8321
96123;Litzendorf;;49.9144;11.0103
96126;Maroldsweisach;;50.1958;10.66
96129;Strullendorf;;49.8443;10.9721
96132;Schlüsselfeld;;49.7562;10.6187
96135;Stegaurach;;49.8654;10.8438
96138;Burgebrach;;49.8283;10.7434
96142;Hollfeld;;49.9379;11.2915
96145;Seßlach;;50.1897;10.842
96146;Altendorf;;49.8;11.0167
96148;Baunach;;49.9859;10.8518
96149;Breitengüßbach;;49.9721;10.8859
96151;Breitbrunn;;50.0167;10.7
96152;Burghaslach;;49.7331;10.6007
96154;Burgwindheim;;49.8273;10.5963
96155;Buttenheim;;49.8036;11.03
96157;Ebrach;;49.8481;10.4967
96158;Frensdorf;;49.8167;10.8667
96160;Geiselwind;;49.7736;10.4706
96161;Gerach;;50.0333;10.8
96163;Gundelsheim;;49.9371;10.9199
96164;Kemmern;;49.9549;10.8778
96166;Kirchlauter;;50.0443;10.7178
96167;Königsfeld;;49.946;11.1652
96169;Lauter;;49.9732;10.7884
96170;Priesendorf;;49.9075;10.7118
96172;Mühlhausen;;49.7544;10.7756
96173;Oberhaid;;49.9325;10.8147
96175;Pettstadt;;49.83;10.9284
96176;Pfarrweisach;;50.15;10.7333
96178;Pommersfelden;;49.7667;10.8167
96179;Rattelsdorf;;50.015;10.8886
96181;Rauhenebrach;;49.8833;10.6167
96182;Reckendorf;;50.0167;10.8333
96184;Rentweinsdorf;;50.0634;10.7992
96185;Schönbrunn;;49.857;10.6902
96187;Stadelhofen;;50.0032;11.1976
96188;Stettfeld;;49.9719;10.7239
96190;Untermerzbach;;50.1275;10.8563
96191;Viereth-Trunstadt;;49.9222;10.7772
96193;Wachenroth;;49.7519;10.7134
96194;Walsdorf;;49.8667;10.7833
96196;Wattendorf;;50.0326;11.1262
96197;Wonsees;;49.9761;11.3005
96199;Zapfendorf;;50.0178;10.9324
96215;Lichtenfels;;50.1457;11.0593
96222;Baur Versand;BY;50.1407;11.2469
96223;Baur Kaufhaus GmbH;BY;50.1407;11.2469
96224;Burgkunstadt;;50.1409;11.252
96231;Bad Staffelstein;;50.102;11.0013
96237;Ebersdorf;;50.329;11.1527
96242;Sonnefeld;;50.2167;11.1333
96247;Michelau in Oberfranken;;50.168;11.1139
96250;Ebensfeld;;50.0664;10.9583
96253;Untersiemau;;50.1942;10.9745
96257;Marktgraitz;;50.1836;11.1944
96260;Weismain;;50.0851;11.2402
96264;Altenkunstadt;;50.125;11.2503
96268;Mitwitz;;50.2511;11.2082
96269;Großheirath;;50.176;10.9505
96271;Grub am Forst;;50.2299;11.0198
96272;Hochstadt am Main;;50.1501;11.1712
96274;Itzgrund;;50.15;10.9
96275;Marktzeuln;;50.1667;11.1669
96277;Schneckenlohe;;50.2118;11.194
96279;Weidhausen bei Coburg;;50.2035;11.1401
96317;Kronach;;50.2396;11.3331
96328;Küps;;50.1912;11.2668
96332;Pressig;;50.3524;11.3097
96337;Ludwigsstadt;;50.486;11.3873
96342;Stockheim;;50.3064;11.2817
96346;Wallenfels;;50.2685;11.4706
96349;Steinwiesen;;50.2944;11.4629
96352;Wilhelmsthal;;50.3111;11.3728
96355;Tettau;;50.4698;11.2589
96358;Reichenbach;;50.4243;11.413
96361;Steinbach am Wald;;50.439;11.3692
96364;Marktrodach;;50.25;11.3833
96365;Nordhalben;;50.3741;11.5099
96367;Tschirn;;50.4;11.45
96369;Weißenbrunn;;50.2;11.35
96435;HUK-Coburg;BY;50.2636;10.9591
96436;Agentur für Arbeit Coburg;BY;50.2666;10.9599
96438;HUK24;BY;50.2831;10.9736
96441;Amtsgericht Coburg Zentrales Mahngericht für Bayern;BY;50.2647;10.9666
96444;HUK-Coburg;BY;50.2636;10.9591
96447;HUK-Coburg;BY;50.2636;10.9591
96448;HUK-Coburg;BY;50.2636;10.9591
96450;Coburg;;50.2594;10.9638
96465;Neustadt bei Coburg;;50.3298;11.1206
96472;Rödental;;50.2952;11.0412
96475;HABA Sales GmbH & Co. KG;BY;50.3379;10.7804
96476;Bad Rodach;;50.3333;10.7833
96479;Weitramsdorf;;50.256;10.8799
96482;Ahorn;;50.2376;10.9542
96484;Meeder;;50.3212;10.907
96486;Lautertal;;50.3333;10.9667
96487;Dörfles-Esbach;;50.2833;11
96489;Niederfüllbach;;50.22;10.9909
96515;Sonneberg;;50.3592;11.1746
96523;Steinach;;50.4313;11.1591
96524;Föritz;;50.3417;11.2318
96528;Bachfeld;;50.4167;10.9833
97024;Agentur für Arbeit Würzburg;BY;49.7823;9.9296
97025;Zentrum Bayern Familie und Soziales (ZBFS);BY;49.7999;9.917
97064;E.ON Facility Management GmbH;BY;49.8007;9.9269
97066;HUK -Coburg;BY;49.7971;9.941
97067;Caritas Verband für die Diözese Würzburg e. V.;BY;49.7919;9.9304
97070;Würzburg;;49.7971;9.9337
97072;Würzburg;;49.7829;9.9366
97074;Würzburg;;49.7802;9.9416
97076;Würzburg;;49.8044;9.977
97078;Würzburg;;49.8118;9.9635
97080;Würzburg;;49.8017;9.9058
97082;Würzburg;;49.7899;9.9206
97084;Würzburg;;49.7685;9.9382
97099;Frankonia Handels GmbH & Co. KG;BY;49.7896;10.0321
97101;Deutsche Post AG Direkt Marketing Center;BY;49.7991;9.9474
97103;Deutsche Post AG Niederlassung BRIEF Würzburg;BY;49.8027;10.0014
97199;Ochsenfurt;;49.6643;10.0623
97204;Höchberg;;49.7845;9.8822
97209;Veitshöchheim;;49.8328;9.8817
97215;Weigenheim;;49.5758;10.2644
97218;Gerbrunn;;49.7753;9.9936
97222;Rimpar;;49.8569;9.9571
97225;Zellingen;;49.8974;9.8175
97227;Edeka Handelsgesellschaft Nordbayern- Sachsen-Thüringen mbH;BY;49.7929;10.0314
97228;Rottendorf;;49.7923;10.0259
97230;Estenfeld;;49.829;10.0059
97232;Giebelstadt;;49.6531;9.9444
97234;Reichenberg;;49.7319;9.9148
97236;Randersacker;;49.7602;9.9828
97237;Altertheim;;49.7167;9.75
97239;Aub;;49.5527;10.0653
97241;Bergtheim;;49.9;10.0667
97243;Bieberehren;;49.5173;10.0091
97244;Bütthard;;49.5991;9.8799
97246;Eibelstadt;;49.7239;9.9996
97247;Eisenheim;;49.8833;10.1667
97249;Eisingen;;49.7597;9.8311
97250;Erlabrunn;;49.8597;9.8442
97252;Frickenhausen am Main;;49.6667;10.0833
97253;Gaukönigshofen;;49.6333;10
97255;Sonderhofen;;49.5931;10.0025
97256;Geroldshausen;;49.6836;9.9022
97258;Oberickelsheim;;49.6;10.1333
97259;Greußenheim;;49.8167;9.7667
97261;Güntersleben;;49.8697;9.905
97262;Hausen bei Würzburg;;49.9333;10.0167
97264;Helmstadt;;49.7618;9.708
97265;Hettstadt;;49.7994;9.815
97267;Himmelstadt;;49.9239;9.8017
97268;Kirchheim;;49.6561;9.8578
97270;Kist;;49.7428;9.8439
97271;Kleinrinderfeld;;49.7003;9.8447
97273;Kürnach;;49.85;10.0333
97274;Leinach;;49.8619;9.8049
97276;Margetshöchheim;;49.8375;9.8639
97277;Neubrunn;;49.7309;9.6716
97279;Prosselsheim;;49.8631;10.1267
97280;Remlingen;;49.8048;9.6948
97282;Retzstadt;;49.9125;9.8819
97283;Riedenheim;;49.5572;9.9781
97285;Röttingen;;49.5097;9.9708
97286;Sommerhausen;;49.7036;10.0261
97288;Theilheim;;49.754;10.0306
97289;Thüngen;;49.9414;9.8586
97291;Thüngersheim;;49.8783;9.8492
97292;Holzkirchen;;49.7814;9.6803
97294;Unterpleichfeld;;49.8689;10.044
97295;Waldbrunn;;49.7586;9.8036
97297;Waldbüttelbrunn;;49.7883;9.8467
97299;Zell am Main;;49.8121;9.8696
97318;Biebelried;;49.7667;10.0833
97320;Großlangheim;;49.7562;10.2406
97332;Volkach;;49.8635;10.2281
97334;Nordheim am Main;;49.85;10.1833
97337;Dettelbach;;49.8029;10.1652
97340;Marktbreit;;49.6654;10.1481
97342;Obernbreit;;49.6586;10.1642
97346;Iphofen;;49.7024;10.2604
97348;Markt Einersheim;;49.6866;10.2916
97350;Mainbernheim;;49.7079;10.219
97353;Wiesentheid;;49.7945;10.3451
97355;Wiesenbronn;;49.75;10.3
97357;Prichsenstadt;;49.8193;10.3477
97359;Schwarzach am Main;;49.7996;10.2298
97412;Schweinfurt;;50.05;10.2333
97418;Agentur für Arbeit Schweinfurt;BY;50.0434;10.2197
97419;Bosch Rexroth AG;BY;50.0292;10.2061
97420;Amtsgericht Schweinfurt;BY;50.0423;10.2276
97421;Schweinfurt;;50.0442;10.2267
97422;Schweinfurt;;50.0545;10.2441
97424;Schweinfurt;;50.0348;10.2064
97437;Haßfurt;;50.0352;10.5156
97440;Werneck;;49.982;10.0988
97447;Frankenwinheim;;49.8873;10.3143
97450;Arnstein;;49.9777;9.9698
97453;Schonungen;;50.0501;10.3081
97456;Dittelbrunn;;50.0721;10.2197
97461;Hofheim in Unterfranken;;50.1368;10.5232
97464;Niederwerrn;;50.0615;10.1827
97469;Gochsheim;;50.0167;10.2833
97475;Zeil am Main;;50.0024;10.6098
97478;Knetzgau;;49.9833;10.55
97483;Eltmann;;49.9715;10.6671
97486;Königsberg in Bayern;;50.0808;10.5676
97488;Stadtlauringen;;50.1871;10.3616
97490;Poppenhausen;;50.1;10.1424
97491;Aidhausen;;50.15;10.4333
97493;Bergrheinfeld;;50.0103;10.1809
97494;Bundorf;;50.2167;10.5167
97496;Burgpreppach;;50.1415;10.6498
97497;Dingolshausen;;49.9071;10.3903
97499;Donnersdorf;;49.9667;10.4167
97500;Ebelsbach;;49.9857;10.6744
97502;Euerbach;;50.062;10.1369
97503;Gädheim;;50.0333;10.35
97505;Geldersheim;;50.0429;10.1561
97506;Grafenrheinfeld;;50;10.2
97508;Grettstadt;;49.9833;10.3167
97509;Kolitzheim;;49.9167;10.2333
97511;Lülsfeld;;49.8681;10.3213
97513;Michelau im Steigerwald;;49.9;10.4333
97514;Oberaurach;;49.9271;10.6333
97516;Oberschwarzach;;49.8605;10.41
97517;Rannungen;;50.1654;10.2048
97519;Riedbach;;50.1;10.4667
97520;Röthlein;;49.9833;10.2167
97522;Sand am Main;;49.9833;10.6
97523;Schwanfeld;;49.9217;10.1387
97525;Schwebheim;;49.9904;10.2478
97526;Sennfeld;;50.039;10.2599
97528;Sulzdorf an der Lederhecke;;50.2408;10.5628
97529;Sulzheim;;49.95;10.3333
97531;Theres;;50.0111;10.4278
97532;Üchtelhausen;;50.0918;10.2686
97534;Waigolshausen;;49.9643;10.12
97535;Wasserlosen;;50.0948;10.0302
97537;Wipfeld;;49.9167;10.1667
97539;Wonfurt;;50.0167;10.4667
97615;Sparkasse Bad Neustadt a. d. Saale;BY;50.3299;10.2195
97616;Salz;;50.3084;10.212
97618;Unsleben;;50.3794;10.2531
97631;Bad Königshofen im Grabfeld;;50.3008;10.4689
97633;Saal an der Saale;;50.3167;10.3577
97638;Mellrichstadt;;50.4285;10.3033
97640;Hendungen;;50.3946;10.352
97645;Ostheim vor der Rhön;;50.46;10.2306
97647;Hausen;;50.5064;10.1266
97650;Fladungen;;50.5205;10.1458
97653;Bischofsheim an der Rhön;;50.4024;10.0075
97654;Bastheim;;50.4008;10.2037
97656;Oberelsbach;;50.4412;10.1169
97657;Sandberg;;50.3482;10.0081
97659;Schönau an der Brend;;50.381;10.1044
97685;Saale-Reha-Klinik der BfA;BY;50.197;10.0818
97688;Bad Kissingen;;50.2023;10.0778
97702;Münnerstadt;;50.2464;10.2019
97705;Burkardroth;;50.2713;9.9916
97708;Bad Bocklet;;50.2665;10.079
97711;Maßbach;;50.1832;10.2752
97714;Oerlenbach;;50.15;10.1333
97717;Euerdorf;;50.1485;10.0233
97720;Nüdlingen;;50.2206;10.123
97723;Oberthulba;;50.199;9.9588
97724;Burglauer;;50.2764;10.1794
97725;Elfershausen;;50.1474;9.9615
97727;Fuchsstadt;;50.1082;9.9337
97729;Ramsthal;;50.1404;10.0678
97737;Gemünden am Main;;50.0495;9.7059
97753;Karlstadt;;49.9603;9.7724
97762;Hammelburg;;50.1163;9.8914
97769;Bad Brückenau;;50.3085;9.7898
97772;Wildflecken;;50.3776;9.9109
97773;Aura im Sinngrund;;50.1782;9.5755
97775;Burgsinn;;50.1497;9.6512
97776;Eußenheim;;49.9859;9.809
97778;Fellen;;50.15;9.5833
97779;Geroda;;50.2806;9.8955
97780;Gössenheim;;50.0167;9.7833
97782;Gräfendorf;;50.1227;9.7405
97783;Karsbach;;50.0409;9.7853
97785;Mittelsinn;;50.1922;9.617
97786;Motten;;50.3956;9.7725
97788;Neuendorf;;50.0333;9.65
97789;Oberleichtersbach;;50.2833;9.8
97791;Obersinn;;50.2088;9.6155
97792;Riedenberg;;50.3199;9.861
97794;Rieneck;;50.0935;9.648
97795;Schondra;;50.2681;9.8628
97797;Wartmannsroth;;50.1667;9.7833
97799;Zeitlofs;;50.2619;9.6724
97813;Bosch Rexroth AG;BY;49.9986;9.575
97814;Bosch Rexroth AG;BY;50.0142;9.5904
97816;Lohr am Main;;49.9892;9.5722
97828;Marktheidenfeld;;49.8454;9.6036
97833;Frammersbach;;50.0647;9.4689
97834;Birkenfeld;;49.8586;9.6956
97836;Bischbrunn;;49.8703;9.4892
97837;Erlenbach bei Marktheidenfeld;;49.8193;9.6273
97839;Esselbach;;49.8553;9.5258
97840;Hafenlohr;;49.8694;9.6022
97842;Karbach;;49.867;9.6381
97843;Neuhütten;;50;9.4167
97845;Neustadt am Main;;49.9302;9.5681
97846;Partenstein;;50.0418;9.5199
97848;Rechtenbach;;49.9831;9.5083
97849;Roden;;49.8956;9.6264
97851;Rothenfels;;49.8914;9.5926
97852;Schollbrunn;;49.835;9.4639
97854;Steinfeld;;49.9528;9.6694
97855;Triefenstein;;49.8006;9.6067
97857;Urspringen;;49.9017;9.6712
97859;Wiesthal;;50.0333;9.4333
97877;Wertheim;;49.759;9.5085
97892;Kreuzwertheim;;49.7682;9.5182
97896;Freudenberg;;49.7535;9.3275
97900;Külsheim;;49.6694;9.5236
97901;Altenbuch;;49.8286;9.4014
97903;Collenberg;;49.7435;9.3203
97904;Dorfprozelten;;49.7806;9.3803
97906;Faulbach;;49.7853;9.4442
97907;Hasloch;;49.7919;9.4936
97909;Stadtprozelten;;49.7847;9.4118
97922;Lauda-Königshofen;;49.5653;9.7082
97941;Tauberbischofsheim;;49.6247;9.6628
97944;Boxberg;;49.4796;9.6401
97947;Grünsfeld;;49.6095;9.7472
97950;Großrinderfeld;;49.6654;9.7336
97953;Königheim;;49.6203;9.5958
97956;Werbach;;49.6708;9.6394
97957;Wittighausen;;49.6192;9.8422
97959;Assamstadt;;49.4281;9.6861
97980;Bad Mergentheim;;49.4925;9.7736
97990;Weikersheim;;49.4787;9.8998
97993;Creglingen;;49.4694;10.0312
97996;Niederstetten;;49.4;9.9194
97999;Igersheim;;49.4944;9.8169
98496;Agentur für Arbeit Thüringen Südwest;TH;50.6113;10.6848
98497;Agentur für Arbeit Thüringen Südwest;TH;50.6113;10.6848
98523;AOK PLUS - Die Gesundheitskasse für Sachsen und Thüringen;TH;50.6367;10.7015
98527;Suhl;;50.608;10.6957
98528;Suhl;;50.6;10.7
98529;Suhl;;50.6;10.7
98530;Dillstädt;;50.5833;10.5333
98544;Zella-Mehlis;;50.6564;10.6605
98547;Christes;;50.6667;10.4833
98553;Ahlstädt;;50.5333;10.6833
98554;Benshausen;;50.65;10.6
98559;Gehlberg;;50.6781;10.7909
98574;Schmalkalden;;50.7214;10.4439
98587;Rotterode;;50.7122;10.5537
98590;Schwallungen;;50.6926;10.3571
98593;Kleinschmalkalden;;50.7833;10.45
98596;Trusetal;;50.7833;10.4167
98597;Breitungen;;50.7636;10.3272
98599;Brotterode;;50.8241;10.4445
98610;Rhön-Rennsteig-Sparkasse Meiningen;TH;50.5753;10.4158
98617;Neubrunn;;50.5;10.4667
98630;Mendhausen;;50.3822;10.4727
98631;Berkach;;50.4369;10.3983
98634;Mehmels;;50.6333;10.3333
98639;Walldorf;;50.6167;10.3833
98646;Hildburghausen;;50.4255;10.7318
98660;Lengfeld;;50.5333;10.65
98663;Ummerstadt;;50.2586;10.8115
98666;Masserberg;;50.5198;10.9709
98667;Schleusegrund;;50.5233;10.8667
98669;Schlechtsart;;50.3285;10.6225
98673;Brünn;;50.4485;10.8563
98678;Sachsenbrunn;;50.4472;10.9495
98693;Ilmenau;;50.6832;10.9186
98701;Altenfeld;;50.5667;10.9667
98704;Langewiesen;;50.6725;10.971
98708;Möhrenbach;;50.6233;10.9957
98711;Schmiedefeld am Rennsteig;;50.6086;10.8128
98714;Stützerbach;;50.6333;10.8667
98716;Elgersburg;;50.706;10.8531
98724;Neuhaus am Rennweg;;50.5101;11.1379
98739;Reichmannsdorf;;50.5496;11.2576
98743;Gräfenthal;;50.5246;11.3068
98744;Cursdorf;;50.5667;11.1333
98746;Goldisthal;;50.5167;11
98749;Siegmundsburg;;50.4708;11.0523
99060;Zalando Logistics SE & Co. KG;TH;50.978;11.1307
99068;Agentur für Arbeit Thüringen Mitte;TH;50.9594;11.0441
99073;OBI Bau- und Heimwerkermärkte GmbH & Co. Franchise Center KG Abt. REWE/ZRP Erfurt;TH;51.0011;10.9996
99075;Deutsche Post, Geschäftsbereich Vertrieb Direkt Marketing Center;TH;50.9779;11.1301
99077;Commerzbank AG Erfurt;TH;50.9793;11.0362
99078;Cellway Kommunikationsdienste;TH;50.9793;11.0362
99079;N.L. Chrestensen Erfurter Samen- und Pflanzenzucht GmbH;TH;50.9778;11.0268
99080;MDR Landesfunkhaus Thüringen Werbung GmbH;TH;50.9625;10.9952
99081;Deutsche Telekom AG Direktion Erfurt;TH;50.9793;11.0362
99084;Erfurt;;50.9746;11.0297
99085;Erfurt;;50.9945;11.0528
99086;Erfurt;;50.994;11.0276
99087;Erfurt;;51.021;11.0353
99089;Erfurt;;50.9968;11.0079
99091;Erfurt;;51.0143;10.9929
99092;Erfurt;;50.973;10.9787
99094;Erfurt;;50.9833;11.0333
99096;Erfurt;;50.9643;11.041
99097;Erfurt;;50.9833;11.0333
99098;Erfurt;;50.9833;11.0333
99099;Erfurt;;50.9751;11.0637
99100;Dachwig;;51.0777;10.8548
99102;Rockhausen;;50.9015;11.0408
99111;Stadtverwaltung Erfurt Abteilung Zentrale Dienste;TH;50.9793;11.0362
99112;HUK-Coburg;TH;50.9793;11.0362
99113;Bundesarbeitsgericht;TH;50.9769;11.0128
99114;Deutsche Post AG Niederlassung BRIEF Erfurt;TH;50.9784;11.1229
99115;Deutsche Post Immobilienentwicklung GmbH;TH;50.9725;10.9609
99116;Vodafone Customer Care GmbH;TH;50.9723;10.9599
99117;Deutsche Rentenversicherung Erfurt;TH;50.9588;11.0517
99130;Marlishausen;;50.8222;11.0172
99189;Witterda;;51.0361;10.8903
99192;Ingersleben;;50.9217;10.9365
99195;Eckstedt;;51.0711;11.1461
99198;Kleinmölsen;;51.0333;11.1167
99310;Bösleben-Wüllersleben;;50.8333;11.0667
99326;Ilmtal;;50.7333;11.0833
99330;Crawinkel;;50.7833;10.7833
99334;Kirchheim;;50.8833;11.0167
99338;Angelroda;;50.75;10.8667
99420;Staatliche Lotterie-Einnahme Harry Neugebauer;TH;50.9794;11.3292
99421;Amtsgericht Weimar;TH;50.9889;11.3247
99423;Weimar;;50.9804;11.3263
99425;Weimar;;50.9833;11.3167
99427;Weimar;;50.9867;11.3156
99428;Niederzimmern;;51.0048;11.1903
99437;Zentralklinik Bad Berka GmbH;TH;50.89;11.2661
99438;Buchfart;;50.921;11.3325
99439;Neumark;;51.0797;11.247
99441;Kiliansroda;;50.9147;11.3716
99444;Blankenhain;;50.8599;11.3439
99448;Nauendorf;;50.8945;11.1811
99510;Liebstedt;;51.05;11.4
99518;Schmiedehausen;;51.0667;11.6667
99610;Sömmerda;;51.1591;11.1152
99625;Schillingstedt;;51.2333;11.2
99628;Hardisleben;;51.1536;11.4241
99631;Herrnschwende;;51.2167;11
99634;Straußfurt;;51.1667;10.9833
99636;Rastenberg;;51.175;11.4203
99638;Kindelbrück;;51.2617;11.09
99706;Sondershausen;;51.3697;10.8701
99707;Badra;;51.4069;10.9743
99713;Freienbessingen;;51.2333;10.7667
99718;Wasserthaleben;;51.25;10.8833
99734;Nordhausen;;51.5018;10.7957
99735;Wolkramshausen;;51.4219;10.7381
99738;Agentur für Arbeit Thüringen Nord;TH;51.4968;10.7892
99752;Kleinbodungen;;51.4667;10.5333
99755;Hohenstein;;51.4889;10.5796
99759;Rehungen;;51.3826;10.5226
99762;Buchholz;;51.5333;10.8667
99765;Görsbach;;51.4622;10.9371
99768;Ilfeld;;51.5757;10.7847
99815;Deutsche Post AG Filialbezirksleitung;TH;50.9743;10.3183
99817;Eisenach;;50.9807;10.3152
99819;Marksuhl;;50.9167;10.2
99820;Behringen;;51.0217;10.5101
99826;Nazza;;51.1147;10.3348
99830;Treffurt;;51.1369;10.2336
99831;Creuzburg;;51.0529;10.2475
99834;Lauchröden;;50.9937;10.1569
99837;Dippach;;50.9196;10.0424
99842;Ruhla;;50.893;10.3657
99846;Seebach;;50.9167;10.4167
99848;Wutha-Farnroda;;50.9533;10.3917
99867;Gotha;;50.9482;10.7019
99869;Friemar;;50.977;10.7885
99878;BSPayone GmbH;TH;50.9175;10.5617
99880;Trügleben;;50.9513;10.6313
99885;Luisenthal;;50.7833;10.7333
99887;Georgenthal;;50.8321;10.6627
99891;Emsetal;;50.8917;10.4583
99893;Citicorp Kartenservice GmbH;TH;50.9175;10.5617
99894;Ernstroda;;50.8648;10.6206
99897;Tambach-Dietharz;;50.7925;10.6157
99947;Bad Langensalza;;51.1077;10.646
99955;Bruchstedt;;51.1833;10.7833
99958;Großvargula;;51.1167;10.7833
99974;Mühlhausen;;51.209;10.4528
99976;Rodeberg;;51.2167;10.3167
99986;Kammerforst;;51.1216;10.4233
99988;Katharinenberg;;51.1814;10.2608
99991;Großengottern;;51.1482;10.5623
99994;Schlotheim;;51.2464;10.6584
99996;Obermehler;;51.27;10.5975
99998;Körner;;51.2333;10.6
